Fan,Refrigerator,AirConditioner,Television,Monitor,MotorPump,Month,City,Company,MonthlyHours,TariffRate,ElectricityBill,physics_kwh,physics_bill,ratio,target_bill,ac_kwh,temperature,cooling_degree_days,season,month_sin,month_cos,ac_ratio,high_ac_usage,total_hours,avg_hours_per_device,log_tariff,ac_temp_interaction,temp_ac_interaction,usage_intensity
16,22.0,3.0,14.0,1.0,0,6,Ahmedabad,Neueon Towers / Sujana Towers Ltd.,450,7.9,3555.0,310.5,2452.9500000000003,1.3,3555.0,135.0,38,14,2,1.2246467991473532e-16,-1.0,0.43478260869565216,1,56.0,9.333333333333334,2.186051276738094,1890.0,1890.0,15.525
9,21.0,3.0,6.0,1.0,0,2,Chennai,SJVN Ltd.,349,8.8,3071.2000000000003,267.3,2352.2400000000002,1.3,3071.2000000000003,135.0,20,0,0,0.8660254037844386,0.5000000000000001,0.5050505050505051,1,40.0,6.666666666666667,2.2823823856765264,0.0,0.0,20.56153846153846
13,22.0,3.0,6.0,1.0,0,10,New Delhi,Sterlite Power Transmission Ltd,361,8.5,3068.5,280.2,2381.7,1.2883654532476803,3068.5,135.0,28,4,3,-0.8660254037844386,0.5000000000000001,0.48179871520342615,1,45.0,7.5,2.2512917986064953,540.0,540.0,16.48235294117647
15,22.0,3.0,9.0,1.0,0,4,Mumbai,Jaiprakash Power,394,9.2,3624.8,293.4,2699.2799999999997,1.3,3624.8,135.0,30,6,1,0.8660254037844387,-0.4999999999999998,0.4601226993865031,1,50.0,8.333333333333334,2.322387720290225,810.0,810.0,15.442105263157893
8,22.0,1.0,5.0,1.0,0,10,Noida,Reliance Power,263,8.2,2156.6,176.7,1448.9399999999998,1.3,2156.6,45.0,28,4,3,-0.8660254037844386,0.5000000000000001,0.2546689303904924,0,37.0,6.166666666666667,2.2192034840549946,180.0,180.0,17.669999999999998
22,22.0,3.0,9.0,1.0,0,2,Mumbai,NHPC,405,9.2,3726.0,308.1,2834.52,1.3,3726.0,135.0,20,0,0,0.8660254037844386,0.5000000000000001,0.43816942551119764,1,57.0,9.5,2.322387720290225,0.0,0.0,11.850000000000001
8,18.0,3.0,19.0,1.0,0,11,Hyderabad,Reliance Energy,388,8.4,3259.2000000000003,290.7,2441.88,1.3,3259.2000000000003,135.0,28,4,3,-0.5000000000000004,0.8660254037844384,0.4643962848297214,1,49.0,8.166666666666666,2.2407096892759584,540.0,540.0,24.224999999999998
10,17.0,1.0,10.0,1.0,0,2,Navi Mumbai,Jaiprakash Power,243,9.3,2259.9,173.4,1612.6200000000001,1.3,2259.9,45.0,20,0,0,0.8660254037844386,0.5000000000000001,0.25951557093425603,0,39.0,6.5,2.33214389523559,0.0,0.0,14.450000000000001
15,22.0,3.0,17.0,1.0,0,2,Ahmedabad,JSW Energy Ltd.,418,7.9,3302.2000000000003,317.4,2507.46,1.3,3302.2000000000003,135.0,20,0,0,0.8660254037844386,0.5000000000000001,0.42533081285444235,1,58.0,9.666666666666666,2.186051276738094,0.0,0.0,16.705263157894734
7,17.0,3.0,14.0,1.0,0,8,Mumbai,Torrent Power Ltd.,325,9.2,2989.9999999999995,269.1,2475.72,1.2077294685990336,2989.9999999999995,135.0,32,8,2,-0.8660254037844385,-0.5000000000000004,0.5016722408026756,1,42.0,7.0,2.322387720290225,1080.0,1080.0,24.463636363636365
5,19.0,2.0,8.0,1.0,0,2,Gurgaon,Bonfiglioli Transmission Pvt. Ltd.,308,8.3,2556.4,210.9,1750.4700000000003,1.3,2556.4,90.0,20,0,0,0.8660254037844386,0.5000000000000001,0.4267425320056899,1,35.0,5.833333333333333,2.2300144001592104,0.0,0.0,26.3625
8,18.0,3.0,19.0,1.0,0,1,Ratnagiri,JSW Energy Ltd.,424,7.4,3137.6000000000004,290.7,2151.18,1.3,3137.6000000000004,135.0,20,0,0,0.49999999999999994,0.8660254037844387,0.4643962848297214,1,49.0,8.166666666666666,2.128231705849268,0.0,0.0,24.224999999999998
11,22.0,3.0,14.0,1.0,0,5,Ratnagiri,Indowind Energy,427,7.4,3159.8,300.0,2220.0,1.3,3159.8,135.0,38,14,1,0.49999999999999994,-0.8660254037844387,0.45,1,51.0,8.5,2.128231705849268,1890.0,1890.0,20.0
10,18.0,3.0,9.0,1.0,0,2,Noida,Sterlite Power Transmission Ltd,369,8.2,3025.8,264.9,2172.18,1.3,3025.8,135.0,20,0,0,0.8660254037844386,0.5000000000000001,0.5096262740656852,1,41.0,6.833333333333333,2.2192034840549946,0.0,0.0,18.92142857142857
9,23.0,2.0,5.0,1.0,0,8,Ratnagiri,Optibelt Power Transmission India Private Limited,341,7.4,2523.4,228.3,1689.42,1.3,2523.4,90.0,32,8,2,-0.8660254037844385,-0.5000000000000004,0.39421813403416556,0,40.0,6.666666666666667,2.128231705849268,720.0,720.0,19.025000000000002
23,23.0,3.0,8.0,1.0,0,6,Nagpur,Ratnagiri Gas and Power Pvt. Ltd. (RGPPL),445,8.9,3960.5,311.7,2774.13,1.3,3960.5,135.0,38,14,2,1.2246467991473532e-16,-1.0,0.4331087584215592,1,58.0,9.666666666666666,2.2925347571405443,1890.0,1890.0,11.544444444444444
8,17.0,2.0,5.0,1.0,0,12,Chennai,JSW Energy Ltd.,218,8.8,1918.4,199.2,1752.96,1.0943775100401607,1918.4,90.0,20,0,0,-2.4492935982947064e-16,1.0,0.45180722891566266,1,33.0,5.5,2.2823823856765264,0.0,0.0,18.10909090909091
5,22.0,2.0,4.0,1.0,0,11,Hyderabad,L&T Transmission & Distribution,253,8.4,2125.2000000000003,212.4,1784.16,1.1911487758945387,2125.2000000000003,90.0,28,4,3,-0.5000000000000004,0.8660254037844384,0.423728813559322,1,34.0,5.666666666666667,2.2407096892759584,360.0,360.0,26.55
7,17.0,3.0,6.0,1.0,0,6,Dahej,Jaiprakash Power,254,7.6,1930.4,245.1,1862.7599999999998,1.0363117095063241,1930.4,135.0,38,14,2,1.2246467991473532e-16,-1.0,0.5507955936352509,1,34.0,5.666666666666667,2.151762203259462,1890.0,1890.0,22.28181818181818
8,18.0,3.0,8.0,1.0,0,9,Dahej,NHPC,331,7.6,2515.6,257.7,1958.5199999999998,1.2844392704695384,2515.6,135.0,32,8,2,-1.0,-1.8369701987210297e-16,0.5238649592549476,1,38.0,6.333333333333333,2.151762203259462,1080.0,1080.0,21.474999999999998
17,22.0,3.0,4.0,1.0,0,7,Pune,Optibelt Power Transmission India Private Limited,372,9.1,3385.2,282.6,2571.6600000000003,1.3,3385.2,135.0,32,8,2,-0.4999999999999997,-0.8660254037844388,0.4777070063694267,1,47.0,7.833333333333333,2.312535423847214,1080.0,1080.0,13.457142857142859
5,19.0,2.0,4.0,1.0,0,7,Dahej,Adani Power Ltd.,236,7.6,1793.6,198.9,1511.6399999999999,1.1865258924082454,1793.6,90.0,32,8,2,-0.4999999999999997,-0.8660254037844388,0.45248868778280543,1,31.0,5.166666666666667,2.151762203259462,720.0,720.0,24.8625
16,22.0,2.0,8.0,1.0,0,8,Shimla,Toshiba Transmission & Distribution Systems (India) Pvt. Ltd.,361,7.7,2779.7000000000003,247.5,1905.75,1.3,2779.7000000000003,90.0,32,8,2,-0.8660254037844385,-0.5000000000000004,0.36363636363636365,0,49.0,8.166666666666666,2.163323025660538,720.0,720.0,13.026315789473685
9,21.0,3.0,5.0,1.0,0,4,Mumbai,Neueon Towers / Sujana Towers Ltd.,384,9.2,3532.8,264.3,2431.56,1.3,3532.8,135.0,30,6,1,0.8660254037844387,-0.4999999999999998,0.510783200908059,1,39.0,6.5,2.322387720290225,810.0,810.0,20.33076923076923
12,22.0,3.0,12.0,1.0,0,7,Nagpur,Unitech Power Transmission Ltd.,432,8.9,3844.8,296.1,2635.2900000000004,1.3,3844.8,135.0,32,8,2,-0.4999999999999997,-0.8660254037844388,0.4559270516717325,1,50.0,8.333333333333334,2.2925347571405443,1080.0,1080.0,18.50625
7,18.0,2.0,21.0,1.0,0,11,Nagpur,Adani Power Ltd.,350,8.9,3115.0,249.6,2221.44,1.3,3115.0,90.0,28,4,3,-0.5000000000000004,0.8660254037844384,0.3605769230769231,0,49.0,8.166666666666666,2.2925347571405443,360.0,360.0,24.96
9,18.0,3.0,13.0,1.0,0,3,Nagpur,Sunil Hitech Eng,341,8.9,3034.9,274.8,2445.7200000000003,1.2409024745269286,3034.9,135.0,30,6,1,1.0,6.123233995736766e-17,0.4912663755458515,1,44.0,7.333333333333333,2.2925347571405443,810.0,810.0,21.138461538461538
5,20.0,3.0,7.0,1.0,0,3,Nagpur,Ringfeder Power Transmission India Pvt. Ltd.,294,8.9,2616.6,257.4,2290.8599999999997,1.1421911421911424,2616.6,135.0,30,6,1,1.0,6.123233995736766e-17,0.5244755244755245,1,36.0,6.0,2.2925347571405443,810.0,810.0,28.599999999999998
18,22.0,3.0,12.0,1.0,0,2,New Delhi,Jaiprakash Power,431,8.5,3663.5,308.7,2623.95,1.3,3663.5,135.0,20,0,0,0.8660254037844386,0.5000000000000001,0.43731778425655976,1,56.0,9.333333333333334,2.2512917986064953,0.0,0.0,14.031818181818181
8,19.0,3.0,19.0,1.0,0,1,Gurgaon,Jaiprakash Power,431,8.3,3577.3,295.2,2450.1600000000003,1.3,3577.3,135.0,20,0,0,0.49999999999999994,0.8660254037844387,0.4573170731707317,1,50.0,8.333333333333334,2.2300144001592104,0.0,0.0,24.599999999999998
6,23.0,2.0,18.0,1.0,0,2,New Delhi,Ringfeder Power Transmission India Pvt. Ltd.,365,8.5,3102.5,261.0,2218.5,1.3,3102.5,90.0,20,0,0,0.8660254037844386,0.5000000000000001,0.3448275862068966,0,50.0,8.333333333333334,2.2512917986064953,0.0,0.0,29.0
16,23.0,2.0,7.0,1.0,0,3,New Delhi,Guj Ind Power,373,8.5,3170.5,249.0,2116.5,1.3,3170.5,90.0,30,6,1,1.0,6.123233995736766e-17,0.3614457831325301,0,49.0,8.166666666666666,2.2512917986064953,540.0,540.0,13.105263157894736
7,17.0,3.0,4.0,1.0,0,1,Chennai,NLC India,341,8.8,3000.8,239.1,2104.08,1.3,3000.8,135.0,20,0,0,0.49999999999999994,0.8660254037844387,0.5646173149309912,1,32.0,5.333333333333333,2.2823823856765264,0.0,0.0,21.736363636363635
10,22.0,3.0,8.0,1.0,0,4,Chennai,JSW Energy Ltd.,352,8.8,3097.6000000000004,279.9,2463.12,1.2575919971418366,3097.6000000000004,135.0,30,6,1,0.8660254037844387,-0.4999999999999998,0.482315112540193,1,44.0,7.333333333333333,2.2823823856765264,810.0,810.0,19.99285714285714
8,21.0,3.0,11.0,1.0,0,4,Navi Mumbai,Unitech Power Transmission Ltd.,391,9.3,3636.3,280.2,2605.86,1.3,3636.3,135.0,30,6,1,0.8660254037844387,-0.4999999999999998,0.48179871520342615,1,44.0,7.333333333333333,2.33214389523559,810.0,810.0,23.349999999999998
5,18.0,3.0,3.0,1.0,0,4,Shimla,Toshiba Transmission & Distribution Systems (India) Pvt. Ltd.,309,7.7,2379.3,236.4,1820.28,1.3,2379.3,135.0,30,6,1,0.8660254037844387,-0.4999999999999998,0.5710659898477157,1,30.0,5.0,2.163323025660538,810.0,810.0,26.266666666666666
8,17.0,3.0,9.0,1.0,0,5,Vadodara,Indowind Energy,350,7.8,2730.0,256.2,1998.36,1.3,2730.0,135.0,38,14,1,0.49999999999999994,-0.8660254037844387,0.5269320843091335,1,38.0,6.333333333333333,2.174751721484161,1890.0,1890.0,21.349999999999998
9,20.0,2.0,9.0,1.0,0,4,Chennai,Reliance Power,281,8.8,2472.8,226.8,1995.8400000000004,1.2389770723104054,2472.8,90.0,30,6,1,0.8660254037844387,-0.4999999999999998,0.3968253968253968,0,41.0,6.833333333333333,2.2823823856765264,540.0,540.0,18.900000000000002
7,22.0,3.0,7.0,1.0,0,11,Shimla,Sunil Hitech Eng,313,7.7,2410.1,270.6,2083.6200000000003,1.1566888396156687,2410.1,135.0,28,4,3,-0.5000000000000004,0.8660254037844384,0.4988913525498891,1,40.0,6.666666666666667,2.163323025660538,540.0,540.0,24.6
19,22.0,3.0,7.0,1.0,0,3,Shimla,NTPC Pvt. Ltd.,426,7.7,3280.2000000000003,295.8,2277.6600000000003,1.3,3280.2000000000003,135.0,30,6,1,1.0,6.123233995736766e-17,0.4563894523326572,1,52.0,8.666666666666666,2.163323025660538,810.0,810.0,12.860869565217392
19,22.0,3.0,8.0,1.0,0,6,Pune,Indowind Energy,428,9.1,3894.8,298.8,2719.08,1.3,3894.8,135.0,38,14,2,1.2246467991473532e-16,-1.0,0.4518072289156626,1,53.0,8.833333333333334,2.312535423847214,1890.0,1890.0,12.991304347826087
8,18.0,3.0,14.0,1.0,0,11,Navi Mumbai,Reliance Power,400,9.3,3720.000000000001,275.7,2564.01,1.3,3720.000000000001,135.0,28,4,3,-0.5000000000000004,0.8660254037844384,0.4896626768226333,1,44.0,7.333333333333333,2.33214389523559,540.0,540.0,22.974999999999998
9,18.0,3.0,3.0,7.0,0,7,Mumbai,GE T&D India Limited,353,9.2,3247.6,250.2,2301.8399999999997,1.3,3247.6,135.0,32,8,2,-0.4999999999999997,-0.8660254037844388,0.539568345323741,1,40.0,6.666666666666667,2.322387720290225,1080.0,1080.0,19.246153846153845
10,17.0,2.0,4.0,1.0,0,8,Pune,SJVN Ltd.,225,9.1,2047.5,200.4,1823.6399999999999,1.122754491017964,2047.5,90.0,32,8,2,-0.8660254037844385,-0.5000000000000004,0.4491017964071856,1,34.0,5.666666666666667,2.312535423847214,720.0,720.0,15.415384615384616
21,23.0,3.0,4.0,1.0,0,8,Shimla,Indowind Energy,436,7.7,3357.2000000000003,295.5,2275.35,1.3,3357.2000000000003,135.0,32,8,2,-0.8660254037844385,-0.5000000000000004,0.45685279187817257,1,52.0,8.666666666666666,2.163323025660538,1080.0,1080.0,11.82
15,22.0,3.0,8.0,1.0,0,9,Hyderabad,Optibelt Power Transmission India Private Limited,427,8.4,3586.8,290.4,2439.36,1.3,3586.8,135.0,32,8,2,-1.0,-1.8369701987210297e-16,0.4648760330578513,1,49.0,8.166666666666666,2.2407096892759584,1080.0,1080.0,15.284210526315789
5,17.0,3.0,22.0,1.0,0,9,New Delhi,CESC,364,8.5,3094.0,288.9,2455.6499999999996,1.2599515403253723,3094.0,135.0,32,8,2,-1.0,-1.8369701987210297e-16,0.4672897196261683,1,48.0,8.0,2.2512917986064953,1080.0,1080.0,32.099999999999994
22,22.0,3.0,3.0,1.0,0,3,Nagpur,KEC International,392,8.9,3488.8,290.1,2581.8900000000003,1.3,3488.8,135.0,30,6,1,1.0,6.123233995736766e-17,0.46535677352637017,1,51.0,8.5,2.2925347571405443,810.0,810.0,11.157692307692308
16,22.0,2.0,3.0,1.0,0,10,Navi Mumbai,Neueon Towers / Sujana Towers Ltd.,337,9.3,3134.1000000000004,232.5,2162.25,1.3,3134.1000000000004,90.0,28,4,3,-0.8660254037844386,0.5000000000000001,0.3870967741935484,0,44.0,7.333333333333333,2.33214389523559,360.0,360.0,12.236842105263158
5,22.0,3.0,13.0,1.0,0,12,Ahmedabad,Indowind Energy,409,7.9,3231.1000000000004,284.4,2246.7599999999998,1.3,3231.1000000000004,135.0,20,0,0,-2.4492935982947064e-16,1.0,0.4746835443037975,1,44.0,7.333333333333333,2.186051276738094,0.0,0.0,31.599999999999998
5,18.0,0.0,11.0,1.0,0,11,Chennai,NTPC Pvt. Ltd.,187,8.8,1645.6,125.4,1103.5200000000002,1.3,1645.6,0.0,28,4,3,-0.5000000000000004,0.8660254037844384,0.0,0,35.0,5.833333333333333,2.2823823856765264,0.0,0.0,20.900000000000002
12,23.0,3.0,9.0,1.0,0,9,Kolkata,KEC International,389,8.7,3384.3,291.6,2536.92,1.3,3384.3,135.0,32,8,2,-1.0,-1.8369701987210297e-16,0.4629629629629629,1,48.0,8.0,2.272125885509337,1080.0,1080.0,18.225
12,22.0,3.0,5.0,1.0,0,6,Gurgaon,Ringfeder Power Transmission India Pvt. Ltd.,370,8.3,3071.0000000000005,275.1,2283.3300000000004,1.3,3071.0000000000005,135.0,38,14,2,1.2246467991473532e-16,-1.0,0.4907306434023991,1,43.0,7.166666666666667,2.2300144001592104,1890.0,1890.0,17.19375
10,20.0,2.0,10.0,1.0,0,2,Vadodara,NHPC,278,7.8,2168.4,231.9,1808.82,1.1987925830099182,2168.4,90.0,20,0,0,0.8660254037844386,0.5000000000000001,0.38809831824062097,0,43.0,7.166666666666667,2.174751721484161,0.0,0.0,17.838461538461537
10,18.0,3.0,6.0,1.0,0,5,Pune,JSW Energy Ltd.,358,9.1,3257.8,255.9,2328.69,1.3,3257.8,135.0,38,14,1,0.49999999999999994,-0.8660254037844387,0.5275498241500586,1,38.0,6.333333333333333,2.312535423847214,1890.0,1890.0,18.27857142857143
8,18.0,3.0,10.0,1.0,0,11,New Delhi,GE T&D India Limited,296,8.5,2516.0,263.7,2241.45,1.1224876753886994,2516.0,135.0,28,4,3,-0.5000000000000004,0.8660254037844384,0.5119453924914676,1,40.0,6.666666666666667,2.2512917986064953,540.0,540.0,21.974999999999998
8,20.0,2.0,7.0,1.0,0,2,Vadodara,Kalpataru Power,280,7.8,2184.0,218.7,1705.86,1.2802926383173296,2184.0,90.0,20,0,0,0.8660254037844386,0.5000000000000001,0.411522633744856,1,38.0,6.333333333333333,2.174751721484161,0.0,0.0,19.88181818181818
5,18.0,2.0,22.0,1.0,0,1,Noida,Tata Power Company Ltd.,363,8.2,2976.6,248.4,2036.8799999999999,1.3,2976.6,90.0,20,0,0,0.49999999999999994,0.8660254037844387,0.36231884057971014,0,48.0,8.0,2.2192034840549946,0.0,0.0,31.05
6,21.0,2.0,7.0,1.0,0,12,Chennai,Ringfeder Power Transmission India Pvt. Ltd.,281,8.8,2472.8,219.0,1927.2,1.2831050228310503,2472.8,90.0,20,0,0,-2.4492935982947064e-16,1.0,0.410958904109589,1,37.0,6.166666666666667,2.2823823856765264,0.0,0.0,24.333333333333332
6,20.0,1.0,8.0,1.0,0,7,Faridabad,Ringfeder Power Transmission India Pvt. Ltd.,255,8.1,2065.5,172.5,1397.25,1.3,2065.5,45.0,32,8,2,-0.4999999999999997,-0.8660254037844388,0.2608695652173913,0,36.0,6.0,2.2082744135228043,360.0,360.0,21.5625
10,20.0,3.0,22.0,1.0,0,9,Gurgaon,Ratnagiri Gas and Power Pvt. Ltd. (RGPPL),449,8.3,3726.7,312.9,2597.07,1.3,3726.7,135.0,32,8,2,-1.0,-1.8369701987210297e-16,0.4314477468839885,1,56.0,9.333333333333334,2.2300144001592104,1080.0,1080.0,22.349999999999998
11,22.0,2.0,4.0,1.0,0,11,New Delhi,GE T&D India Limited,296,8.5,2516.0,225.0,1912.5,1.3,2516.0,90.0,28,4,3,-0.5000000000000004,0.8660254037844384,0.4,0,40.0,6.666666666666667,2.2512917986064953,360.0,360.0,16.071428571428573
17,22.0,2.0,8.0,1.0,0,2,Vadodara,L&T Transmission & Distribution,362,7.8,2823.6,249.6,1946.8799999999999,1.3,2823.6,90.0,20,0,0,0.8660254037844386,0.5000000000000001,0.3605769230769231,0,50.0,8.333333333333334,2.174751721484161,0.0,0.0,12.48
5,18.0,3.0,14.0,1.0,0,5,Hyderabad,JSW Energy Ltd.,383,8.4,3217.2000000000003,269.4,2262.96,1.3,3217.2000000000003,135.0,38,14,1,0.49999999999999994,-0.8660254037844387,0.5011135857461025,1,41.0,6.833333333333333,2.2407096892759584,1890.0,1890.0,29.93333333333333
8,17.0,3.0,6.0,1.0,0,7,Shimla,Jaiprakash Power,268,7.7,2063.6,247.2,1903.44,1.0841423948220064,2063.6,135.0,32,8,2,-0.4999999999999997,-0.8660254037844388,0.5461165048543689,1,35.0,5.833333333333333,2.163323025660538,1080.0,1080.0,20.599999999999998
11,22.0,3.0,18.0,1.0,0,11,Mumbai,Ratnagiri Gas and Power Pvt. Ltd. (RGPPL),443,9.2,4075.6,312.0,2870.3999999999996,1.3,4075.6,135.0,28,4,3,-0.5000000000000004,0.8660254037844384,0.4326923076923077,1,55.0,9.166666666666666,2.322387720290225,540.0,540.0,20.8
20,22.0,2.0,4.0,1.0,0,6,Ahmedabad,Neueon Towers / Sujana Towers Ltd.,361,7.9,2851.9,243.9,1926.8100000000002,1.3,2851.9,90.0,38,14,2,1.2246467991473532e-16,-1.0,0.36900369003690037,0,49.0,8.166666666666666,2.186051276738094,1260.0,1260.0,10.604347826086956
5,17.0,1.0,4.0,7.0,0,6,Nagpur,GE T&D India Limited,211,8.9,1877.9,150.3,1337.67,1.3,1877.9,45.0,38,14,2,1.2246467991473532e-16,-1.0,0.2994011976047904,0,34.0,5.666666666666667,2.2925347571405443,630.0,630.0,21.47142857142857
14,22.0,2.0,6.0,1.0,0,11,Pune,Optibelt Power Transmission India Private Limited,320,9.1,2912.0,237.3,2159.43,1.3,2912.0,90.0,28,4,3,-0.5000000000000004,0.8660254037844384,0.37926675094816686,0,45.0,7.5,2.312535423847214,360.0,360.0,13.958823529411765
10,21.0,3.0,3.0,1.0,0,11,Ratnagiri,Neueon Towers / Sujana Towers Ltd.,288,7.4,2131.2000000000003,260.4,1926.96,1.1059907834101383,2131.2000000000003,135.0,28,4,3,-0.5000000000000004,0.8660254037844384,0.5184331797235023,1,38.0,6.333333333333333,2.128231705849268,540.0,540.0,18.599999999999998
9,23.0,3.0,5.0,1.0,0,6,Navi Mumbai,GE T&D India Limited,386,9.3,3589.8,273.3,2541.6900000000005,1.3,3589.8,135.0,38,14,2,1.2246467991473532e-16,-1.0,0.49396267837541163,1,41.0,6.833333333333333,2.33214389523559,1890.0,1890.0,21.023076923076925
23,22.0,3.0,4.0,1.0,0,1,Ratnagiri,Orient Green,410,7.4,3034.0,295.2,2184.48,1.3,3034.0,135.0,20,0,0,0.49999999999999994,0.8660254037844387,0.4573170731707317,1,53.0,8.833333333333334,2.128231705849268,0.0,0.0,10.933333333333334
21,23.0,3.0,12.0,1.0,0,2,Hyderabad,Ringfeder Power Transmission India Pvt. Ltd.,478,8.4,4015.2,319.5,2683.8,1.3,4015.2,135.0,20,0,0,0.8660254037844386,0.5000000000000001,0.4225352112676056,1,60.0,10.0,2.2407096892759584,0.0,0.0,12.78
5,20.0,1.0,3.0,7.0,0,4,Ratnagiri,JSW Energy Ltd.,239,7.4,1768.6,160.8,1189.92,1.3,1768.6,45.0,30,6,1,0.8660254037844387,-0.4999999999999998,0.2798507462686567,0,36.0,6.0,2.128231705849268,270.0,270.0,22.97142857142857
8,17.0,3.0,21.0,1.0,0,1,New Delhi,Adani Power Ltd.,386,8.5,3281.0,292.2,2483.7,1.3,3281.0,135.0,20,0,0,0.49999999999999994,0.8660254037844387,0.4620123203285421,1,50.0,8.333333333333334,2.2512917986064953,0.0,0.0,24.349999999999998
5,22.0,3.0,20.0,1.0,0,4,Hyderabad,NHPC,438,8.4,3679.2,305.4,2565.36,1.3,3679.2,135.0,30,6,1,0.8660254037844387,-0.4999999999999998,0.4420432220039293,1,51.0,8.5,2.2407096892759584,810.0,810.0,33.93333333333333
5,18.0,3.0,13.0,1.0,0,10,Dahej,CESC,391,7.6,2971.6,266.4,2024.6399999999996,1.3,2971.6,135.0,28,4,3,-0.8660254037844386,0.5000000000000001,0.5067567567567568,1,40.0,6.666666666666667,2.151762203259462,540.0,540.0,29.599999999999998
18,23.0,3.0,4.0,1.0,0,9,Pune,L&T Transmission & Distribution,413,9.1,3758.3,289.2,2631.72,1.3,3758.3,135.0,32,8,2,-1.0,-1.8369701987210297e-16,0.46680497925311204,1,49.0,8.166666666666666,2.312535423847214,1080.0,1080.0,13.145454545454545
22,23.0,3.0,8.0,1.0,0,6,Vadodara,Jyoti Structure,433,7.8,3377.4,309.6,2414.88,1.3,3377.4,135.0,38,14,2,1.2246467991473532e-16,-1.0,0.4360465116279069,1,57.0,9.5,2.174751721484161,1890.0,1890.0,11.907692307692308
23,22.0,3.0,6.0,1.0,0,2,Pune,Power Grid Corp,431,9.1,3922.1,301.2,2740.9199999999996,1.3,3922.1,135.0,20,0,0,0.8660254037844386,0.5000000000000001,0.448207171314741,1,55.0,9.166666666666666,2.312535423847214,0.0,0.0,11.155555555555555
19,22.0,3.0,8.0,1.0,0,4,Dahej,GE T&D India Limited,409,7.6,3108.4,298.8,2270.88,1.3,3108.4,135.0,30,6,1,0.8660254037844387,-0.4999999999999998,0.4518072289156626,1,53.0,8.833333333333334,2.151762203259462,810.0,810.0,12.991304347826087
9,22.0,3.0,5.0,1.0,0,1,Faridabad,NTPC Pvt. Ltd.,401,8.1,3248.1,268.8,2177.28,1.3,3248.1,135.0,20,0,0,0.49999999999999994,0.8660254037844387,0.5022321428571428,1,40.0,6.666666666666667,2.2082744135228043,0.0,0.0,20.676923076923078
6,23.0,2.0,3.0,1.0,0,7,Gurgaon,Orient Green,316,8.3,2622.8,216.0,1792.8000000000002,1.3,2622.8,90.0,32,8,2,-0.4999999999999997,-0.8660254037844388,0.4166666666666667,1,35.0,5.833333333333333,2.2300144001592104,720.0,720.0,24.0
9,21.0,3.0,13.0,1.0,0,12,Dahej,Optibelt Power Transmission India Private Limited,383,7.6,2910.8,288.3,2191.08,1.3,2910.8,135.0,20,0,0,-2.4492935982947064e-16,1.0,0.46826222684703434,1,47.0,7.833333333333333,2.151762203259462,0.0,0.0,22.176923076923078
12,23.0,3.0,9.0,1.0,0,12,Chennai,Jyoti Structure,404,8.8,3555.2000000000003,291.6,2566.0800000000004,1.3,3555.2000000000003,135.0,20,0,0,-2.4492935982947064e-16,1.0,0.4629629629629629,1,48.0,8.0,2.2823823856765264,0.0,0.0,18.225
11,22.0,3.0,4.0,1.0,0,6,Pune,Kalpataru Power,340,9.1,3094.0,270.0,2457.0,1.2592592592592593,3094.0,135.0,38,14,2,1.2246467991473532e-16,-1.0,0.5,1,41.0,6.833333333333333,2.312535423847214,1890.0,1890.0,18.0
7,19.0,3.0,18.0,1.0,0,5,Faridabad,Ringfeder Power Transmission India Pvt. Ltd.,407,8.1,3296.7,290.1,2349.81,1.3,3296.7,135.0,38,14,1,0.49999999999999994,-0.8660254037844387,0.46535677352637017,1,48.0,8.0,2.2082744135228043,1890.0,1890.0,26.372727272727275
11,22.0,2.0,9.0,1.0,0,2,Noida,Reliance Energy,356,8.2,2919.2,240.0,1967.9999999999998,1.3,2919.2,90.0,20,0,0,0.8660254037844386,0.5000000000000001,0.375,0,45.0,7.5,2.2192034840549946,0.0,0.0,17.142857142857142
10,19.0,3.0,9.0,1.0,0,7,Faridabad,Neueon Towers / Sujana Towers Ltd.,381,8.1,3086.1,269.4,2182.14,1.3,3086.1,135.0,32,8,2,-0.4999999999999997,-0.8660254037844388,0.5011135857461025,1,42.0,7.0,2.2082744135228043,1080.0,1080.0,19.24285714285714
16,23.0,2.0,3.0,1.0,0,11,Mumbai,Unitech Power Transmission Ltd.,314,9.2,2888.8,237.0,2180.3999999999996,1.3,2888.8,90.0,28,4,3,-0.5000000000000004,0.8660254037844384,0.379746835443038,0,45.0,7.5,2.322387720290225,360.0,360.0,12.473684210526315
11,23.0,3.0,16.0,1.0,0,2,Navi Mumbai,Indowind Energy,391,9.3,3636.3,310.5,2887.65,1.2592592592592593,3636.3,135.0,20,0,0,0.8660254037844386,0.5000000000000001,0.43478260869565216,1,54.0,9.0,2.33214389523559,0.0,0.0,20.7
8,21.0,2.0,18.0,1.0,0,2,Mumbai,GE T&D India Limited,347,9.2,3192.4,256.2,2357.0399999999995,1.3,3192.4,90.0,20,0,0,0.8660254037844386,0.5000000000000001,0.351288056206089,0,50.0,8.333333333333334,2.322387720290225,0.0,0.0,23.29090909090909
10,20.0,3.0,12.0,1.0,0,1,Gurgaon,Sterlite Power Transmission Ltd,387,8.3,3212.1000000000004,282.9,2348.07,1.3,3212.1000000000004,135.0,20,0,0,0.49999999999999994,0.8660254037844387,0.47720042417815484,1,46.0,7.666666666666667,2.2300144001592104,0.0,0.0,20.207142857142856
15,22.0,3.0,6.0,1.0,0,9,New Delhi,Tata Power Company Ltd.,414,8.5,3519.0,284.4,2417.3999999999996,1.3,3519.0,135.0,32,8,2,-1.0,-1.8369701987210297e-16,0.4746835443037975,1,47.0,7.833333333333333,2.2512917986064953,1080.0,1080.0,14.968421052631578
8,18.0,2.0,5.0,1.0,0,3,Ahmedabad,Kalpataru Power,290,7.9,2291.0,203.7,1609.23,1.3,2291.0,90.0,30,6,1,1.0,6.123233995736766e-17,0.44182621502209135,1,34.0,5.666666666666667,2.186051276738094,540.0,540.0,18.518181818181816
6,17.0,3.0,13.0,1.0,0,12,Nagpur,GE T&D India Limited,331,8.9,2945.9,264.0,2349.6,1.253787878787879,2945.9,135.0,20,0,0,-2.4492935982947064e-16,1.0,0.5113636363636364,1,40.0,6.666666666666667,2.2925347571405443,0.0,0.0,26.4
9,19.0,3.0,3.0,1.0,0,3,Mumbai,Bonfiglioli Transmission Pvt. Ltd.,353,9.2,3247.6,249.3,2293.56,1.3,3247.6,135.0,30,6,1,1.0,6.123233995736766e-17,0.5415162454873645,1,35.0,5.833333333333333,2.322387720290225,810.0,810.0,19.176923076923078
10,19.0,3.0,5.0,7.0,0,2,Nagpur,Sterlite Power Transmission Ltd,390,8.9,3471.0,262.8,2338.92,1.3,3471.0,135.0,20,0,0,0.8660254037844386,0.5000000000000001,0.5136986301369862,1,44.0,7.333333333333333,2.2925347571405443,0.0,0.0,18.771428571428572
8,18.0,1.0,7.0,1.0,0,12,New Delhi,NHPC,212,8.5,1802.0,164.7,1399.9499999999998,1.2871888281724349,1802.0,45.0,20,0,0,-2.4492935982947064e-16,1.0,0.273224043715847,0,35.0,5.833333333333333,2.2512917986064953,0.0,0.0,16.47
5,19.0,2.0,7.0,1.0,0,1,Gurgaon,"Maha Transco – Maharashtra State Electricity Transmission Co, Ltd.",256,8.3,2124.8,207.9,1725.5700000000002,1.2313612313612314,2124.8,90.0,20,0,0,0.49999999999999994,0.8660254037844387,0.4329004329004329,1,34.0,5.666666666666667,2.2300144001592104,0.0,0.0,25.9875
6,19.0,2.0,9.0,1.0,0,2,Ahmedabad,SJVN Ltd.,301,7.9,2377.9,216.0,1706.4,1.3,2377.9,90.0,20,0,0,0.8660254037844386,0.5000000000000001,0.4166666666666667,1,37.0,6.166666666666667,2.186051276738094,0.0,0.0,24.0
5,19.0,2.0,5.0,7.0,0,4,Ratnagiri,Toshiba Transmission & Distribution Systems (India) Pvt. Ltd.,280,7.4,2072.0,207.3,1534.0200000000002,1.3,2072.0,90.0,30,6,1,0.8660254037844387,-0.4999999999999998,0.4341534008683068,1,38.0,6.333333333333333,2.128231705849268,540.0,540.0,25.9125
10,17.0,3.0,20.0,1.0,0,8,New Delhi,Sunil Hitech Eng,424,8.5,3604.0,293.4,2493.8999999999996,1.3,3604.0,135.0,32,8,2,-0.8660254037844385,-0.5000000000000004,0.4601226993865031,1,51.0,8.5,2.2512917986064953,1080.0,1080.0,20.957142857142856
6,23.0,3.0,18.0,1.0,0,5,Nagpur,Reliance Energy,442,8.9,3933.8,306.0,2723.4,1.3,3933.8,135.0,38,14,1,0.49999999999999994,-0.8660254037844387,0.4411764705882353,1,51.0,8.5,2.2925347571405443,1890.0,1890.0,30.6
16,23.0,3.0,6.0,1.0,0,10,Nagpur,GE T&D India Limited,412,8.9,3666.8,291.0,2589.9,1.3,3666.8,135.0,28,4,3,-0.8660254037844386,0.5000000000000001,0.4639175257731959,1,49.0,8.166666666666666,2.2925347571405443,540.0,540.0,14.55
10,18.0,3.0,22.0,1.0,0,2,Vadodara,Optibelt Power Transmission India Private Limited,437,7.8,3408.6,303.9,2370.4199999999996,1.3,3408.6,135.0,20,0,0,0.8660254037844386,0.5000000000000001,0.4442250740375124,1,54.0,9.0,2.174751721484161,0.0,0.0,21.707142857142856
8,20.0,1.0,5.0,1.0,0,11,Shimla,NLC India,216,7.7,1663.2,167.7,1291.29,1.2880143112701252,1663.2,45.0,28,4,3,-0.5000000000000004,0.8660254037844384,0.2683363148479428,0,35.0,5.833333333333333,2.163323025660538,180.0,180.0,16.77
19,22.0,3.0,7.0,1.0,0,4,Nagpur,Ratnagiri Gas and Power Pvt. Ltd. (RGPPL),384,8.9,3417.6000000000004,295.8,2632.6200000000003,1.2981744421906694,3417.6000000000004,135.0,30,6,1,0.8660254037844387,-0.4999999999999998,0.4563894523326572,1,52.0,8.666666666666666,2.2925347571405443,810.0,810.0,12.860869565217392
5,19.0,3.0,15.0,1.0,0,10,Navi Mumbai,NHPC,356,9.3,3310.8,276.9,2575.17,1.2856626941133984,3310.8,135.0,28,4,3,-0.8660254037844386,0.5000000000000001,0.48754062838569884,1,43.0,7.166666666666667,2.33214389523559,540.0,540.0,30.766666666666666
9,19.0,3.0,17.0,1.0,0,7,Pune,NTPC Pvt. Ltd.,396,9.1,3603.6,291.3,2650.83,1.3,3603.6,135.0,32,8,2,-0.4999999999999997,-0.8660254037844388,0.4634397528321318,1,49.0,8.166666666666666,2.312535423847214,1080.0,1080.0,22.407692307692308
10,19.0,2.0,12.0,1.0,0,6,Pune,Power Grid Corp,301,9.1,2739.1,233.4,2123.94,1.289631533847472,2739.1,90.0,38,14,2,1.2246467991473532e-16,-1.0,0.3856041131105398,0,44.0,7.333333333333333,2.312535423847214,1260.0,1260.0,17.953846153846154
10,18.0,3.0,16.0,1.0,0,5,Nagpur,GE T&D India Limited,405,8.9,3604.5,285.9,2544.5099999999998,1.3,3604.5,135.0,38,14,1,0.49999999999999994,-0.8660254037844387,0.472193074501574,1,48.0,8.0,2.2925347571405443,1890.0,1890.0,20.42142857142857
20,22.0,3.0,6.0,1.0,0,5,Hyderabad,Toshiba Transmission & Distribution Systems (India) Pvt. Ltd.,414,8.4,3477.6000000000004,294.9,2477.16,1.3,3477.6000000000004,135.0,38,14,1,0.49999999999999994,-0.8660254037844387,0.45778229908443546,1,52.0,8.666666666666666,2.2407096892759584,1890.0,1890.0,12.2875
13,22.0,2.0,3.0,1.0,0,11,Dahej,CESC,318,7.6,2416.8,226.2,1719.12,1.3,2416.8,90.0,28,4,3,-0.5000000000000004,0.8660254037844384,0.3978779840848807,0,41.0,6.833333333333333,2.151762203259462,360.0,360.0,14.1375
11,22.0,2.0,11.0,1.0,0,7,Gurgaon,Neueon Towers / Sujana Towers Ltd.,361,8.3,2996.3,246.0,2041.8000000000002,1.3,2996.3,90.0,32,8,2,-0.4999999999999997,-0.8660254037844388,0.36585365853658536,0,47.0,7.833333333333333,2.2300144001592104,720.0,720.0,17.571428571428573
10,20.0,2.0,22.0,1.0,0,2,Shimla,Jaiprakash Power,373,7.7,2872.1,267.9,2062.83,1.3,2872.1,90.0,20,0,0,0.8660254037844386,0.5000000000000001,0.335946248600224,0,55.0,9.166666666666666,2.163323025660538,0.0,0.0,20.607692307692307
17,23.0,3.0,16.0,1.0,0,4,New Delhi,KEC International,469,8.5,3986.5,323.1,2746.3500000000004,1.3,3986.5,135.0,30,6,1,0.8660254037844387,-0.4999999999999998,0.41782729805013924,1,60.0,10.0,2.2512917986064953,810.0,810.0,15.385714285714286
6,18.0,3.0,21.0,1.0,0,11,Mumbai,Orient Green,406,9.2,3735.2,292.5,2691.0,1.3,3735.2,135.0,28,4,3,-0.5000000000000004,0.8660254037844384,0.46153846153846156,1,49.0,8.166666666666666,2.322387720290225,540.0,540.0,29.25
10,17.0,2.0,12.0,1.0,0,3,Nagpur,Jyoti Structure,295,8.9,2625.5,224.4,1997.16,1.3,2625.5,90.0,30,6,1,1.0,6.123233995736766e-17,0.40106951871657753,1,42.0,7.0,2.2925347571405443,540.0,540.0,17.26153846153846
5,18.0,3.0,14.0,1.0,0,10,Noida,Jyoti Structure,403,8.2,3304.6,269.4,2209.0799999999995,1.3,3304.6,135.0,28,4,3,-0.8660254037844386,0.5000000000000001,0.5011135857461025,1,41.0,6.833333333333333,2.2192034840549946,540.0,540.0,29.93333333333333
9,21.0,3.0,15.0,1.0,0,6,Mumbai,Neueon Towers / Sujana Towers Ltd.,399,9.2,3670.8,294.3,2707.56,1.3,3670.8,135.0,38,14,2,1.2246467991473532e-16,-1.0,0.4587155963302752,1,49.0,8.166666666666666,2.322387720290225,1890.0,1890.0,22.638461538461538
5,17.0,2.0,8.0,1.0,0,10,Noida,Orient Green,258,8.2,2115.6,201.9,1655.58,1.2778603268945021,2115.6,90.0,28,4,3,-0.8660254037844386,0.5000000000000001,0.44576523031203563,1,33.0,5.5,2.2192034840549946,360.0,360.0,25.2375
17,22.0,2.0,4.0,1.0,0,10,Shimla,Kalpataru Power,347,7.7,2671.9,237.6,1829.52,1.3,2671.9,90.0,28,4,3,-0.8660254037844386,0.5000000000000001,0.3787878787878788,0,46.0,7.666666666666667,2.163323025660538,360.0,360.0,11.879999999999999
10,21.0,3.0,10.0,1.0,0,4,Vadodara,Ringfeder Power Transmission India Pvt. Ltd.,355,7.8,2769.0,281.4,2194.9199999999996,1.2615493958777544,2769.0,135.0,30,6,1,0.8660254037844387,-0.4999999999999998,0.4797441364605544,1,45.0,7.5,2.174751721484161,810.0,810.0,20.099999999999998
9,22.0,3.0,6.0,1.0,0,7,Gurgaon,NHPC,358,8.3,2971.4,271.8,2255.9400000000005,1.3,2971.4,135.0,32,8,2,-0.4999999999999997,-0.8660254037844388,0.4966887417218543,1,41.0,6.833333333333333,2.2300144001592104,1080.0,1080.0,20.907692307692308
10,17.0,2.0,6.0,7.0,0,2,Navi Mumbai,Sterlite Power Transmission Ltd,274,9.3,2548.2000000000003,211.8,1969.7400000000002,1.2936732766761094,2548.2000000000003,90.0,20,0,0,0.8660254037844386,0.5000000000000001,0.4249291784702549,1,42.0,7.0,2.33214389523559,0.0,0.0,16.292307692307695
23,22.0,2.0,12.0,1.0,0,2,Chennai,Sterlite Power Transmission Ltd,407,8.8,3581.6000000000004,274.2,2412.96,1.3,3581.6000000000004,90.0,20,0,0,0.8660254037844386,0.5000000000000001,0.3282275711159738,0,60.0,10.0,2.2823823856765264,0.0,0.0,10.546153846153846
13,22.0,3.0,4.0,1.0,0,5,Kolkata,Reliance Power,343,8.7,2984.1,274.2,2385.5399999999995,1.2509117432531,2984.1,135.0,38,14,1,0.49999999999999994,-0.8660254037844387,0.4923413566739606,1,43.0,7.166666666666667,2.272125885509337,1890.0,1890.0,16.129411764705882
12,22.0,3.0,12.0,1.0,0,5,Hyderabad,Neueon Towers / Sujana Towers Ltd.,433,8.4,3637.2,296.1,2487.2400000000002,1.3,3637.2,135.0,38,14,1,0.49999999999999994,-0.8660254037844387,0.4559270516717325,1,50.0,8.333333333333334,2.2407096892759584,1890.0,1890.0,18.50625
7,23.0,3.0,4.0,1.0,0,8,Gurgaon,Neueon Towers / Sujana Towers Ltd.,331,8.3,2747.3,266.1,2208.6300000000006,1.2438932732055616,2747.3,135.0,32,8,2,-0.8660254037844385,-0.5000000000000004,0.5073280721533258,1,38.0,6.333333333333333,2.2300144001592104,1080.0,1080.0,24.19090909090909
14,23.0,3.0,11.0,1.0,0,7,Navi Mumbai,Toshiba Transmission & Distribution Systems (India) Pvt. Ltd.,429,9.3,3989.7,301.8,2806.7400000000002,1.3,3989.7,135.0,32,8,2,-0.4999999999999997,-0.8660254037844388,0.44731610337972166,1,52.0,8.666666666666666,2.33214389523559,1080.0,1080.0,16.766666666666666
5,17.0,3.0,3.0,1.0,0,12,Dahej,SJVN Ltd.,297,7.6,2257.2,231.9,1762.44,1.2807244501940491,2257.2,135.0,20,0,0,-2.4492935982947064e-16,1.0,0.5821474773609314,1,29.0,4.833333333333333,2.151762203259462,0.0,0.0,25.766666666666666
12,22.0,3.0,22.0,1.0,0,9,Faridabad,"Maha Transco – Maharashtra State Electricity Transmission Co, Ltd.",479,8.1,3879.9,326.1,2641.41,1.3,3879.9,135.0,32,8,2,-1.0,-1.8369701987210297e-16,0.41398344066237347,1,60.0,10.0,2.2082744135228043,1080.0,1080.0,20.38125
5,23.0,2.0,14.0,1.0,0,8,Faridabad,Power Grid Corp,365,8.1,2956.5,246.9,1999.8899999999999,1.3,2956.5,90.0,32,8,2,-0.8660254037844385,-0.5000000000000004,0.3645200486026731,0,45.0,7.5,2.2082744135228043,720.0,720.0,30.8625
10,21.0,3.0,3.0,1.0,0,8,Chennai,Ringfeder Power Transmission India Pvt. Ltd.,371,8.8,3264.8,260.4,2291.52,1.3,3264.8,135.0,32,8,2,-0.8660254037844385,-0.5000000000000004,0.5184331797235023,1,38.0,6.333333333333333,2.2823823856765264,1080.0,1080.0,18.599999999999998
10,17.0,3.0,4.0,1.0,0,11,Hyderabad,SJVN Ltd.,269,8.4,2259.6,245.4,2061.36,1.0961695191524041,2259.6,135.0,28,4,3,-0.5000000000000004,0.8660254037844384,0.5501222493887531,1,35.0,5.833333333333333,2.2407096892759584,540.0,540.0,17.52857142857143
6,21.0,3.0,14.0,1.0,0,1,New Delhi,SJVN Ltd.,408,8.5,3468.0,285.0,2422.5,1.3,3468.0,135.0,20,0,0,0.49999999999999994,0.8660254037844387,0.47368421052631576,1,45.0,7.5,2.2512917986064953,0.0,0.0,28.5
11,22.0,2.0,13.0,1.0,0,2,Navi Mumbai,Ratnagiri Gas and Power Pvt. Ltd. (RGPPL),374,9.3,3478.2000000000003,252.0,2343.6000000000004,1.3,3478.2000000000003,90.0,20,0,0,0.8660254037844386,0.5000000000000001,0.35714285714285715,0,49.0,8.166666666666666,2.33214389523559,0.0,0.0,18.0
5,20.0,2.0,16.0,1.0,0,3,Chennai,Jaiprakash Power,358,8.8,3150.4,239.4,2106.7200000000003,1.3,3150.4,90.0,30,6,1,1.0,6.123233995736766e-17,0.37593984962406013,0,44.0,7.333333333333333,2.2823823856765264,540.0,540.0,29.925
8,20.0,3.0,15.0,1.0,0,8,Ratnagiri,JSW Energy Ltd.,385,7.4,2849.0,287.7,2128.98,1.3,2849.0,135.0,32,8,2,-0.8660254037844385,-0.5000000000000004,0.46923879040667366,1,47.0,7.833333333333333,2.128231705849268,1080.0,1080.0,23.974999999999998
6,19.0,3.0,7.0,7.0,0,11,Vadodara,Orient Green,349,7.8,2722.2,260.4,2031.1199999999997,1.3,2722.2,135.0,28,4,3,-0.5000000000000004,0.8660254037844384,0.5184331797235023,1,42.0,7.0,2.174751721484161,540.0,540.0,26.04
5,23.0,3.0,10.0,1.0,0,3,Nagpur,Sunil Hitech Eng,406,8.9,3613.4,279.9,2491.1099999999997,1.3,3613.4,135.0,30,6,1,1.0,6.123233995736766e-17,0.482315112540193,1,42.0,7.0,2.2925347571405443,810.0,810.0,31.099999999999998
6,22.0,3.0,15.0,1.0,0,5,Noida,Unitech Power Transmission Ltd.,421,8.2,3452.2,292.5,2398.5,1.3,3452.2,135.0,38,14,1,0.49999999999999994,-0.8660254037844387,0.46153846153846156,1,47.0,7.833333333333333,2.2192034840549946,1890.0,1890.0,29.25
10,17.0,3.0,14.0,1.0,0,3,Ahmedabad,"Maha Transco – Maharashtra State Electricity Transmission Co, Ltd.",372,7.9,2938.8,275.4,2175.66,1.3,2938.8,135.0,30,6,1,1.0,6.123233995736766e-17,0.4901960784313726,1,45.0,7.5,2.186051276738094,810.0,810.0,19.67142857142857
13,22.0,2.0,3.0,1.0,0,12,Noida,SJVN Ltd.,313,8.2,2566.6,226.2,1854.8399999999997,1.3,2566.6,90.0,20,0,0,-2.4492935982947064e-16,1.0,0.3978779840848807,0,41.0,6.833333333333333,2.2192034840549946,0.0,0.0,14.1375
6,17.0,2.0,8.0,1.0,0,5,Gurgaon,Unitech Power Transmission Ltd.,230,8.3,1909.0,204.0,1693.2,1.1274509803921569,1909.0,90.0,38,14,1,0.49999999999999994,-0.8660254037844387,0.4411764705882353,1,34.0,5.666666666666667,2.2300144001592104,1260.0,1260.0,22.666666666666668
9,19.0,3.0,14.0,1.0,0,4,Dahej,Tata Power Company Ltd.,402,7.6,3055.2,282.3,2145.48,1.3,3055.2,135.0,30,6,1,0.8660254037844387,-0.4999999999999998,0.4782146652497343,1,46.0,7.666666666666667,2.151762203259462,810.0,810.0,21.715384615384615
9,17.0,3.0,20.0,1.0,0,4,Dahej,KEC International,378,7.6,2872.8,291.3,2213.88,1.297631307929969,2872.8,135.0,30,6,1,0.8660254037844387,-0.4999999999999998,0.4634397528321318,1,50.0,8.333333333333334,2.151762203259462,810.0,810.0,22.407692307692308
8,19.0,2.0,11.0,1.0,0,1,Chennai,Jyoti Structure,300,8.8,2640.0,226.2,1990.5600000000002,1.3,2640.0,90.0,20,0,0,0.49999999999999994,0.8660254037844387,0.3978779840848807,0,41.0,6.833333333333333,2.2823823856765264,0.0,0.0,20.563636363636363
5,18.0,1.0,4.0,1.0,0,7,Pune,Toshiba Transmission & Distribution Systems (India) Pvt. Ltd.,208,9.1,1892.8,149.4,1359.54,1.3,1892.8,45.0,32,8,2,-0.4999999999999997,-0.8660254037844388,0.3012048192771084,0,29.0,4.833333333333333,2.312535423847214,360.0,360.0,21.342857142857145
5,18.0,2.0,8.0,1.0,0,2,Shimla,L&T Transmission & Distribution,305,7.7,2348.5,206.4,1589.28,1.3,2348.5,90.0,20,0,0,0.8660254037844386,0.5000000000000001,0.436046511627907,1,34.0,5.666666666666667,2.163323025660538,0.0,0.0,25.8
9,18.0,3.0,9.0,1.0,0,10,Shimla,Unitech Power Transmission Ltd.,390,7.7,3003.0,262.8,2023.5600000000002,1.3,3003.0,135.0,28,4,3,-0.8660254037844386,0.5000000000000001,0.5136986301369862,1,40.0,6.666666666666667,2.163323025660538,540.0,540.0,20.215384615384615
8,17.0,2.0,5.0,1.0,0,8,Pune,KEC International,288,9.1,2620.8,199.2,1812.7199999999998,1.3,2620.8,90.0,32,8,2,-0.8660254037844385,-0.5000000000000004,0.45180722891566266,1,33.0,5.5,2.312535423847214,720.0,720.0,18.10909090909091
7,21.0,1.0,5.0,7.0,0,2,Ahmedabad,NLC India,258,7.9,2038.2,175.5,1386.45,1.3,2038.2,45.0,20,0,0,0.8660254037844386,0.5000000000000001,0.2564102564102564,0,41.0,6.833333333333333,2.186051276738094,0.0,0.0,19.5
13,23.0,1.0,10.0,1.0,0,2,New Delhi,"Maha Transco – Maharashtra State Electricity Transmission Co, Ltd.",293,8.5,2490.5,206.7,1756.9499999999998,1.3,2490.5,45.0,20,0,0,0.8660254037844386,0.5000000000000001,0.2177068214804064,0,48.0,8.0,2.2512917986064953,0.0,0.0,13.78
9,18.0,3.0,3.0,1.0,0,2,New Delhi,Sterlite Power Transmission Ltd,336,8.5,2856.0,244.8,2080.8,1.3,2856.0,135.0,20,0,0,0.8660254037844386,0.5000000000000001,0.551470588235294,1,34.0,5.666666666666667,2.2512917986064953,0.0,0.0,18.83076923076923
7,22.0,3.0,3.0,1.0,0,6,Hyderabad,Power Grid Corp,367,8.4,3082.8,258.6,2172.2400000000002,1.3,3082.8,135.0,38,14,2,1.2246467991473532e-16,-1.0,0.5220417633410672,1,36.0,6.0,2.2407096892759584,1890.0,1890.0,23.50909090909091
9,17.0,3.0,18.0,7.0,0,11,Kolkata,Optibelt Power Transmission India Private Limited,424,8.7,3688.8,290.7,2529.0899999999997,1.3,3688.8,135.0,28,4,3,-0.5000000000000004,0.8660254037844384,0.4643962848297214,1,54.0,9.0,2.272125885509337,540.0,540.0,22.361538461538462
15,22.0,3.0,5.0,1.0,0,5,Shimla,Sunil Hitech Eng,359,7.7,2764.3,281.4,2166.7799999999997,1.275764036958067,2764.3,135.0,38,14,1,0.49999999999999994,-0.8660254037844387,0.4797441364605544,1,46.0,7.666666666666667,2.163323025660538,1890.0,1890.0,14.810526315789472
18,22.0,2.0,11.0,1.0,0,6,Hyderabad,"Maha Transco – Maharashtra State Electricity Transmission Co, Ltd.",389,8.4,3267.6000000000004,260.7,2189.88,1.3,3267.6000000000004,90.0,38,14,2,1.2246467991473532e-16,-1.0,0.34522439585730724,0,54.0,9.0,2.2407096892759584,1260.0,1260.0,12.414285714285715
6,20.0,2.0,5.0,1.0,0,9,Noida,Jaiprakash Power,243,8.2,1992.6,208.5,1709.6999999999998,1.1654676258992807,1992.6,90.0,32,8,2,-1.0,-1.8369701987210297e-16,0.4316546762589928,1,34.0,5.666666666666667,2.2192034840549946,720.0,720.0,23.166666666666668
7,19.0,2.0,17.0,1.0,0,9,Gurgaon,L&T Transmission & Distribution,333,8.3,2763.9,242.1,2009.43,1.3,2763.9,90.0,32,8,2,-1.0,-1.8369701987210297e-16,0.3717472118959108,0,46.0,7.666666666666667,2.2300144001592104,720.0,720.0,24.21
10,17.0,3.0,3.0,1.0,0,9,Ahmedabad,SJVN Ltd.,228,7.9,1801.2,242.4,1914.96,0.9405940594059407,1801.2,135.0,32,8,2,-1.0,-1.8369701987210297e-16,0.5569306930693069,1,34.0,5.666666666666667,2.186051276738094,1080.0,1080.0,17.314285714285713
13,23.0,3.0,5.0,1.0,0,12,Pune,JSW Energy Ltd.,368,9.1,3348.8,281.7,2563.47,1.3,3348.8,135.0,20,0,0,-2.4492935982947064e-16,1.0,0.4792332268370607,1,45.0,7.5,2.312535423847214,0.0,0.0,16.570588235294117
8,17.0,2.0,11.0,1.0,0,5,Gurgaon,Orient Green,296,8.3,2456.8,217.2,1802.76,1.3,2456.8,90.0,38,14,1,0.49999999999999994,-0.8660254037844387,0.4143646408839779,1,39.0,6.5,2.2300144001592104,1260.0,1260.0,19.745454545454546
8,23.0,1.0,15.0,1.0,0,2,Noida,Optibelt Power Transmission India Private Limited,310,8.2,2542.0,211.2,1731.8399999999997,1.3,2542.0,45.0,20,0,0,0.8660254037844386,0.5000000000000001,0.21306818181818182,0,48.0,8.0,2.2192034840549946,0.0,0.0,21.119999999999997
10,17.0,3.0,8.0,1.0,0,9,Gurgaon,NTPC Pvt. Ltd.,308,8.3,2556.4,257.4,2136.42,1.1965811965811965,2556.4,135.0,32,8,2,-1.0,-1.8369701987210297e-16,0.5244755244755245,1,39.0,6.5,2.2300144001592104,1080.0,1080.0,18.385714285714283
7,22.0,2.0,4.0,1.0,0,12,Faridabad,Sunil Hitech Eng,311,8.1,2519.1,216.6,1754.4599999999998,1.3,2519.1,90.0,20,0,0,-2.4492935982947064e-16,1.0,0.41551246537396125,1,36.0,6.0,2.2082744135228043,0.0,0.0,21.66
8,20.0,3.0,5.0,7.0,0,4,Pune,Power Grid Corp,375,9.1,3412.5,263.1,2394.21,1.3,3412.5,135.0,30,6,1,0.8660254037844387,-0.4999999999999998,0.5131128848346636,1,43.0,7.166666666666667,2.312535423847214,810.0,810.0,21.925
9,18.0,3.0,5.0,1.0,0,10,Pune,NLC India,317,9.1,2884.7,250.8,2282.28,1.263955342902711,2884.7,135.0,28,4,3,-0.8660254037844386,0.5000000000000001,0.5382775119617225,1,36.0,6.0,2.312535423847214,540.0,540.0,19.292307692307695
17,22.0,3.0,10.0,1.0,0,2,Noida,Guj Ind Power,397,8.2,3255.4,300.6,2464.92,1.3,3255.4,135.0,20,0,0,0.8660254037844386,0.5000000000000001,0.4491017964071856,1,53.0,8.833333333333334,2.2192034840549946,0.0,0.0,14.314285714285715
21,23.0,3.0,4.0,1.0,0,2,Dahej,Power Grid Corp,345,7.6,2622.0,295.5,2245.7999999999997,1.1675126903553301,2622.0,135.0,20,0,0,0.8660254037844386,0.5000000000000001,0.45685279187817257,1,52.0,8.666666666666666,2.151762203259462,0.0,0.0,11.82
12,22.0,3.0,7.0,1.0,0,2,Pune,NLC India,354,9.1,3221.4,281.1,2558.01,1.2593383137673426,3221.4,135.0,20,0,0,0.8660254037844386,0.5000000000000001,0.48025613660618993,1,45.0,7.5,2.312535423847214,0.0,0.0,17.56875
10,21.0,3.0,13.0,1.0,0,1,Faridabad,TransRail Lighting,405,8.1,3280.5,290.4,2352.24,1.3,3280.5,135.0,20,0,0,0.49999999999999994,0.8660254037844387,0.4648760330578513,1,48.0,8.0,2.2082744135228043,0.0,0.0,20.74285714285714
5,18.0,2.0,12.0,1.0,0,8,Gurgaon,Guj Ind Power,269,8.3,2232.7000000000003,218.4,1812.7200000000003,1.2316849816849818,2232.7000000000003,90.0,32,8,2,-0.8660254037844385,-0.5000000000000004,0.41208791208791207,1,38.0,6.333333333333333,2.2300144001592104,720.0,720.0,27.3
6,17.0,2.0,16.0,1.0,0,6,Chennai,Torrent Power Ltd.,303,8.8,2666.4,228.0,2006.4,1.3,2666.4,90.0,38,14,2,1.2246467991473532e-16,-1.0,0.39473684210526316,0,42.0,7.0,2.2823823856765264,1260.0,1260.0,25.333333333333332
8,18.0,3.0,3.0,7.0,0,7,Faridabad,Kalpataru Power,299,8.1,2421.9,248.1,2009.61,1.2051592099959694,2421.9,135.0,32,8,2,-0.4999999999999997,-0.8660254037844388,0.5441354292623942,1,39.0,6.5,2.2082744135228043,1080.0,1080.0,20.675
5,20.0,2.0,19.0,1.0,0,9,Nagpur,KEC International,350,8.9,3115.0,248.4,2210.76,1.3,3115.0,90.0,32,8,2,-1.0,-1.8369701987210297e-16,0.36231884057971014,0,47.0,7.833333333333333,2.2925347571405443,720.0,720.0,31.05
13,22.0,2.0,8.0,1.0,0,6,Hyderabad,Ratnagiri Gas and Power Pvt. Ltd. (RGPPL),351,8.4,2948.4,241.2,2026.08,1.3,2948.4,90.0,38,14,2,1.2246467991473532e-16,-1.0,0.373134328358209,0,46.0,7.666666666666667,2.2407096892759584,1260.0,1260.0,15.075
9,18.0,3.0,20.0,1.0,0,2,Gurgaon,Power Grid Corp,366,8.3,3037.8,295.8,2455.1400000000003,1.2373225152129816,3037.8,135.0,20,0,0,0.8660254037844386,0.5000000000000001,0.4563894523326572,1,51.0,8.5,2.2300144001592104,0.0,0.0,22.753846153846155
8,17.0,3.0,17.0,1.0,0,7,Vadodara,Unitech Power Transmission Ltd.,374,7.8,2917.2,280.2,2185.56,1.3,2917.2,135.0,32,8,2,-0.4999999999999997,-0.8660254037844388,0.48179871520342615,1,46.0,7.666666666666667,2.174751721484161,1080.0,1080.0,23.349999999999998
6,19.0,3.0,10.0,1.0,0,2,Nagpur,Torrent Power Ltd.,392,8.9,3488.8,264.0,2349.6,1.3,3488.8,135.0,20,0,0,0.8660254037844386,0.5000000000000001,0.5113636363636364,1,39.0,6.5,2.2925347571405443,0.0,0.0,26.4
15,22.0,3.0,8.0,1.0,0,9,Faridabad,NLC India,417,8.1,3377.7,290.4,2352.24,1.3,3377.7,135.0,32,8,2,-1.0,-1.8369701987210297e-16,0.4648760330578513,1,49.0,8.166666666666666,2.2082744135228043,1080.0,1080.0,15.284210526315789
23,23.0,3.0,3.0,1.0,0,7,Navi Mumbai,Reliance Power,439,9.3,4082.7,296.7,2759.31,1.3,4082.7,135.0,32,8,2,-0.4999999999999997,-0.8660254037844388,0.45500505561172905,1,53.0,8.833333333333334,2.33214389523559,1080.0,1080.0,10.988888888888889
8,17.0,3.0,5.0,1.0,0,12,Vadodara,Unitech Power Transmission Ltd.,253,7.8,1973.4,244.2,1904.7599999999998,1.0360360360360361,1973.4,135.0,20,0,0,-2.4492935982947064e-16,1.0,0.5528255528255529,1,34.0,5.666666666666667,2.174751721484161,0.0,0.0,20.349999999999998
14,23.0,3.0,15.0,1.0,0,9,Dahej,Ringfeder Power Transmission India Pvt. Ltd.,459,7.6,3488.4,313.8,2384.88,1.3,3488.4,135.0,32,8,2,-1.0,-1.8369701987210297e-16,0.43021032504780116,1,56.0,9.333333333333334,2.151762203259462,1080.0,1080.0,17.433333333333334
20,23.0,3.0,3.0,1.0,0,2,Nagpur,Ringfeder Power Transmission India Pvt. Ltd.,354,8.9,3150.6,290.4,2584.56,1.21900826446281,3150.6,135.0,20,0,0,0.8660254037844386,0.5000000000000001,0.4648760330578513,1,50.0,8.333333333333334,2.2925347571405443,0.0,0.0,12.1
5,18.0,3.0,15.0,1.0,0,11,Kolkata,Kalpataru Power,368,8.7,3201.6,272.4,2369.8799999999997,1.3,3201.6,135.0,28,4,3,-0.5000000000000004,0.8660254037844384,0.4955947136563877,1,42.0,7.0,2.272125885509337,540.0,540.0,30.266666666666666
5,19.0,1.0,3.0,1.0,0,10,New Delhi,Sterlite Power Transmission Ltd,187,8.5,1589.5,150.9,1282.65,1.2392312789927102,1589.5,45.0,28,4,3,-0.8660254037844386,0.5000000000000001,0.2982107355864811,0,29.0,4.833333333333333,2.2512917986064953,180.0,180.0,21.557142857142857
7,18.0,3.0,16.0,1.0,0,7,Pune,Toshiba Transmission & Distribution Systems (India) Pvt. Ltd.,402,9.1,3658.2,279.6,2544.36,1.3,3658.2,135.0,32,8,2,-0.4999999999999997,-0.8660254037844388,0.48283261802575106,1,45.0,7.5,2.312535423847214,1080.0,1080.0,25.41818181818182
5,22.0,2.0,8.0,1.0,0,11,Dahej,L&T Transmission & Distribution,307,7.6,2333.2,224.4,1705.44,1.3,2333.2,90.0,28,4,3,-0.5000000000000004,0.8660254037844384,0.40106951871657753,1,38.0,6.333333333333333,2.151762203259462,360.0,360.0,28.05
10,21.0,3.0,14.0,1.0,0,11,New Delhi,Power Grid Corp,433,8.5,3680.5,293.4,2493.8999999999996,1.3,3680.5,135.0,28,4,3,-0.5000000000000004,0.8660254037844384,0.4601226993865031,1,49.0,8.166666666666666,2.2512917986064953,540.0,540.0,20.957142857142856
15,23.0,3.0,9.0,1.0,0,10,Dahej,Kalpataru Power,432,7.6,3283.2,297.9,2264.0399999999995,1.3,3283.2,135.0,28,4,3,-0.8660254037844386,0.5000000000000001,0.4531722054380665,1,51.0,8.5,2.151762203259462,540.0,540.0,15.678947368421051
7,17.0,3.0,13.0,1.0,0,5,Faridabad,L&T Transmission & Distribution,370,8.1,2997.0,266.1,2155.4100000000003,1.3,2997.0,135.0,38,14,1,0.49999999999999994,-0.8660254037844387,0.5073280721533258,1,41.0,6.833333333333333,2.2082744135228043,1890.0,1890.0,24.19090909090909
9,20.0,3.0,4.0,1.0,0,12,Hyderabad,Indowind Energy,322,8.4,2704.8,256.8,2157.1200000000003,1.2538940809968846,2704.8,135.0,20,0,0,-2.4492935982947064e-16,1.0,0.5257009345794392,1,37.0,6.166666666666667,2.2407096892759584,0.0,0.0,19.753846153846155
5,17.0,3.0,7.0,1.0,0,1,Shimla,Optibelt Power Transmission India Private Limited,264,7.7,2032.8,243.9,1878.0300000000002,1.0824108241082409,2032.8,135.0,20,0,0,0.49999999999999994,0.8660254037844387,0.5535055350553505,1,33.0,5.5,2.163323025660538,0.0,0.0,27.1
12,23.0,3.0,3.0,1.0,0,5,Ratnagiri,Optibelt Power Transmission India Private Limited,407,7.4,3011.8,273.6,2024.6400000000003,1.3,3011.8,135.0,38,14,1,0.49999999999999994,-0.8660254037844387,0.4934210526315789,1,42.0,7.0,2.128231705849268,1890.0,1890.0,17.1
19,23.0,3.0,5.0,1.0,0,12,New Delhi,Orient Green,438,8.5,3723.0,294.3,2501.55,1.3,3723.0,135.0,20,0,0,-2.4492935982947064e-16,1.0,0.4587155963302752,1,51.0,8.5,2.2512917986064953,0.0,0.0,12.795652173913044
18,23.0,3.0,3.0,1.0,0,12,Vadodara,TransRail Lighting,400,7.8,3120.0,286.2,2232.3599999999997,1.3,3120.0,135.0,20,0,0,-2.4492935982947064e-16,1.0,0.4716981132075472,1,48.0,8.0,2.174751721484161,0.0,0.0,13.009090909090908
7,19.0,1.0,11.0,1.0,0,12,Shimla,Orient Green,263,7.7,2025.1,179.1,1379.07,1.3,2025.1,45.0,20,0,0,-2.4492935982947064e-16,1.0,0.2512562814070352,0,39.0,6.5,2.163323025660538,0.0,0.0,19.9
5,21.0,3.0,4.0,1.0,0,2,Ahmedabad,L&T Transmission & Distribution,255,7.9,2014.5,252.9,1997.91,1.0083036773428231,2014.5,135.0,20,0,0,0.8660254037844386,0.5000000000000001,0.5338078291814946,1,34.0,5.666666666666667,2.186051276738094,0.0,0.0,28.1
8,19.0,2.0,16.0,1.0,0,4,Navi Mumbai,KEC International,361,9.3,3357.3,241.2,2243.16,1.3,3357.3,90.0,30,6,1,0.8660254037844387,-0.4999999999999998,0.373134328358209,0,46.0,7.666666666666667,2.33214389523559,540.0,540.0,21.927272727272726
9,17.0,3.0,9.0,1.0,0,3,Gurgaon,L&T Transmission & Distribution,302,8.3,2506.6000000000004,258.3,2143.8900000000003,1.1691831204026326,2506.6000000000004,135.0,30,6,1,1.0,6.123233995736766e-17,0.5226480836236933,1,39.0,6.5,2.2300144001592104,810.0,810.0,19.86923076923077
5,17.0,2.0,17.0,1.0,0,9,Vadodara,NTPC Pvt. Ltd.,305,7.8,2379.0,228.9,1785.42,1.3,2379.0,90.0,32,8,2,-1.0,-1.8369701987210297e-16,0.3931847968545216,0,42.0,7.0,2.174751721484161,720.0,720.0,28.6125
14,23.0,3.0,14.0,1.0,0,4,Shimla,KEC International,445,7.7,3426.5,310.8,2393.1600000000003,1.3,3426.5,135.0,30,6,1,0.8660254037844387,-0.4999999999999998,0.4343629343629343,1,55.0,9.166666666666666,2.163323025660538,810.0,810.0,17.266666666666666
13,23.0,2.0,3.0,1.0,0,6,Gurgaon,CESC,337,8.3,2797.1000000000004,230.7,1914.8100000000002,1.3,2797.1000000000004,90.0,38,14,2,1.2246467991473532e-16,-1.0,0.3901170351105332,0,42.0,7.0,2.2300144001592104,1260.0,1260.0,14.41875
7,23.0,3.0,7.0,1.0,0,6,Navi Mumbai,NTPC Pvt. Ltd.,403,9.3,3747.9,275.1,2558.4300000000003,1.3,3747.9,135.0,38,14,2,1.2246467991473532e-16,-1.0,0.4907306434023991,1,41.0,6.833333333333333,2.33214389523559,1890.0,1890.0,25.00909090909091
15,23.0,3.0,4.0,1.0,0,10,Shimla,Unitech Power Transmission Ltd.,420,7.7,3234.0,282.9,2178.33,1.3,3234.0,135.0,28,4,3,-0.8660254037844386,0.5000000000000001,0.47720042417815484,1,46.0,7.666666666666667,2.163323025660538,540.0,540.0,14.889473684210525
5,21.0,1.0,10.0,1.0,0,2,Ahmedabad,Ratnagiri Gas and Power Pvt. Ltd. (RGPPL),254,7.9,2006.6,180.9,1429.1100000000001,1.3,2006.6,45.0,20,0,0,0.8660254037844386,0.5000000000000001,0.24875621890547264,0,38.0,6.333333333333333,2.186051276738094,0.0,0.0,25.842857142857145
10,21.0,3.0,17.0,1.0,0,10,Dahej,TransRail Lighting,435,7.6,3306.0,302.4,2298.24,1.3,3306.0,135.0,28,4,3,-0.8660254037844386,0.5000000000000001,0.44642857142857145,1,52.0,8.666666666666666,2.151762203259462,540.0,540.0,21.599999999999998
7,20.0,3.0,4.0,1.0,0,6,Ahmedabad,Sunil Hitech Eng,375,7.9,2962.5,252.6,1995.54,1.3,2962.5,135.0,38,14,2,1.2246467991473532e-16,-1.0,0.5344418052256532,1,35.0,5.833333333333333,2.186051276738094,1890.0,1890.0,22.963636363636365
11,23.0,2.0,4.0,1.0,0,11,Hyderabad,NLC India,300,8.4,2520.0,229.5,1927.8000000000002,1.3,2520.0,90.0,28,4,3,-0.5000000000000004,0.8660254037844384,0.39215686274509803,0,41.0,6.833333333333333,2.2407096892759584,360.0,360.0,16.392857142857142
14,23.0,3.0,7.0,1.0,0,1,Faridabad,Sunil Hitech Eng,414,8.1,3353.4,289.8,2347.38,1.3,3353.4,135.0,20,0,0,0.49999999999999994,0.8660254037844387,0.4658385093167702,1,48.0,8.0,2.2082744135228043,0.0,0.0,16.1
12,22.0,3.0,10.0,12.0,0,2,Chennai,Reliance Power,445,8.8,3916.000000000001,300.0,2640.0,1.3,3916.000000000001,135.0,20,0,0,0.8660254037844386,0.5000000000000001,0.45,1,59.0,9.833333333333334,2.2823823856765264,0.0,0.0,18.75
5,18.0,2.0,7.0,1.0,0,8,Pune,Jyoti Structure,234,9.1,2129.4,203.4,1850.94,1.1504424778761062,2129.4,90.0,32,8,2,-0.8660254037844385,-0.5000000000000004,0.44247787610619466,1,33.0,5.5,2.312535423847214,720.0,720.0,25.425
23,23.0,3.0,6.0,1.0,0,6,Hyderabad,JSW Energy Ltd.,424,8.4,3561.6000000000004,305.7,2567.88,1.3,3561.6000000000004,135.0,38,14,2,1.2246467991473532e-16,-1.0,0.4416094210009814,1,56.0,9.333333333333334,2.2407096892759584,1890.0,1890.0,11.322222222222221
8,21.0,3.0,13.0,1.0,0,9,Chennai,Power Grid Corp,380,8.8,3344.0000000000005,286.2,2518.56,1.3,3344.0000000000005,135.0,32,8,2,-1.0,-1.8369701987210297e-16,0.4716981132075472,1,46.0,7.666666666666667,2.2823823856765264,1080.0,1080.0,23.849999999999998
15,23.0,3.0,10.0,1.0,0,7,Gurgaon,Reliance Energy,427,8.3,3544.1000000000004,300.9,2497.47,1.3,3544.1000000000004,135.0,32,8,2,-0.4999999999999997,-0.8660254037844388,0.448654037886341,1,52.0,8.666666666666666,2.2300144001592104,1080.0,1080.0,15.836842105263157
6,18.0,1.0,6.0,1.0,0,11,Noida,NHPC,198,8.2,1623.6,157.5,1291.5,1.2571428571428571,1623.6,45.0,28,4,3,-0.5000000000000004,0.8660254037844384,0.2857142857142857,0,32.0,5.333333333333333,2.2192034840549946,180.0,180.0,19.6875
23,23.0,3.0,9.0,1.0,0,9,Ratnagiri,Reliance Energy,440,7.4,3256.0,314.7,2328.78,1.3,3256.0,135.0,32,8,2,-1.0,-1.8369701987210297e-16,0.42897998093422307,1,59.0,9.833333333333334,2.128231705849268,1080.0,1080.0,11.655555555555555
5,18.0,3.0,6.0,1.0,0,11,Ratnagiri,Bonfiglioli Transmission Pvt. Ltd.,249,7.4,1842.6,245.4,1815.96,1.0146699266503667,1842.6,135.0,28,4,3,-0.5000000000000004,0.8660254037844384,0.5501222493887531,1,33.0,5.5,2.128231705849268,540.0,540.0,27.266666666666666
8,17.0,3.0,13.0,1.0,0,12,Hyderabad,Reliance Energy,382,8.4,3208.8,268.2,2252.88,1.3,3208.8,135.0,20,0,0,-2.4492935982947064e-16,1.0,0.5033557046979866,1,42.0,7.0,2.2407096892759584,0.0,0.0,22.349999999999998
13,23.0,2.0,11.0,1.0,0,2,Shimla,Reliance Power,337,7.7,2594.9,254.7,1961.19,1.3,2594.9,90.0,20,0,0,0.8660254037844386,0.5000000000000001,0.35335689045936397,0,50.0,8.333333333333334,2.163323025660538,0.0,0.0,15.91875
6,18.0,2.0,14.0,1.0,0,11,Faridabad,NTPC Pvt. Ltd.,310,8.1,2511.0,226.5,1834.6499999999999,1.3,2511.0,90.0,28,4,3,-0.5000000000000004,0.8660254037844384,0.3973509933774834,0,41.0,6.833333333333333,2.2082744135228043,360.0,360.0,25.166666666666668
7,18.0,2.0,22.0,1.0,0,9,Hyderabad,TransRail Lighting,367,8.4,3082.8,252.6,2121.84,1.3,3082.8,90.0,32,8,2,-1.0,-1.8369701987210297e-16,0.35629453681710216,0,50.0,8.333333333333334,2.2407096892759584,720.0,720.0,25.259999999999998
10,20.0,2.0,3.0,1.0,0,11,Chennai,Adani Power Ltd.,285,8.8,2508.0,210.9,1855.9200000000003,1.3,2508.0,90.0,28,4,3,-0.5000000000000004,0.8660254037844384,0.4267425320056899,1,36.0,6.0,2.2823823856765264,360.0,360.0,16.223076923076924
6,19.0,3.0,7.0,1.0,0,11,Kolkata,Sterlite Power Transmission Ltd,278,8.7,2418.6,255.0,2218.5,1.0901960784313725,2418.6,135.0,28,4,3,-0.5000000000000004,0.8660254037844384,0.5294117647058824,1,36.0,6.0,2.272125885509337,540.0,540.0,25.5
9,17.0,3.0,18.0,1.0,0,10,Noida,NTPC Pvt. Ltd.,370,8.2,3033.9999999999995,285.3,2339.46,1.296880476691202,3033.9999999999995,135.0,28,4,3,-0.8660254037844386,0.5000000000000001,0.47318611987381703,1,48.0,8.0,2.2192034840549946,540.0,540.0,21.946153846153848
8,21.0,3.0,7.0,1.0,0,6,Pune,TransRail Lighting,376,9.1,3421.6,268.2,2440.62,1.3,3421.6,135.0,38,14,2,1.2246467991473532e-16,-1.0,0.5033557046979866,1,40.0,6.666666666666667,2.312535423847214,1890.0,1890.0,22.349999999999998
10,18.0,3.0,3.0,1.0,0,6,Gurgaon,TransRail Lighting,316,8.3,2622.8,246.9,2049.2700000000004,1.2798703928716078,2622.8,135.0,38,14,2,1.2246467991473532e-16,-1.0,0.5467800729040098,1,35.0,5.833333333333333,2.2300144001592104,1890.0,1890.0,17.635714285714286
6,21.0,2.0,6.0,1.0,0,9,Kolkata,Indowind Energy,274,8.7,2383.8,216.0,1879.1999999999998,1.2685185185185188,2383.8,90.0,32,8,2,-1.0,-1.8369701987210297e-16,0.4166666666666667,1,36.0,6.0,2.272125885509337,720.0,720.0,24.0
8,23.0,3.0,3.0,1.0,0,4,Chennai,NTPC Pvt. Ltd.,366,8.8,3220.8,265.2,2333.76,1.3,3220.8,135.0,30,6,1,0.8660254037844387,-0.4999999999999998,0.5090497737556561,1,38.0,6.333333333333333,2.2823823856765264,810.0,810.0,22.099999999999998
17,22.0,3.0,9.0,1.0,0,1,Navi Mumbai,NTPC Pvt. Ltd.,418,9.3,3887.4,297.6,2767.6800000000003,1.3,3887.4,135.0,20,0,0,0.49999999999999994,0.8660254037844387,0.4536290322580645,1,52.0,8.666666666666666,2.33214389523559,0.0,0.0,14.171428571428573
6,20.0,2.0,18.0,1.0,0,2,Dahej,NLC India,338,7.6,2568.8,247.5,1881.0,1.3,2568.8,90.0,20,0,0,0.8660254037844386,0.5000000000000001,0.36363636363636365,0,47.0,7.833333333333333,2.151762203259462,0.0,0.0,27.5
9,20.0,3.0,4.0,1.0,0,10,Vadodara,Ringfeder Power Transmission India Pvt. Ltd.,285,7.8,2223.0,256.8,2003.04,1.1098130841121496,2223.0,135.0,28,4,3,-0.8660254037844386,0.5000000000000001,0.5257009345794392,1,37.0,6.166666666666667,2.174751721484161,540.0,540.0,19.753846153846155
23,23.0,3.0,21.0,1.0,0,2,Ratnagiri,Torrent Power Ltd.,520,7.4,3848.0,350.7,2595.18,1.3,3848.0,135.0,20,0,0,0.8660254037844386,0.5000000000000001,0.38494439692044485,0,71.0,11.833333333333334,2.128231705849268,0.0,0.0,12.988888888888889
7,17.0,3.0,13.0,1.0,0,5,Ratnagiri,JSW Energy Ltd.,325,7.4,2405.0,266.1,1969.1400000000003,1.221345358887636,2405.0,135.0,38,14,1,0.49999999999999994,-0.8660254037844387,0.5073280721533258,1,41.0,6.833333333333333,2.128231705849268,1890.0,1890.0,24.19090909090909
20,23.0,3.0,4.0,1.0,0,11,Gurgaon,SJVN Ltd.,423,8.3,3510.9,293.4,2435.22,1.3,3510.9,135.0,28,4,3,-0.5000000000000004,0.8660254037844384,0.4601226993865031,1,51.0,8.5,2.2300144001592104,540.0,540.0,12.225
10,21.0,3.0,4.0,7.0,0,10,Shimla,Jyoti Structure,366,7.7,2818.2000000000003,268.8,2069.76,1.3,2818.2000000000003,135.0,28,4,3,-0.8660254037844386,0.5000000000000001,0.5022321428571428,1,45.0,7.5,2.163323025660538,540.0,540.0,19.2
9,20.0,2.0,12.0,1.0,0,2,Gurgaon,Torrent Power Ltd.,286,8.3,2373.8,235.8,1957.1400000000003,1.2128922815945715,2373.8,90.0,20,0,0,0.8660254037844386,0.5000000000000001,0.38167938931297707,0,44.0,7.333333333333333,2.2300144001592104,0.0,0.0,19.650000000000002
13,23.0,2.0,5.0,1.0,0,12,Ratnagiri,Adani Power Ltd.,333,7.4,2464.2000000000003,236.7,1751.58,1.3,2464.2000000000003,90.0,20,0,0,-2.4492935982947064e-16,1.0,0.3802281368821293,0,44.0,7.333333333333333,2.128231705849268,0.0,0.0,14.79375
11,22.0,1.0,7.0,1.0,0,2,Nagpur,SJVN Ltd.,250,8.9,2225.0,189.0,1682.1000000000001,1.3,2225.0,45.0,20,0,0,0.8660254037844386,0.5000000000000001,0.23809523809523808,0,42.0,7.0,2.2925347571405443,0.0,0.0,14.538461538461538
9,21.0,3.0,9.0,1.0,0,4,Shimla,Guj Ind Power,340,7.7,2618.0,276.3,2127.51,1.2305465074194715,2618.0,135.0,30,6,1,0.8660254037844387,-0.4999999999999998,0.48859934853420195,1,43.0,7.166666666666667,2.163323025660538,810.0,810.0,21.253846153846155
13,22.0,0.0,6.0,1.0,0,2,Faridabad,Reliance Energy,216,8.1,1749.6,145.2,1176.12,1.3,1749.6,0.0,20,0,0,0.8660254037844386,0.5000000000000001,0.0,0,42.0,7.0,2.2082744135228043,0.0,0.0,10.37142857142857
5,17.0,3.0,16.0,1.0,0,7,Chennai,NTPC Pvt. Ltd.,393,8.8,3458.4,270.9,2383.92,1.3,3458.4,135.0,32,8,2,-0.4999999999999997,-0.8660254037844388,0.49833887043189373,1,42.0,7.0,2.2823823856765264,1080.0,1080.0,30.099999999999998
20,22.0,3.0,5.0,1.0,0,5,Gurgaon,Indowind Energy,416,8.3,3452.8,291.9,2422.77,1.3,3452.8,135.0,38,14,1,0.49999999999999994,-0.8660254037844387,0.4624871531346352,1,51.0,8.5,2.2300144001592104,1890.0,1890.0,12.1625
8,19.0,3.0,4.0,1.0,0,8,Gurgaon,Reliance Energy,298,8.3,2473.4,250.2,2076.6600000000003,1.1910471622701837,2473.4,135.0,32,8,2,-0.8660254037844385,-0.5000000000000004,0.539568345323741,1,35.0,5.833333333333333,2.2300144001592104,1080.0,1080.0,20.849999999999998
7,22.0,3.0,20.0,1.0,0,11,Noida,JSW Energy Ltd.,451,8.2,3698.2,309.6,2538.72,1.3,3698.2,135.0,28,4,3,-0.5000000000000004,0.8660254037844384,0.4360465116279069,1,53.0,8.833333333333334,2.2192034840549946,540.0,540.0,28.145454545454548
12,23.0,3.0,11.0,1.0,0,6,Pune,NLC India,423,9.1,3849.3,297.6,2708.1600000000003,1.3,3849.3,135.0,38,14,2,1.2246467991473532e-16,-1.0,0.4536290322580645,1,50.0,8.333333333333334,2.312535423847214,1890.0,1890.0,18.6
15,22.0,3.0,17.0,1.0,0,9,Ratnagiri,L&T Transmission & Distribution,464,7.4,3433.6000000000004,317.4,2348.7599999999998,1.3,3433.6000000000004,135.0,32,8,2,-1.0,-1.8369701987210297e-16,0.42533081285444235,1,58.0,9.666666666666666,2.128231705849268,1080.0,1080.0,16.705263157894734
7,19.0,1.0,3.0,1.0,0,2,Noida,NHPC,178,8.2,1459.6,155.1,1271.82,1.1476466795615732,1459.6,45.0,20,0,0,0.8660254037844386,0.5000000000000001,0.2901353965183753,0,31.0,5.166666666666667,2.2192034840549946,0.0,0.0,17.233333333333334
10,17.0,0.0,7.0,1.0,0,12,Mumbai,Toshiba Transmission & Distribution Systems (India) Pvt. Ltd.,175,9.2,1609.9999999999998,119.4,1098.48,1.3,1609.9999999999998,0.0,20,0,0,-2.4492935982947064e-16,1.0,0.0,0,35.0,5.833333333333333,2.322387720290225,0.0,0.0,10.854545454545455
9,18.0,2.0,3.0,1.0,0,5,New Delhi,NHPC,278,8.5,2363.0,199.8,1698.3000000000002,1.3,2363.0,90.0,38,14,1,0.49999999999999994,-0.8660254037844387,0.4504504504504504,1,33.0,5.5,2.2512917986064953,1260.0,1260.0,16.650000000000002
14,22.0,3.0,9.0,1.0,0,5,Vadodara,Indowind Energy,410,7.8,3198.0,291.3,2272.14,1.3,3198.0,135.0,38,14,1,0.49999999999999994,-0.8660254037844387,0.4634397528321318,1,49.0,8.166666666666666,2.174751721484161,1890.0,1890.0,16.183333333333334
7,17.0,2.0,7.0,1.0,0,1,Shimla,Sterlite Power Transmission Ltd,221,7.7,1701.7,203.1,1563.87,1.0881339241752832,1701.7,90.0,20,0,0,0.49999999999999994,0.8660254037844387,0.4431314623338257,1,34.0,5.666666666666667,2.163323025660538,0.0,0.0,20.31
15,23.0,3.0,8.0,1.0,0,11,Faridabad,Guj Ind Power,430,8.1,3483.0,294.9,2388.6899999999996,1.3,3483.0,135.0,28,4,3,-0.5000000000000004,0.8660254037844384,0.45778229908443546,1,50.0,8.333333333333334,2.2082744135228043,540.0,540.0,15.521052631578947
15,22.0,2.0,6.0,1.0,0,4,Ahmedabad,Power Grid Corp,335,7.9,2646.5,239.4,1891.2600000000002,1.3,2646.5,90.0,30,6,1,0.8660254037844387,-0.4999999999999998,0.37593984962406013,0,46.0,7.666666666666667,2.186051276738094,540.0,540.0,13.3
6,20.0,1.0,5.0,1.0,0,5,Noida,Guj Ind Power,210,8.2,1721.9999999999998,163.5,1340.6999999999998,1.2844036697247707,1721.9999999999998,45.0,38,14,1,0.49999999999999994,-0.8660254037844387,0.27522935779816515,0,33.0,5.5,2.2192034840549946,630.0,630.0,20.4375
16,22.0,3.0,11.0,1.0,0,4,Noida,L&T Transmission & Distribution,448,8.2,3673.6,301.5,2472.2999999999997,1.3,3673.6,135.0,30,6,1,0.8660254037844387,-0.4999999999999998,0.44776119402985076,1,53.0,8.833333333333334,2.2192034840549946,810.0,810.0,15.075
11,22.0,3.0,19.0,1.0,0,11,Kolkata,Torrent Power Ltd.,449,8.7,3906.3,315.0,2740.5,1.3,3906.3,135.0,28,4,3,-0.5000000000000004,0.8660254037844384,0.42857142857142855,1,56.0,9.333333333333334,2.272125885509337,540.0,540.0,21.0
9,23.0,3.0,7.0,1.0,0,2,Hyderabad,Jyoti Structure,384,8.4,3225.6000000000004,279.3,2346.1200000000003,1.3,3225.6000000000004,135.0,20,0,0,0.8660254037844386,0.5000000000000001,0.4833512352309345,1,43.0,7.166666666666667,2.2407096892759584,0.0,0.0,21.484615384615385
8,21.0,2.0,8.0,1.0,0,4,Dahej,Kalpataru Power,308,7.6,2340.8,226.2,1719.12,1.3,2340.8,90.0,30,6,1,0.8660254037844387,-0.4999999999999998,0.3978779840848807,0,40.0,6.666666666666667,2.151762203259462,540.0,540.0,20.563636363636363
7,19.0,2.0,11.0,1.0,0,12,Dahej,CESC,293,7.6,2226.8,224.1,1703.1599999999999,1.3,2226.8,90.0,20,0,0,-2.4492935982947064e-16,1.0,0.40160642570281124,1,40.0,6.666666666666667,2.151762203259462,0.0,0.0,22.41
9,17.0,2.0,10.0,1.0,0,12,Pune,Reliance Energy,306,9.1,2784.6,216.3,1968.33,1.3,2784.6,90.0,20,0,0,-2.4492935982947064e-16,1.0,0.4160887656033287,1,39.0,6.5,2.312535423847214,0.0,0.0,18.025000000000002
10,19.0,3.0,7.0,1.0,0,9,Chennai,NLC India,330,8.8,2904.0000000000005,263.4,2317.92,1.2528473804100229,2904.0000000000005,135.0,32,8,2,-1.0,-1.8369701987210297e-16,0.5125284738041003,1,40.0,6.666666666666667,2.2823823856765264,1080.0,1080.0,18.814285714285713
9,19.0,2.0,14.0,1.0,0,11,Ratnagiri,Neueon Towers / Sujana Towers Ltd.,351,7.4,2597.4,237.3,1756.0200000000002,1.3,2597.4,90.0,28,4,3,-0.5000000000000004,0.8660254037844384,0.37926675094816686,0,45.0,7.5,2.128231705849268,360.0,360.0,19.775000000000002
8,17.0,3.0,15.0,1.0,0,2,Hyderabad,NLC India,385,8.4,3234.0,274.2,2303.28,1.3,3234.0,135.0,20,0,0,0.8660254037844386,0.5000000000000001,0.4923413566739606,1,44.0,7.333333333333333,2.2407096892759584,0.0,0.0,22.849999999999998
6,17.0,2.0,4.0,7.0,0,10,Gurgaon,KEC International,263,8.3,2182.9,197.4,1638.4200000000003,1.3,2182.9,90.0,28,4,3,-0.8660254037844386,0.5000000000000001,0.45592705167173253,1,36.0,6.0,2.2300144001592104,360.0,360.0,21.933333333333334
21,22.0,3.0,11.0,1.0,0,6,New Delhi,Jyoti Structure,451,8.5,3833.5,312.0,2652.0,1.3,3833.5,135.0,38,14,2,1.2246467991473532e-16,-1.0,0.4326923076923077,1,58.0,9.666666666666666,2.2512917986064953,1890.0,1890.0,12.48
7,18.0,3.0,18.0,1.0,0,6,Faridabad,Reliance Power,421,8.1,3410.1,285.6,2313.36,1.3,3410.1,135.0,38,14,2,1.2246467991473532e-16,-1.0,0.4726890756302521,1,47.0,7.833333333333333,2.2082744135228043,1890.0,1890.0,25.963636363636365
7,22.0,3.0,15.0,1.0,0,3,Dahej,Jaiprakash Power,440,7.6,3344.0,294.6,2238.96,1.3,3344.0,135.0,30,6,1,1.0,6.123233995736766e-17,0.4582484725050916,1,48.0,8.0,2.151762203259462,810.0,810.0,26.781818181818185
14,22.0,3.0,3.0,1.0,0,2,Faridabad,CESC,343,8.1,2778.3,273.3,2213.73,1.2550311013538238,2778.3,135.0,20,0,0,0.8660254037844386,0.5000000000000001,0.49396267837541163,1,43.0,7.166666666666667,2.2082744135228043,0.0,0.0,15.183333333333334
16,23.0,1.0,7.0,1.0,0,2,Dahej,CESC,300,7.6,2280.0,204.0,1550.3999999999999,1.3,2280.0,45.0,20,0,0,0.8660254037844386,0.5000000000000001,0.22058823529411764,0,48.0,8.0,2.151762203259462,0.0,0.0,11.333333333333334
5,19.0,1.0,4.0,1.0,0,10,Hyderabad,Jaiprakash Power,218,8.4,1831.2,153.9,1292.76,1.3,1831.2,45.0,28,4,3,-0.8660254037844386,0.5000000000000001,0.29239766081871343,0,30.0,5.0,2.2407096892759584,180.0,180.0,21.985714285714288
14,22.0,2.0,4.0,1.0,0,4,Noida,JSW Energy Ltd.,325,8.2,2664.9999999999995,231.3,1896.6599999999999,1.3,2664.9999999999995,90.0,30,6,1,0.8660254037844387,-0.4999999999999998,0.38910505836575876,0,43.0,7.166666666666667,2.2192034840549946,540.0,540.0,13.605882352941178
14,23.0,2.0,8.0,1.0,0,1,Ahmedabad,Guj Ind Power,367,7.9,2899.3,247.8,1957.6200000000001,1.3,2899.3,90.0,20,0,0,0.49999999999999994,0.8660254037844387,0.3631961259079903,0,48.0,8.0,2.186051276738094,0.0,0.0,14.576470588235296
5,20.0,2.0,5.0,1.0,0,11,Shimla,NHPC,281,7.7,2163.7000000000003,206.4,1589.28,1.3,2163.7000000000003,90.0,28,4,3,-0.5000000000000004,0.8660254037844384,0.436046511627907,1,33.0,5.5,2.163323025660538,360.0,360.0,25.8
10,18.0,3.0,13.0,1.0,0,5,New Delhi,Guj Ind Power,378,8.5,3213.0,276.9,2353.6499999999996,1.3,3213.0,135.0,38,14,1,0.49999999999999994,-0.8660254037844387,0.48754062838569884,1,45.0,7.5,2.2512917986064953,1890.0,1890.0,19.77857142857143
10,17.0,1.0,10.0,1.0,0,3,Gurgaon,NTPC Pvt. Ltd.,247,8.3,2050.1000000000004,173.4,1439.2200000000003,1.3,2050.1000000000004,45.0,30,6,1,1.0,6.123233995736766e-17,0.25951557093425603,0,39.0,6.5,2.2300144001592104,270.0,270.0,14.450000000000001
18,22.0,3.0,4.0,1.0,0,7,Ratnagiri,Reliance Energy,413,7.4,3056.2000000000003,284.7,2106.78,1.3,3056.2000000000003,135.0,32,8,2,-0.4999999999999997,-0.8660254037844388,0.4741833508956797,1,48.0,8.0,2.128231705849268,1080.0,1080.0,12.94090909090909
5,23.0,2.0,5.0,1.0,0,9,Vadodara,Torrent Power Ltd.,289,7.8,2254.2,219.9,1715.22,1.3,2254.2,90.0,32,8,2,-1.0,-1.8369701987210297e-16,0.4092769440654843,1,36.0,6.0,2.174751721484161,720.0,720.0,27.4875
7,17.0,3.0,3.0,7.0,0,4,Mumbai,Ringfeder Power Transmission India Pvt. Ltd.,254,9.2,2336.8,241.5,2221.7999999999997,1.0517598343685302,2336.8,135.0,30,6,1,0.8660254037844387,-0.4999999999999998,0.5590062111801242,1,37.0,6.166666666666667,2.322387720290225,810.0,810.0,21.954545454545453
8,19.0,2.0,5.0,1.0,0,8,Ahmedabad,Bonfiglioli Transmission Pvt. Ltd.,286,7.9,2259.4,208.2,1644.78,1.3,2259.4,90.0,32,8,2,-0.8660254037844385,-0.5000000000000004,0.43227665706051877,1,35.0,5.833333333333333,2.186051276738094,720.0,720.0,18.927272727272726
12,23.0,3.0,5.0,1.0,0,6,Chennai,Guj Ind Power,406,8.8,3572.8,279.6,2460.4800000000005,1.3,3572.8,135.0,38,14,2,1.2246467991473532e-16,-1.0,0.48283261802575106,1,44.0,7.333333333333333,2.2823823856765264,1890.0,1890.0,17.475
10,19.0,2.0,4.0,1.0,0,9,Navi Mumbai,Torrent Power Ltd.,308,9.3,2864.4,209.4,1947.4200000000003,1.3,2864.4,90.0,32,8,2,-1.0,-1.8369701987210297e-16,0.4297994269340974,1,36.0,6.0,2.33214389523559,720.0,720.0,16.107692307692307
9,21.0,3.0,10.0,1.0,0,4,Nagpur,Power Grid Corp,407,8.9,3622.3,279.3,2485.77,1.3,3622.3,135.0,30,6,1,0.8660254037844387,-0.4999999999999998,0.4833512352309345,1,44.0,7.333333333333333,2.2925347571405443,810.0,810.0,21.484615384615385
7,19.0,2.0,5.0,1.0,0,2,Gurgaon,Adani Power Ltd.,247,8.3,2050.1000000000004,206.1,1710.63,1.1984473556525959,2050.1000000000004,90.0,20,0,0,0.8660254037844386,0.5000000000000001,0.4366812227074236,1,34.0,5.666666666666667,2.2300144001592104,0.0,0.0,20.61
10,21.0,3.0,11.0,1.0,0,9,Navi Mumbai,TransRail Lighting,425,9.3,3952.500000000001,284.4,2644.92,1.3,3952.500000000001,135.0,32,8,2,-1.0,-1.8369701987210297e-16,0.4746835443037975,1,46.0,7.666666666666667,2.33214389523559,1080.0,1080.0,20.314285714285713
17,22.0,3.0,4.0,1.0,0,11,Noida,Guj Ind Power,380,8.2,3115.9999999999995,282.6,2317.32,1.3,3115.9999999999995,135.0,28,4,3,-0.5000000000000004,0.8660254037844384,0.4777070063694267,1,47.0,7.833333333333333,2.2192034840549946,540.0,540.0,13.457142857142859
7,17.0,2.0,11.0,1.0,0,11,Shimla,Sterlite Power Transmission Ltd,265,7.7,2040.5,215.1,1656.27,1.2319851231985124,2040.5,90.0,28,4,3,-0.5000000000000004,0.8660254037844384,0.4184100418410042,1,38.0,6.333333333333333,2.163323025660538,360.0,360.0,21.509999999999998
12,22.0,2.0,5.0,1.0,0,5,Gurgaon,Toshiba Transmission & Distribution Systems (India) Pvt. Ltd.,326,8.3,2705.8,230.1,1909.8300000000002,1.3,2705.8,90.0,38,14,1,0.49999999999999994,-0.8660254037844387,0.39113428943937417,0,42.0,7.0,2.2300144001592104,1260.0,1260.0,15.34
6,20.0,1.0,9.0,1.0,0,8,Ahmedabad,Sunil Hitech Eng,262,7.9,2069.8,175.5,1386.45,1.3,2069.8,45.0,32,8,2,-0.8660254037844385,-0.5000000000000004,0.2564102564102564,0,37.0,6.166666666666667,2.186051276738094,360.0,360.0,21.9375
19,22.0,3.0,3.0,1.0,0,2,Pune,L&T Transmission & Distribution,338,9.1,3075.8,283.8,2582.58,1.1909795630725863,3075.8,135.0,20,0,0,0.8660254037844386,0.5000000000000001,0.47568710359408034,1,48.0,8.0,2.312535423847214,0.0,0.0,12.339130434782609
7,20.0,3.0,13.0,1.0,0,11,Faridabad,Jaiprakash Power,374,8.1,3029.4,279.6,2264.76,1.3,3029.4,135.0,28,4,3,-0.5000000000000004,0.8660254037844384,0.48283261802575106,1,44.0,7.333333333333333,2.2082744135228043,540.0,540.0,25.41818181818182
10,20.0,3.0,6.0,1.0,0,5,Mumbai,Indowind Energy,352,9.2,3238.4,264.9,2437.0799999999995,1.3,3238.4,135.0,38,14,1,0.49999999999999994,-0.8660254037844387,0.5096262740656852,1,40.0,6.666666666666667,2.322387720290225,1890.0,1890.0,18.92142857142857
11,22.0,2.0,19.0,1.0,0,2,Kolkata,GE T&D India Limited,401,8.7,3488.7,270.0,2349.0,1.3,3488.7,90.0,20,0,0,0.8660254037844386,0.5000000000000001,0.3333333333333333,0,55.0,9.166666666666666,2.272125885509337,0.0,0.0,19.285714285714285
5,20.0,3.0,9.0,1.0,0,10,Shimla,Tata Power Company Ltd.,338,7.7,2602.6,263.4,2028.1799999999998,1.2832194381169324,2602.6,135.0,28,4,3,-0.8660254037844386,0.5000000000000001,0.5125284738041003,1,38.0,6.333333333333333,2.163323025660538,540.0,540.0,29.266666666666666
5,20.0,2.0,3.0,7.0,0,6,Mumbai,"Maha Transco – Maharashtra State Electricity Transmission Co, Ltd.",308,9.2,2833.6,205.8,1893.36,1.3,2833.6,90.0,38,14,2,1.2246467991473532e-16,-1.0,0.43731778425655976,1,37.0,6.166666666666667,2.322387720290225,1260.0,1260.0,25.725
11,22.0,3.0,9.0,1.0,0,3,Ratnagiri,CESC,373,7.4,2760.2000000000003,285.0,2109.0,1.3,2760.2000000000003,135.0,30,6,1,1.0,6.123233995736766e-17,0.47368421052631576,1,46.0,7.666666666666667,2.128231705849268,810.0,810.0,19.0
18,22.0,2.0,5.0,1.0,0,11,Ahmedabad,NTPC Pvt. Ltd.,361,7.9,2851.9,242.7,1917.33,1.3,2851.9,90.0,28,4,3,-0.5000000000000004,0.8660254037844384,0.3708281829419036,0,48.0,8.0,2.186051276738094,360.0,360.0,11.557142857142857
9,17.0,3.0,8.0,1.0,0,9,Vadodara,Indowind Energy,314,7.8,2449.2,255.3,1991.3400000000001,1.2299255777516644,2449.2,135.0,32,8,2,-1.0,-1.8369701987210297e-16,0.5287896592244418,1,38.0,6.333333333333333,2.174751721484161,1080.0,1080.0,19.638461538461538
5,19.0,3.0,9.0,1.0,0,11,Ratnagiri,JSW Energy Ltd.,310,7.4,2294.0,258.9,1915.86,1.197373503283121,2294.0,135.0,28,4,3,-0.5000000000000004,0.8660254037844384,0.5214368482039398,1,37.0,6.166666666666667,2.128231705849268,540.0,540.0,28.766666666666666
12,22.0,3.0,11.0,1.0,0,12,Ratnagiri,KEC International,416,7.4,3078.4,293.1,2168.94,1.3,3078.4,135.0,20,0,0,-2.4492935982947064e-16,1.0,0.4605936540429887,1,49.0,8.166666666666666,2.128231705849268,0.0,0.0,18.31875
15,22.0,3.0,8.0,1.0,0,4,Pune,JSW Energy Ltd.,376,9.1,3421.6,290.4,2642.64,1.2947658402203857,3421.6,135.0,30,6,1,0.8660254037844387,-0.4999999999999998,0.4648760330578513,1,49.0,8.166666666666666,2.312535423847214,810.0,810.0,15.284210526315789
19,22.0,3.0,6.0,1.0,0,6,Hyderabad,Torrent Power Ltd.,391,8.4,3284.4,292.8,2459.52,1.3,3284.4,135.0,38,14,2,1.2246467991473532e-16,-1.0,0.4610655737704918,1,51.0,8.5,2.2407096892759584,1890.0,1890.0,12.730434782608697
8,21.0,2.0,20.0,1.0,0,2,Kolkata,Orient Green,360,8.7,3131.9999999999995,262.2,2281.14,1.3,3131.9999999999995,90.0,20,0,0,0.8660254037844386,0.5000000000000001,0.34324942791762014,0,52.0,8.666666666666666,2.272125885509337,0.0,0.0,23.836363636363636
9,17.0,2.0,6.0,1.0,0,3,Hyderabad,KEC International,229,8.4,1923.6,204.3,1716.1200000000001,1.1209006363191385,1923.6,90.0,30,6,1,1.0,6.123233995736766e-17,0.44052863436123346,1,35.0,5.833333333333333,2.2407096892759584,540.0,540.0,17.025000000000002
9,18.0,2.0,4.0,1.0,0,8,New Delhi,CESC,222,8.5,1887.0,202.8,1723.8000000000002,1.0946745562130176,1887.0,90.0,32,8,2,-0.8660254037844385,-0.5000000000000004,0.4437869822485207,1,34.0,5.666666666666667,2.2512917986064953,720.0,720.0,16.900000000000002
7,17.0,2.0,15.0,1.0,0,2,Vadodara,Adani Power Ltd.,322,7.8,2511.6,227.1,1771.3799999999999,1.3,2511.6,90.0,20,0,0,0.8660254037844386,0.5000000000000001,0.39630118890356675,0,42.0,7.0,2.174751721484161,0.0,0.0,22.71
7,19.0,3.0,9.0,1.0,0,5,Mumbai,Orient Green,316,9.2,2907.2,263.1,2420.52,1.2010642341315088,2907.2,135.0,38,14,1,0.49999999999999994,-0.8660254037844387,0.5131128848346636,1,39.0,6.5,2.322387720290225,1890.0,1890.0,23.91818181818182
15,22.0,3.0,11.0,1.0,0,5,Noida,Indowind Energy,433,8.2,3550.6,299.4,2455.0799999999995,1.3,3550.6,135.0,38,14,1,0.49999999999999994,-0.8660254037844387,0.4509018036072145,1,52.0,8.666666666666666,2.2192034840549946,1890.0,1890.0,15.757894736842104
5,20.0,3.0,3.0,1.0,0,10,Gurgaon,NLC India,248,8.3,2058.4,245.4,2036.8200000000002,1.0105949470252649,2058.4,135.0,28,4,3,-0.8660254037844386,0.5000000000000001,0.5501222493887531,1,32.0,5.333333333333333,2.2300144001592104,540.0,540.0,27.266666666666666
12,22.0,3.0,16.0,1.0,0,9,Vadodara,NTPC Pvt. Ltd.,424,7.8,3307.2,308.1,2403.1800000000003,1.3,3307.2,135.0,32,8,2,-1.0,-1.8369701987210297e-16,0.43816942551119764,1,54.0,9.0,2.174751721484161,1080.0,1080.0,19.25625
14,23.0,3.0,14.0,1.0,0,6,Navi Mumbai,"Maha Transco – Maharashtra State Electricity Transmission Co, Ltd.",443,9.3,4119.900000000001,310.8,2890.4400000000005,1.3,4119.900000000001,135.0,38,14,2,1.2246467991473532e-16,-1.0,0.4343629343629343,1,55.0,9.166666666666666,2.33214389523559,1890.0,1890.0,17.266666666666666
5,17.0,2.0,10.0,1.0,0,11,Mumbai,Guj Ind Power,237,9.2,2180.4,207.9,1912.6799999999998,1.13997113997114,2180.4,90.0,28,4,3,-0.5000000000000004,0.8660254037844384,0.4329004329004329,1,35.0,5.833333333333333,2.322387720290225,360.0,360.0,25.9875
15,23.0,3.0,10.0,1.0,0,1,Noida,CESC,437,8.2,3583.4,300.9,2467.3799999999997,1.3,3583.4,135.0,20,0,0,0.49999999999999994,0.8660254037844387,0.448654037886341,1,52.0,8.666666666666666,2.2192034840549946,0.0,0.0,15.836842105263157
8,18.0,2.0,9.0,1.0,0,12,Chennai,L&T Transmission & Distribution,291,8.8,2560.8,215.7,1898.16,1.3,2560.8,90.0,20,0,0,-2.4492935982947064e-16,1.0,0.41724617524339364,1,38.0,6.333333333333333,2.2823823856765264,0.0,0.0,19.60909090909091
9,17.0,2.0,10.0,1.0,0,8,Vadodara,NHPC,304,7.8,2371.2,216.3,1687.14,1.3,2371.2,90.0,32,8,2,-0.8660254037844385,-0.5000000000000004,0.4160887656033287,1,39.0,6.5,2.174751721484161,720.0,720.0,18.025000000000002
12,22.0,3.0,3.0,1.0,0,3,Pune,NTPC Pvt. Ltd.,345,9.1,3139.5,269.1,2448.81,1.2820512820512822,3139.5,135.0,30,6,1,1.0,6.123233995736766e-17,0.5016722408026756,1,41.0,6.833333333333333,2.312535423847214,810.0,810.0,16.81875
8,17.0,3.0,13.0,7.0,0,5,New Delhi,Ringfeder Power Transmission India Pvt. Ltd.,410,8.5,3485.0,273.6,2325.6000000000004,1.3,3485.0,135.0,38,14,1,0.49999999999999994,-0.8660254037844387,0.4934210526315789,1,48.0,8.0,2.2512917986064953,1890.0,1890.0,22.8
5,19.0,2.0,4.0,1.0,0,10,Chennai,NHPC,237,8.8,2085.6000000000004,198.9,1750.3200000000002,1.191553544494721,2085.6000000000004,90.0,28,4,3,-0.8660254037844386,0.5000000000000001,0.45248868778280543,1,31.0,5.166666666666667,2.2823823856765264,360.0,360.0,24.8625
5,21.0,3.0,9.0,1.0,0,7,Navi Mumbai,Adani Power Ltd.,386,9.3,3589.8,267.9,2491.47,1.3,3589.8,135.0,32,8,2,-0.4999999999999997,-0.8660254037844388,0.503919372900336,1,39.0,6.5,2.33214389523559,1080.0,1080.0,29.766666666666666
8,19.0,3.0,5.0,7.0,0,2,Kolkata,Adani Power Ltd.,358,8.7,3114.6,258.6,2249.82,1.3,3114.6,135.0,20,0,0,0.8660254037844386,0.5000000000000001,0.5220417633410672,1,42.0,7.0,2.272125885509337,0.0,0.0,21.55
5,20.0,3.0,5.0,1.0,0,4,Chennai,TransRail Lighting,272,8.8,2393.6000000000004,251.4,2212.32,1.0819411296738266,2393.6000000000004,135.0,30,6,1,0.8660254037844387,-0.4999999999999998,0.5369928400954653,1,34.0,5.666666666666667,2.2823823856765264,810.0,810.0,27.933333333333334
9,18.0,3.0,15.0,1.0,0,8,Chennai,Reliance Power,369,8.8,3247.2000000000003,280.8,2471.0400000000004,1.3,3247.2000000000003,135.0,32,8,2,-0.8660254037844385,-0.5000000000000004,0.4807692307692307,1,46.0,7.666666666666667,2.2823823856765264,1080.0,1080.0,21.6
20,23.0,3.0,4.0,1.0,0,7,Pune,GE T&D India Limited,421,9.1,3831.1,293.4,2669.9399999999996,1.3,3831.1,135.0,32,8,2,-0.4999999999999997,-0.8660254037844388,0.4601226993865031,1,51.0,8.5,2.312535423847214,1080.0,1080.0,12.225
6,18.0,2.0,11.0,1.0,0,9,Shimla,NHPC,279,7.7,2148.3,217.5,1674.75,1.2827586206896553,2148.3,90.0,32,8,2,-1.0,-1.8369701987210297e-16,0.41379310344827586,1,38.0,6.333333333333333,2.163323025660538,720.0,720.0,24.166666666666668
14,23.0,3.0,4.0,1.0,0,2,Noida,CESC,317,8.2,2599.4,280.8,2302.56,1.128917378917379,2599.4,135.0,20,0,0,0.8660254037844386,0.5000000000000001,0.4807692307692307,1,45.0,7.5,2.2192034840549946,0.0,0.0,15.600000000000001
23,22.0,2.0,8.0,1.0,0,2,Noida,NTPC Pvt. Ltd.,351,8.2,2878.2,262.2,2150.0399999999995,1.3,2878.2,90.0,20,0,0,0.8660254037844386,0.5000000000000001,0.34324942791762014,0,56.0,9.333333333333334,2.2192034840549946,0.0,0.0,10.084615384615384
16,23.0,3.0,5.0,1.0,0,12,Pune,Guj Ind Power,383,9.1,3485.3,288.0,2620.7999999999997,1.3,3485.3,135.0,20,0,0,-2.4492935982947064e-16,1.0,0.46875,1,48.0,8.0,2.312535423847214,0.0,0.0,14.4
9,19.0,2.0,13.0,1.0,0,5,Shimla,Toshiba Transmission & Distribution Systems (India) Pvt. Ltd.,321,7.7,2471.7000000000003,234.3,1804.1100000000001,1.3,2471.7000000000003,90.0,38,14,1,0.49999999999999994,-0.8660254037844387,0.3841229193341869,0,44.0,7.333333333333333,2.163323025660538,1260.0,1260.0,19.525000000000002
12,22.0,3.0,15.0,1.0,0,9,Ahmedabad,Adani Power Ltd.,444,7.9,3507.6000000000004,305.1,2410.2900000000004,1.3,3507.6000000000004,135.0,32,8,2,-1.0,-1.8369701987210297e-16,0.44247787610619466,1,53.0,8.833333333333334,2.186051276738094,1080.0,1080.0,19.06875
6,17.0,3.0,6.0,1.0,0,6,Vadodara,"Maha Transco – Maharashtra State Electricity Transmission Co, Ltd.",327,7.8,2550.6,243.0,1895.3999999999999,1.3,2550.6,135.0,38,14,2,1.2246467991473532e-16,-1.0,0.5555555555555556,1,33.0,5.5,2.174751721484161,1890.0,1890.0,24.3
12,22.0,2.0,13.0,1.0,0,2,Chennai,L&T Transmission & Distribution,366,8.8,3220.8,254.1,2236.08,1.3,3220.8,90.0,20,0,0,0.8660254037844386,0.5000000000000001,0.3541912632821724,0,50.0,8.333333333333334,2.2823823856765264,0.0,0.0,16.94
7,23.0,3.0,3.0,1.0,0,2,Dahej,NHPC,291,7.6,2211.6,263.1,1999.5600000000002,1.106043329532497,2211.6,135.0,20,0,0,0.8660254037844386,0.5000000000000001,0.5131128848346636,1,37.0,6.166666666666667,2.151762203259462,0.0,0.0,23.91818181818182
14,22.0,3.0,11.0,1.0,0,4,Chennai,Power Grid Corp,388,8.8,3414.4,297.3,2616.2400000000002,1.3,3414.4,135.0,30,6,1,0.8660254037844387,-0.4999999999999998,0.45408678102926336,1,51.0,8.5,2.2823823856765264,810.0,810.0,16.516666666666666
10,17.0,2.0,15.0,1.0,0,10,Navi Mumbai,Ringfeder Power Transmission India Pvt. Ltd.,314,9.3,2920.2000000000003,233.4,2170.6200000000003,1.3,2920.2000000000003,90.0,28,4,3,-0.8660254037844386,0.5000000000000001,0.3856041131105398,0,45.0,7.5,2.33214389523559,360.0,360.0,17.953846153846154
21,23.0,2.0,5.0,1.0,0,9,Faridabad,Unitech Power Transmission Ltd.,372,8.1,3013.2,253.5,2053.35,1.3,3013.2,90.0,32,8,2,-1.0,-1.8369701987210297e-16,0.35502958579881655,0,52.0,8.666666666666666,2.2082744135228043,720.0,720.0,10.5625
11,22.0,3.0,9.0,1.0,0,5,Noida,GE T&D India Limited,427,8.2,3501.4,285.0,2337.0,1.3,3501.4,135.0,38,14,1,0.49999999999999994,-0.8660254037844387,0.47368421052631576,1,46.0,7.666666666666667,2.2192034840549946,1890.0,1890.0,19.0
7,17.0,2.0,5.0,1.0,0,3,Hyderabad,TransRail Lighting,237,8.4,1990.8,197.1,1655.64,1.202435312024353,1990.8,90.0,30,6,1,1.0,6.123233995736766e-17,0.4566210045662101,1,32.0,5.333333333333333,2.2407096892759584,540.0,540.0,19.71
5,20.0,3.0,10.0,1.0,0,6,Kolkata,Bonfiglioli Transmission Pvt. Ltd.,323,8.7,2810.1,266.4,2317.68,1.2124624624624625,2810.1,135.0,38,14,2,1.2246467991473532e-16,-1.0,0.5067567567567568,1,39.0,6.5,2.272125885509337,1890.0,1890.0,29.599999999999998
16,22.0,3.0,14.0,1.0,0,2,Ratnagiri,NLC India,432,7.4,3196.8,310.5,2297.7000000000003,1.3,3196.8,135.0,20,0,0,0.8660254037844386,0.5000000000000001,0.43478260869565216,1,56.0,9.333333333333334,2.128231705849268,0.0,0.0,15.525
18,23.0,3.0,7.0,1.0,0,1,New Delhi,SJVN Ltd.,429,8.5,3646.5,298.2,2534.7,1.3,3646.5,135.0,20,0,0,0.49999999999999994,0.8660254037844387,0.45271629778672035,1,52.0,8.666666666666666,2.2512917986064953,0.0,0.0,13.554545454545455
14,23.0,2.0,6.0,1.0,0,5,Ahmedabad,CESC,362,7.9,2859.8,241.8,1910.2200000000003,1.3,2859.8,90.0,38,14,1,0.49999999999999994,-0.8660254037844387,0.3722084367245657,0,46.0,7.666666666666667,2.186051276738094,1260.0,1260.0,14.223529411764707
9,22.0,3.0,3.0,1.0,0,2,Faridabad,Bonfiglioli Transmission Pvt. Ltd.,264,8.1,2138.4,262.8,2128.68,1.0045662100456623,2138.4,135.0,20,0,0,0.8660254037844386,0.5000000000000001,0.5136986301369862,1,38.0,6.333333333333333,2.2082744135228043,0.0,0.0,20.215384615384615
9,21.0,1.0,7.0,1.0,0,6,Vadodara,Unitech Power Transmission Ltd.,250,7.8,1950.0,180.3,1406.3400000000001,1.3,1950.0,45.0,38,14,2,1.2246467991473532e-16,-1.0,0.24958402662229615,0,39.0,6.5,2.174751721484161,630.0,630.0,16.39090909090909
16,23.0,3.0,3.0,1.0,0,11,New Delhi,Guj Ind Power,381,8.5,3238.5,282.0,2397.0,1.3,3238.5,135.0,28,4,3,-0.5000000000000004,0.8660254037844384,0.4787234042553192,1,46.0,7.666666666666667,2.2512917986064953,540.0,540.0,14.1
9,21.0,3.0,4.0,1.0,0,4,Gurgaon,Reliance Energy,327,8.3,2714.1000000000004,261.3,2168.7900000000004,1.2514351320321468,2714.1000000000004,135.0,30,6,1,0.8660254037844387,-0.4999999999999998,0.5166475315729047,1,38.0,6.333333333333333,2.2300144001592104,810.0,810.0,20.1
15,23.0,3.0,9.0,1.0,0,11,Hyderabad,"Maha Transco – Maharashtra State Electricity Transmission Co, Ltd.",409,8.4,3435.6000000000004,297.9,2502.36,1.3,3435.6000000000004,135.0,28,4,3,-0.5000000000000004,0.8660254037844384,0.4531722054380665,1,51.0,8.5,2.2407096892759584,540.0,540.0,15.678947368421051
7,20.0,3.0,15.0,7.0,0,3,Shimla,GE T&D India Limited,431,7.7,3318.7000000000003,291.0,2240.7000000000003,1.3,3318.7000000000003,135.0,30,6,1,1.0,6.123233995736766e-17,0.4639175257731959,1,52.0,8.666666666666666,2.163323025660538,810.0,810.0,26.454545454545453
12,23.0,2.0,7.0,1.0,0,11,Ahmedabad,Tata Power Company Ltd.,326,7.9,2575.4,240.6,1900.74,1.3,2575.4,90.0,28,4,3,-0.5000000000000004,0.8660254037844384,0.3740648379052369,0,45.0,7.5,2.186051276738094,360.0,360.0,16.04
7,21.0,3.0,3.0,1.0,0,4,New Delhi,Optibelt Power Transmission India Private Limited,264,8.5,2244.0,254.1,2159.85,1.038961038961039,2244.0,135.0,30,6,1,0.8660254037844387,-0.4999999999999998,0.5312868949232585,1,35.0,5.833333333333333,2.2512917986064953,810.0,810.0,23.099999999999998
7,17.0,2.0,7.0,1.0,0,2,Nagpur,Jaiprakash Power,279,8.9,2483.1,203.1,1807.59,1.3,2483.1,90.0,20,0,0,0.8660254037844386,0.5000000000000001,0.4431314623338257,1,34.0,5.666666666666667,2.2925347571405443,0.0,0.0,20.31
8,17.0,2.0,8.0,1.0,0,8,Kolkata,Reliance Power,241,8.7,2096.7,208.2,1811.3399999999997,1.1575408261287226,2096.7,90.0,32,8,2,-0.8660254037844385,-0.5000000000000004,0.43227665706051877,1,36.0,6.0,2.272125885509337,720.0,720.0,18.927272727272726
5,22.0,3.0,17.0,1.0,0,4,Pune,Optibelt Power Transmission India Private Limited,398,9.1,3621.8,296.4,2697.24,1.3,3621.8,135.0,30,6,1,0.8660254037844387,-0.4999999999999998,0.45546558704453444,1,48.0,8.0,2.312535423847214,810.0,810.0,32.93333333333333
18,22.0,3.0,5.0,1.0,0,7,Ratnagiri,Sunil Hitech Eng,405,7.4,2997.0,287.7,2128.98,1.3,2997.0,135.0,32,8,2,-0.4999999999999997,-0.8660254037844388,0.46923879040667366,1,49.0,8.166666666666666,2.128231705849268,1080.0,1080.0,13.077272727272726
9,18.0,2.0,4.0,1.0,0,6,Navi Mumbai,Kalpataru Power,230,9.3,2139.0,202.8,1886.0400000000002,1.1341222879684416,2139.0,90.0,38,14,2,1.2246467991473532e-16,-1.0,0.4437869822485207,1,34.0,5.666666666666667,2.33214389523559,1260.0,1260.0,16.900000000000002
16,23.0,3.0,4.0,1.0,0,4,New Delhi,Sunil Hitech Eng,383,8.5,3255.5,285.0,2422.5,1.3,3255.5,135.0,30,6,1,0.8660254037844387,-0.4999999999999998,0.47368421052631576,1,47.0,7.833333333333333,2.2512917986064953,810.0,810.0,14.25
7,20.0,2.0,6.0,1.0,0,1,Hyderabad,NHPC,256,8.4,2150.4,213.6,1794.24,1.198501872659176,2150.4,90.0,20,0,0,0.49999999999999994,0.8660254037844387,0.4213483146067416,1,36.0,6.0,2.2407096892759584,0.0,0.0,21.36
7,23.0,3.0,4.0,7.0,0,11,Gurgaon,Bonfiglioli Transmission Pvt. Ltd.,383,8.3,3178.9,271.5,2253.4500000000003,1.3,3178.9,135.0,28,4,3,-0.5000000000000004,0.8660254037844384,0.4972375690607735,1,44.0,7.333333333333333,2.2300144001592104,540.0,540.0,24.681818181818183
17,22.0,3.0,11.0,1.0,0,12,Mumbai,Bonfiglioli Transmission Pvt. Ltd.,438,9.2,4029.6,303.6,2793.12,1.3,4029.6,135.0,20,0,0,-2.4492935982947064e-16,1.0,0.44466403162055335,1,54.0,9.0,2.322387720290225,0.0,0.0,14.457142857142859
16,22.0,3.0,4.0,1.0,0,4,Hyderabad,Jyoti Structure,369,8.4,3099.6,280.5,2356.2000000000003,1.3,3099.6,135.0,30,6,1,0.8660254037844387,-0.4999999999999998,0.48128342245989303,1,46.0,7.666666666666667,2.2407096892759584,810.0,810.0,14.025
16,22.0,3.0,5.0,1.0,0,2,Navi Mumbai,NTPC Pvt. Ltd.,402,9.3,3738.6,283.5,2636.55,1.3,3738.6,135.0,20,0,0,0.8660254037844386,0.5000000000000001,0.47619047619047616,1,47.0,7.833333333333333,2.33214389523559,0.0,0.0,14.175
7,17.0,3.0,5.0,1.0,0,9,Ahmedabad,Ringfeder Power Transmission India Pvt. Ltd.,331,7.9,2614.9,242.1,1912.5900000000001,1.3,2614.9,135.0,32,8,2,-1.0,-1.8369701987210297e-16,0.5576208178438662,1,33.0,5.5,2.186051276738094,1080.0,1080.0,22.009090909090908
5,18.0,3.0,4.0,1.0,0,2,Nagpur,CESC,190,8.9,1691.0,239.4,2130.6600000000003,0.85,1691.0,135.0,20,0,0,0.8660254037844386,0.5000000000000001,0.5639097744360902,1,31.0,5.166666666666667,2.2925347571405443,0.0,0.0,26.6
7,23.0,3.0,4.0,1.0,0,10,Ratnagiri,"Maha Transco – Maharashtra State Electricity Transmission Co, Ltd.",315,7.4,2331.0,266.1,1969.1400000000003,1.1837655016910933,2331.0,135.0,28,4,3,-0.8660254037844386,0.5000000000000001,0.5073280721533258,1,38.0,6.333333333333333,2.128231705849268,540.0,540.0,24.19090909090909
7,21.0,3.0,3.0,7.0,0,4,Ahmedabad,Orient Green,369,7.9,2915.1,259.5,2050.05,1.3,2915.1,135.0,30,6,1,0.8660254037844387,-0.4999999999999998,0.5202312138728323,1,41.0,6.833333333333333,2.186051276738094,810.0,810.0,23.59090909090909
15,22.0,2.0,3.0,1.0,0,3,Noida,L&T Transmission & Distribution,340,8.2,2787.9999999999995,230.4,1889.28,1.3,2787.9999999999995,90.0,30,6,1,1.0,6.123233995736766e-17,0.390625,0,43.0,7.166666666666667,2.2192034840549946,540.0,540.0,12.8
8,17.0,3.0,9.0,1.0,0,11,Gurgaon,Toshiba Transmission & Distribution Systems (India) Pvt. Ltd.,260,8.3,2158.0,256.2,2126.46,1.014832162373146,2158.0,135.0,28,4,3,-0.5000000000000004,0.8660254037844384,0.5269320843091335,1,38.0,6.333333333333333,2.2300144001592104,540.0,540.0,21.349999999999998
9,21.0,3.0,16.0,1.0,0,2,Mumbai,L&T Transmission & Distribution,409,9.2,3762.8,297.3,2735.16,1.3,3762.8,135.0,20,0,0,0.8660254037844386,0.5000000000000001,0.45408678102926336,1,50.0,8.333333333333334,2.322387720290225,0.0,0.0,22.86923076923077
6,20.0,3.0,3.0,1.0,0,10,Noida,TransRail Lighting,274,8.2,2246.8,247.5,2029.4999999999998,1.1070707070707073,2246.8,135.0,28,4,3,-0.8660254037844386,0.5000000000000001,0.5454545454545454,1,33.0,5.5,2.2192034840549946,540.0,540.0,24.75
21,22.0,3.0,12.0,1.0,0,7,Ratnagiri,CESC,466,7.4,3448.4,315.0,2331.0,1.3,3448.4,135.0,32,8,2,-0.4999999999999997,-0.8660254037844388,0.42857142857142855,1,59.0,9.833333333333334,2.128231705849268,1080.0,1080.0,12.6
13,23.0,3.0,3.0,1.0,0,11,Ratnagiri,Jaiprakash Power,412,7.4,3048.8,275.7,2040.18,1.3,3048.8,135.0,28,4,3,-0.5000000000000004,0.8660254037844384,0.4896626768226333,1,43.0,7.166666666666667,2.128231705849268,540.0,540.0,16.21764705882353
9,17.0,2.0,20.0,1.0,0,6,Chennai,Toshiba Transmission & Distribution Systems (India) Pvt. Ltd.,361,8.8,3176.8,246.3,2167.44,1.3,3176.8,90.0,38,14,2,1.2246467991473532e-16,-1.0,0.3654080389768575,0,49.0,8.166666666666666,2.2823823856765264,1260.0,1260.0,20.525000000000002
12,22.0,3.0,16.0,1.0,0,6,Navi Mumbai,Tata Power Company Ltd.,432,9.3,4017.6,308.1,2865.3300000000004,1.3,4017.6,135.0,38,14,2,1.2246467991473532e-16,-1.0,0.43816942551119764,1,54.0,9.0,2.33214389523559,1890.0,1890.0,19.25625
10,20.0,2.0,9.0,1.0,0,10,Chennai,Reliance Power,307,8.8,2701.6000000000004,228.9,2014.3200000000002,1.3,2701.6000000000004,90.0,28,4,3,-0.8660254037844386,0.5000000000000001,0.3931847968545216,0,42.0,7.0,2.2823823856765264,360.0,360.0,17.607692307692307
8,18.0,3.0,11.0,1.0,0,12,Ahmedabad,Sterlite Power Transmission Ltd,355,7.9,2804.5,266.7,2106.93,1.3,2804.5,135.0,20,0,0,-2.4492935982947064e-16,1.0,0.5061867266591676,1,41.0,6.833333333333333,2.186051276738094,0.0,0.0,22.224999999999998
17,23.0,3.0,3.0,1.0,0,4,Hyderabad,CESC,356,8.4,2990.4,284.1,2386.4400000000005,1.2530799014431535,2990.4,135.0,30,6,1,0.8660254037844387,-0.4999999999999998,0.4751847940865892,1,47.0,7.833333333333333,2.2407096892759584,810.0,810.0,13.52857142857143
15,23.0,2.0,3.0,1.0,0,2,Hyderabad,TransRail Lighting,315,8.4,2646.0,234.9,1973.16,1.3,2646.0,90.0,20,0,0,0.8660254037844386,0.5000000000000001,0.3831417624521073,0,44.0,7.333333333333333,2.2407096892759584,0.0,0.0,13.05
14,22.0,3.0,18.0,1.0,0,4,Hyderabad,Kalpataru Power,457,8.4,3838.8,318.3,2673.7200000000003,1.3,3838.8,135.0,30,6,1,0.8660254037844387,-0.4999999999999998,0.4241281809613572,1,58.0,9.666666666666666,2.2407096892759584,810.0,810.0,17.683333333333334
8,19.0,3.0,11.0,1.0,0,11,New Delhi,JSW Energy Ltd.,347,8.5,2949.5,271.2,2305.2,1.2794985250737465,2949.5,135.0,28,4,3,-0.5000000000000004,0.8660254037844384,0.497787610619469,1,42.0,7.0,2.2512917986064953,540.0,540.0,22.599999999999998
9,17.0,3.0,8.0,1.0,0,5,New Delhi,Sterlite Power Transmission Ltd,372,8.5,3162.0,255.3,2170.05,1.3,3162.0,135.0,38,14,1,0.49999999999999994,-0.8660254037844387,0.5287896592244418,1,38.0,6.333333333333333,2.2512917986064953,1890.0,1890.0,19.638461538461538
9,19.0,3.0,3.0,1.0,0,2,Nagpur,GE T&D India Limited,262,8.9,2331.8,249.3,2218.77,1.050942639390293,2331.8,135.0,20,0,0,0.8660254037844386,0.5000000000000001,0.5415162454873645,1,35.0,5.833333333333333,2.2925347571405443,0.0,0.0,19.176923076923078
16,23.0,3.0,3.0,1.0,0,12,Ahmedabad,L&T Transmission & Distribution,375,7.9,2962.5,282.0,2227.8,1.3,2962.5,135.0,20,0,0,-2.4492935982947064e-16,1.0,0.4787234042553192,1,46.0,7.666666666666667,2.186051276738094,0.0,0.0,14.1
16,22.0,3.0,6.0,1.0,0,5,Navi Mumbai,Reliance Power,404,9.3,3757.2,286.5,2664.4500000000003,1.3,3757.2,135.0,38,14,1,0.49999999999999994,-0.8660254037844387,0.4712041884816754,1,48.0,8.0,2.33214389523559,1890.0,1890.0,14.325
9,19.0,3.0,18.0,1.0,0,2,Navi Mumbai,Neueon Towers / Sujana Towers Ltd.,365,9.3,3394.5000000000005,294.3,2736.9900000000002,1.2402310567448183,3394.5000000000005,135.0,20,0,0,0.8660254037844386,0.5000000000000001,0.4587155963302752,1,50.0,8.333333333333334,2.33214389523559,0.0,0.0,22.638461538461538
15,23.0,3.0,9.0,1.0,0,6,Pune,SJVN Ltd.,425,9.1,3867.5,297.9,2710.89,1.3,3867.5,135.0,38,14,2,1.2246467991473532e-16,-1.0,0.4531722054380665,1,51.0,8.5,2.312535423847214,1890.0,1890.0,15.678947368421051
8,17.0,2.0,21.0,1.0,0,8,Ahmedabad,Toshiba Transmission & Distribution Systems (India) Pvt. Ltd.,368,7.9,2907.2000000000003,247.2,1952.88,1.3,2907.2000000000003,90.0,32,8,2,-0.8660254037844385,-0.5000000000000004,0.3640776699029126,0,49.0,8.166666666666666,2.186051276738094,720.0,720.0,22.472727272727273
10,21.0,2.0,5.0,1.0,0,2,Mumbai,KEC International,330,9.2,3035.9999999999995,221.4,2036.8799999999999,1.3,3035.9999999999995,90.0,20,0,0,0.8660254037844386,0.5000000000000001,0.4065040650406504,1,39.0,6.5,2.322387720290225,0.0,0.0,17.03076923076923
7,17.0,1.0,9.0,1.0,0,6,Dahej,NHPC,195,7.6,1482.0,164.1,1247.1599999999999,1.1882998171846437,1482.0,45.0,38,14,2,1.2246467991473532e-16,-1.0,0.27422303473491777,0,35.0,5.833333333333333,2.151762203259462,630.0,630.0,18.233333333333334
19,22.0,3.0,10.0,1.0,0,2,Ahmedabad,Adani Power Ltd.,390,7.9,3081.0,304.8,2407.92,1.279527559055118,3081.0,135.0,20,0,0,0.8660254037844386,0.5000000000000001,0.44291338582677164,1,55.0,9.166666666666666,2.186051276738094,0.0,0.0,13.252173913043478
23,22.0,3.0,4.0,1.0,0,3,Dahej,Optibelt Power Transmission India Private Limited,408,7.6,3100.8,295.2,2243.52,1.3,3100.8,135.0,30,6,1,1.0,6.123233995736766e-17,0.4573170731707317,1,53.0,8.833333333333334,2.151762203259462,810.0,810.0,10.933333333333334
13,23.0,2.0,17.0,1.0,0,2,Hyderabad,NHPC,397,8.4,3334.8,272.7,2290.68,1.3,3334.8,90.0,20,0,0,0.8660254037844386,0.5000000000000001,0.33003300330033003,0,56.0,9.333333333333334,2.2407096892759584,0.0,0.0,17.04375
7,21.0,3.0,11.0,1.0,0,6,New Delhi,Kalpataru Power,363,8.5,3085.5,278.1,2363.8500000000004,1.3,3085.5,135.0,38,14,2,1.2246467991473532e-16,-1.0,0.48543689320388345,1,43.0,7.166666666666667,2.2512917986064953,1890.0,1890.0,25.281818181818185
10,17.0,1.0,7.0,1.0,0,6,New Delhi,Torrent Power Ltd.,243,8.5,2065.5,164.4,1397.4,1.3,2065.5,45.0,38,14,2,1.2246467991473532e-16,-1.0,0.2737226277372263,0,36.0,6.0,2.2512917986064953,630.0,630.0,13.700000000000001
6,22.0,3.0,15.0,1.0,0,3,Kolkata,Toshiba Transmission & Distribution Systems (India) Pvt. Ltd.,430,8.7,3741.0,292.5,2544.75,1.3,3741.0,135.0,30,6,1,1.0,6.123233995736766e-17,0.46153846153846156,1,47.0,7.833333333333333,2.272125885509337,810.0,810.0,29.25
10,23.0,2.0,14.0,1.0,0,9,Shimla,L&T Transmission & Distribution,382,7.7,2941.4,257.4,1981.9799999999998,1.3,2941.4,90.0,32,8,2,-1.0,-1.8369701987210297e-16,0.3496503496503497,0,50.0,8.333333333333334,2.163323025660538,720.0,720.0,19.799999999999997
16,23.0,3.0,6.0,1.0,0,8,Vadodara,Jaiprakash Power,436,7.8,3400.8,291.0,2269.7999999999997,1.3,3400.8,135.0,32,8,2,-0.8660254037844385,-0.5000000000000004,0.4639175257731959,1,49.0,8.166666666666666,2.174751721484161,1080.0,1080.0,14.55
13,23.0,3.0,11.0,1.0,0,2,Ratnagiri,Ringfeder Power Transmission India Pvt. Ltd.,408,7.4,3019.2000000000003,299.7,2217.78,1.3,3019.2000000000003,135.0,20,0,0,0.8660254037844386,0.5000000000000001,0.45045045045045046,1,51.0,8.5,2.128231705849268,0.0,0.0,17.629411764705882
18,23.0,3.0,8.0,1.0,0,6,Gurgaon,NLC India,423,8.3,3510.9,301.2,2499.96,1.3,3510.9,135.0,38,14,2,1.2246467991473532e-16,-1.0,0.448207171314741,1,53.0,8.833333333333334,2.2300144001592104,1890.0,1890.0,13.69090909090909
19,22.0,3.0,10.0,1.0,0,1,Nagpur,Orient Green,454,8.9,4040.6,304.8,2712.7200000000003,1.3,4040.6,135.0,20,0,0,0.49999999999999994,0.8660254037844387,0.44291338582677164,1,55.0,9.166666666666666,2.2925347571405443,0.0,0.0,13.252173913043478
9,20.0,3.0,5.0,7.0,0,9,Hyderabad,Kalpataru Power,354,8.4,2973.6,265.2,2227.68,1.3,2973.6,135.0,32,8,2,-1.0,-1.8369701987210297e-16,0.5090497737556561,1,44.0,7.333333333333333,2.2407096892759584,1080.0,1080.0,20.4
19,23.0,3.0,6.0,1.0,0,3,Pune,Torrent Power Ltd.,425,9.1,3867.5,297.3,2705.43,1.3,3867.5,135.0,30,6,1,1.0,6.123233995736766e-17,0.45408678102926336,1,52.0,8.666666666666666,2.312535423847214,810.0,810.0,12.92608695652174
7,20.0,3.0,4.0,1.0,0,1,Nagpur,Ringfeder Power Transmission India Pvt. Ltd.,276,8.9,2456.4,252.6,2248.14,1.0926365795724466,2456.4,135.0,20,0,0,0.49999999999999994,0.8660254037844387,0.5344418052256532,1,35.0,5.833333333333333,2.2925347571405443,0.0,0.0,22.963636363636365
6,17.0,3.0,6.0,1.0,0,8,Ratnagiri,NLC India,344,7.4,2545.6,243.0,1798.2,1.3,2545.6,135.0,32,8,2,-0.8660254037844385,-0.5000000000000004,0.5555555555555556,1,33.0,5.5,2.128231705849268,1080.0,1080.0,24.3
12,23.0,3.0,11.0,1.0,0,2,Ahmedabad,Kalpataru Power,394,7.9,3112.6000000000004,297.6,2351.0400000000004,1.3,3112.6000000000004,135.0,20,0,0,0.8660254037844386,0.5000000000000001,0.4536290322580645,1,50.0,8.333333333333334,2.186051276738094,0.0,0.0,18.6
8,18.0,3.0,8.0,1.0,0,10,Navi Mumbai,Ringfeder Power Transmission India Pvt. Ltd.,366,9.3,3403.8,257.7,2396.61,1.3,3403.8,135.0,28,4,3,-0.8660254037844386,0.5000000000000001,0.5238649592549476,1,38.0,6.333333333333333,2.33214389523559,540.0,540.0,21.474999999999998
22,22.0,3.0,12.0,1.0,0,3,New Delhi,Reliance Power,475,8.5,4037.5,317.1,2695.3500000000004,1.3,4037.5,135.0,30,6,1,1.0,6.123233995736766e-17,0.4257332071901608,1,60.0,10.0,2.2512917986064953,810.0,810.0,12.196153846153846
9,20.0,3.0,18.0,1.0,0,12,Chennai,Ringfeder Power Transmission India Pvt. Ltd.,431,8.8,3792.8,298.8,2629.4400000000005,1.3,3792.8,135.0,20,0,0,-2.4492935982947064e-16,1.0,0.4518072289156626,1,51.0,8.5,2.2823823856765264,0.0,0.0,22.984615384615385
10,20.0,3.0,13.0,1.0,0,11,Dahej,Power Grid Corp,367,7.6,2789.2,285.9,2172.8399999999997,1.2836656173487235,2789.2,135.0,28,4,3,-0.5000000000000004,0.8660254037844384,0.472193074501574,1,47.0,7.833333333333333,2.151762203259462,540.0,540.0,20.42142857142857
8,17.0,1.0,18.0,1.0,0,2,Faridabad,KEC International,278,8.1,2251.8,193.2,1564.9199999999998,1.3,2251.8,45.0,20,0,0,0.8660254037844386,0.5000000000000001,0.23291925465838512,0,45.0,7.5,2.2082744135228043,0.0,0.0,19.32
10,18.0,2.0,5.0,1.0,0,1,Navi Mumbai,Ratnagiri Gas and Power Pvt. Ltd. (RGPPL),249,9.3,2315.7000000000003,207.9,1933.4700000000003,1.1976911976911977,2315.7000000000003,90.0,20,0,0,0.49999999999999994,0.8660254037844387,0.4329004329004329,1,36.0,6.0,2.33214389523559,0.0,0.0,15.992307692307692
9,23.0,2.0,9.0,1.0,0,9,Navi Mumbai,Adani Power Ltd.,354,9.3,3292.2000000000003,240.3,2234.7900000000004,1.3,3292.2000000000003,90.0,32,8,2,-1.0,-1.8369701987210297e-16,0.3745318352059925,0,44.0,7.333333333333333,2.33214389523559,720.0,720.0,20.025000000000002
15,22.0,3.0,3.0,1.0,0,1,Chennai,Neueon Towers / Sujana Towers Ltd.,392,8.8,3449.6000000000004,275.4,2423.52,1.3,3449.6000000000004,135.0,20,0,0,0.49999999999999994,0.8660254037844387,0.4901960784313726,1,44.0,7.333333333333333,2.2823823856765264,0.0,0.0,14.494736842105262
9,21.0,3.0,4.0,1.0,0,6,Faridabad,Indowind Energy,334,8.1,2705.4,261.3,2116.53,1.27822426329889,2705.4,135.0,38,14,2,1.2246467991473532e-16,-1.0,0.5166475315729047,1,38.0,6.333333333333333,2.2082744135228043,1890.0,1890.0,20.1
7,19.0,1.0,4.0,1.0,0,2,Chennai,Bonfiglioli Transmission Pvt. Ltd.,228,8.8,2006.4,158.1,1391.28,1.3,2006.4,45.0,20,0,0,0.8660254037844386,0.5000000000000001,0.28462998102466797,0,32.0,5.333333333333333,2.2823823856765264,0.0,0.0,17.566666666666666
7,23.0,3.0,18.0,1.0,0,5,New Delhi,Optibelt Power Transmission India Private Limited,450,8.5,3825.0,308.1,2618.8500000000004,1.3,3825.0,135.0,38,14,1,0.49999999999999994,-0.8660254037844387,0.43816942551119764,1,52.0,8.666666666666666,2.2512917986064953,1890.0,1890.0,28.00909090909091
21,23.0,3.0,4.0,1.0,0,11,Chennai,Reliance Energy,415,8.8,3652.000000000001,295.5,2600.4,1.3,3652.000000000001,135.0,28,4,3,-0.5000000000000004,0.8660254037844384,0.45685279187817257,1,52.0,8.666666666666666,2.2823823856765264,540.0,540.0,11.82
14,23.0,3.0,6.0,1.0,0,9,Dahej,Torrent Power Ltd.,405,7.6,3078.0,286.8,2179.68,1.3,3078.0,135.0,32,8,2,-1.0,-1.8369701987210297e-16,0.4707112970711297,1,47.0,7.833333333333333,2.151762203259462,1080.0,1080.0,15.933333333333334
6,23.0,3.0,10.0,1.0,0,3,Faridabad,Sunil Hitech Eng,404,8.1,3272.4,282.0,2284.2,1.3,3272.4,135.0,30,6,1,1.0,6.123233995736766e-17,0.4787234042553192,1,43.0,7.166666666666667,2.2082744135228043,810.0,810.0,28.2
23,23.0,3.0,5.0,1.0,0,7,Ahmedabad,Tata Power Company Ltd.,428,7.9,3381.2000000000003,302.7,2391.33,1.3,3381.2000000000003,135.0,32,8,2,-0.4999999999999997,-0.8660254037844388,0.445986124876115,1,55.0,9.166666666666666,2.186051276738094,1080.0,1080.0,11.21111111111111
8,22.0,3.0,8.0,7.0,0,12,Ratnagiri,KEC International,421,7.4,3115.4,281.1,2080.1400000000003,1.3,3115.4,135.0,20,0,0,-2.4492935982947064e-16,1.0,0.48025613660618993,1,48.0,8.0,2.128231705849268,0.0,0.0,23.425
13,23.0,2.0,10.0,1.0,0,6,Ahmedabad,Bonfiglioli Transmission Pvt. Ltd.,362,7.9,2859.8,251.7,1988.43,1.3,2859.8,90.0,38,14,2,1.2246467991473532e-16,-1.0,0.3575685339690107,0,49.0,8.166666666666666,2.186051276738094,1260.0,1260.0,15.73125
13,23.0,3.0,11.0,1.0,0,7,Mumbai,SJVN Ltd.,426,9.2,3919.2,299.7,2757.24,1.3,3919.2,135.0,32,8,2,-0.4999999999999997,-0.8660254037844388,0.45045045045045046,1,51.0,8.5,2.322387720290225,1080.0,1080.0,17.629411764705882
20,23.0,3.0,12.0,1.0,0,2,Faridabad,Ringfeder Power Transmission India Pvt. Ltd.,469,8.1,3798.9,317.4,2570.9399999999996,1.3,3798.9,135.0,20,0,0,0.8660254037844386,0.5000000000000001,0.42533081285444235,1,59.0,9.833333333333334,2.2082744135228043,0.0,0.0,13.225
9,23.0,3.0,5.0,1.0,0,3,New Delhi,CESC,384,8.5,3264.0,273.3,2323.05,1.3,3264.0,135.0,30,6,1,1.0,6.123233995736766e-17,0.49396267837541163,1,41.0,6.833333333333333,2.2512917986064953,810.0,810.0,21.023076923076925
6,23.0,3.0,16.0,1.0,0,9,Ratnagiri,SJVN Ltd.,421,7.4,3115.4,300.0,2220.0,1.3,3115.4,135.0,32,8,2,-1.0,-1.8369701987210297e-16,0.45,1,49.0,8.166666666666666,2.128231705849268,1080.0,1080.0,30.0
8,21.0,3.0,19.0,1.0,0,3,Gurgaon,Sunil Hitech Eng,444,8.3,3685.2,304.2,2524.86,1.3,3685.2,135.0,30,6,1,1.0,6.123233995736766e-17,0.4437869822485207,1,52.0,8.666666666666666,2.2300144001592104,810.0,810.0,25.349999999999998
7,21.0,3.0,7.0,1.0,0,9,New Delhi,TransRail Lighting,381,8.5,3238.5,266.1,2261.8500000000004,1.3,3238.5,135.0,32,8,2,-1.0,-1.8369701987210297e-16,0.5073280721533258,1,39.0,6.5,2.2512917986064953,1080.0,1080.0,24.19090909090909
6,19.0,1.0,7.0,1.0,0,2,Dahej,Power Grid Corp,236,7.6,1793.6,165.0,1254.0,1.3,1793.6,45.0,20,0,0,0.8660254037844386,0.5000000000000001,0.2727272727272727,0,34.0,5.666666666666667,2.151762203259462,0.0,0.0,20.625
8,20.0,2.0,8.0,1.0,0,2,Gurgaon,NLC India,325,8.3,2697.5000000000005,221.7,1840.1100000000001,1.3,2697.5000000000005,90.0,20,0,0,0.8660254037844386,0.5000000000000001,0.4059539918809202,1,39.0,6.5,2.2300144001592104,0.0,0.0,20.154545454545453
8,19.0,2.0,12.0,1.0,0,2,Navi Mumbai,GE T&D India Limited,297,9.3,2762.1000000000004,229.2,2131.56,1.2958115183246075,2762.1000000000004,90.0,20,0,0,0.8660254037844386,0.5000000000000001,0.39267015706806285,0,42.0,7.0,2.33214389523559,0.0,0.0,20.836363636363636
17,23.0,3.0,4.0,1.0,0,8,Ratnagiri,Jaiprakash Power,412,7.4,3048.8,287.1,2124.5400000000004,1.3,3048.8,135.0,32,8,2,-0.8660254037844385,-0.5000000000000004,0.47021943573667707,1,48.0,8.0,2.128231705849268,1080.0,1080.0,13.671428571428573
18,23.0,3.0,13.0,1.0,0,11,Faridabad,Kalpataru Power,455,8.1,3685.5,316.2,2561.22,1.3,3685.5,135.0,28,4,3,-0.5000000000000004,0.8660254037844384,0.4269449715370019,1,58.0,9.666666666666666,2.2082744135228043,540.0,540.0,14.372727272727273
13,23.0,3.0,6.0,1.0,0,2,Chennai,Indowind Energy,354,8.8,3115.2000000000003,284.7,2505.36,1.243414120126449,3115.2000000000003,135.0,20,0,0,0.8660254037844386,0.5000000000000001,0.4741833508956797,1,46.0,7.666666666666667,2.2823823856765264,0.0,0.0,16.74705882352941
14,22.0,1.0,12.0,1.0,0,2,Shimla,Orient Green,301,7.7,2317.7000000000003,210.3,1619.3100000000002,1.3,2317.7000000000003,45.0,20,0,0,0.8660254037844386,0.5000000000000001,0.21398002853067047,0,50.0,8.333333333333334,2.163323025660538,0.0,0.0,13.14375
12,23.0,3.0,11.0,1.0,0,12,Chennai,Sterlite Power Transmission Ltd,434,8.8,3819.2,297.6,2618.8800000000006,1.3,3819.2,135.0,20,0,0,-2.4492935982947064e-16,1.0,0.4536290322580645,1,50.0,8.333333333333334,2.2823823856765264,0.0,0.0,18.6
8,20.0,3.0,7.0,1.0,0,8,Ahmedabad,Adani Power Ltd.,321,7.9,2535.9,263.7,2083.23,1.217292377701934,2535.9,135.0,32,8,2,-0.8660254037844385,-0.5000000000000004,0.5119453924914676,1,39.0,6.5,2.186051276738094,1080.0,1080.0,21.974999999999998
17,22.0,3.0,6.0,1.0,0,5,Vadodara,Toshiba Transmission & Distribution Systems (India) Pvt. Ltd.,400,7.8,3120.0,288.6,2251.08,1.3,3120.0,135.0,38,14,1,0.49999999999999994,-0.8660254037844387,0.46777546777546775,1,49.0,8.166666666666666,2.174751721484161,1890.0,1890.0,13.742857142857144
8,19.0,2.0,14.0,1.0,0,1,Shimla,Sterlite Power Transmission Ltd,331,7.7,2548.7000000000003,235.2,1811.04,1.3,2548.7000000000003,90.0,20,0,0,0.49999999999999994,0.8660254037844387,0.38265306122448983,0,44.0,7.333333333333333,2.163323025660538,0.0,0.0,21.38181818181818
6,19.0,2.0,10.0,1.0,0,4,Navi Mumbai,Reliance Energy,299,9.3,2780.7000000000003,219.0,2036.7,1.3,2780.7000000000003,90.0,30,6,1,0.8660254037844387,-0.4999999999999998,0.410958904109589,1,38.0,6.333333333333333,2.33214389523559,540.0,540.0,24.333333333333332
10,19.0,2.0,18.0,1.0,0,6,Mumbai,JSW Energy Ltd.,360,9.2,3311.9999999999995,251.4,2312.8799999999997,1.3,3311.9999999999995,90.0,38,14,2,1.2246467991473532e-16,-1.0,0.35799522673031026,0,50.0,8.333333333333334,2.322387720290225,1260.0,1260.0,19.338461538461537
5,17.0,2.0,5.0,7.0,0,11,Pune,JSW Energy Ltd.,284,9.1,2584.4,198.3,1804.53,1.3,2584.4,90.0,28,4,3,-0.5000000000000004,0.8660254037844384,0.45385779122541603,1,36.0,6.0,2.312535423847214,360.0,360.0,24.7875
8,20.0,0.0,4.0,1.0,0,2,Noida,Reliance Energy,169,8.2,1385.8,119.7,981.54,1.3,1385.8,0.0,20,0,0,0.8660254037844386,0.5000000000000001,0.0,0,33.0,5.5,2.2192034840549946,0.0,0.0,13.3
18,22.0,3.0,5.0,1.0,0,12,Chennai,Jyoti Structure,402,8.8,3537.6000000000004,287.7,2531.76,1.3,3537.6000000000004,135.0,20,0,0,-2.4492935982947064e-16,1.0,0.46923879040667366,1,49.0,8.166666666666666,2.2823823856765264,0.0,0.0,13.077272727272726
14,22.0,3.0,7.0,1.0,0,2,Pune,L&T Transmission & Distribution,392,9.1,3567.2,285.3,2596.23,1.3,3567.2,135.0,20,0,0,0.8660254037844386,0.5000000000000001,0.47318611987381703,1,47.0,7.833333333333333,2.312535423847214,0.0,0.0,15.850000000000001
15,23.0,3.0,5.0,1.0,0,3,Mumbai,Sunil Hitech Eng,418,9.2,3845.6,285.9,2630.2799999999997,1.3,3845.6,135.0,30,6,1,1.0,6.123233995736766e-17,0.472193074501574,1,47.0,7.833333333333333,2.322387720290225,810.0,810.0,15.04736842105263
10,20.0,3.0,4.0,1.0,0,3,Noida,Indowind Energy,371,8.2,3042.2,258.9,2122.9799999999996,1.3,3042.2,135.0,30,6,1,1.0,6.123233995736766e-17,0.5214368482039398,1,38.0,6.333333333333333,2.2192034840549946,810.0,810.0,18.49285714285714
7,17.0,3.0,5.0,7.0,0,10,Kolkata,Bonfiglioli Transmission Pvt. Ltd.,365,8.7,3175.4999999999995,247.5,2153.25,1.3,3175.4999999999995,135.0,28,4,3,-0.8660254037844386,0.5000000000000001,0.5454545454545454,1,39.0,6.5,2.272125885509337,540.0,540.0,22.5
9,21.0,2.0,3.0,1.0,0,12,Vadodara,Ratnagiri Gas and Power Pvt. Ltd. (RGPPL),290,7.8,2262.0,213.3,1663.74,1.3,2262.0,90.0,20,0,0,-2.4492935982947064e-16,1.0,0.42194092827004215,1,36.0,6.0,2.174751721484161,0.0,0.0,17.775000000000002
14,23.0,3.0,3.0,1.0,0,4,Nagpur,NTPC Pvt. Ltd.,347,8.9,3088.3,277.8,2472.42,1.2491000719942404,3088.3,135.0,30,6,1,0.8660254037844387,-0.4999999999999998,0.48596112311015116,1,44.0,7.333333333333333,2.2925347571405443,810.0,810.0,15.433333333333334
12,22.0,3.0,7.0,1.0,0,8,Faridabad,Reliance Energy,408,8.1,3304.8,281.1,2276.9100000000003,1.3,3304.8,135.0,32,8,2,-0.8660254037844385,-0.5000000000000004,0.48025613660618993,1,45.0,7.5,2.2082744135228043,1080.0,1080.0,17.56875
13,23.0,3.0,8.0,1.0,0,9,Hyderabad,Ringfeder Power Transmission India Pvt. Ltd.,405,8.4,3402.0,290.7,2441.88,1.3,3402.0,135.0,32,8,2,-1.0,-1.8369701987210297e-16,0.4643962848297214,1,48.0,8.0,2.2407096892759584,1080.0,1080.0,17.099999999999998
16,22.0,3.0,13.0,1.0,0,8,Pune,Tata Power Company Ltd.,459,9.1,4176.9,307.5,2798.25,1.3,4176.9,135.0,32,8,2,-0.8660254037844385,-0.5000000000000004,0.43902439024390244,1,55.0,9.166666666666666,2.312535423847214,1080.0,1080.0,15.375
6,21.0,2.0,3.0,1.0,0,6,Pune,Orient Green,259,9.1,2356.9,207.0,1883.6999999999998,1.2512077294685993,2356.9,90.0,38,14,2,1.2246467991473532e-16,-1.0,0.43478260869565216,1,33.0,5.5,2.312535423847214,1260.0,1260.0,23.0
9,20.0,2.0,7.0,1.0,0,12,Nagpur,Kalpataru Power,327,8.9,2910.3,220.8,1965.1200000000001,1.3,2910.3,90.0,20,0,0,-2.4492935982947064e-16,1.0,0.4076086956521739,1,39.0,6.5,2.2925347571405443,0.0,0.0,18.400000000000002
7,17.0,3.0,10.0,1.0,0,2,Faridabad,Optibelt Power Transmission India Private Limited,287,8.1,2324.7,257.1,2082.51,1.116297160637884,2324.7,135.0,20,0,0,0.8660254037844386,0.5000000000000001,0.5250875145857642,1,38.0,6.333333333333333,2.2082744135228043,0.0,0.0,23.372727272727275
10,19.0,2.0,11.0,1.0,0,6,Kolkata,Adani Power Ltd.,335,8.7,2914.4999999999995,230.4,2004.4799999999998,1.3,2914.4999999999995,90.0,38,14,2,1.2246467991473532e-16,-1.0,0.390625,0,43.0,7.166666666666667,2.272125885509337,1260.0,1260.0,17.723076923076924
5,20.0,3.0,10.0,7.0,0,7,Kolkata,KEC International,388,8.7,3375.6,271.8,2364.66,1.3,3375.6,135.0,32,8,2,-0.4999999999999997,-0.8660254037844388,0.4966887417218543,1,45.0,7.5,2.272125885509337,1080.0,1080.0,30.200000000000003
13,23.0,3.0,3.0,1.0,0,5,Hyderabad,Optibelt Power Transmission India Private Limited,345,8.4,2898.0,275.7,2315.88,1.251360174102285,2898.0,135.0,38,14,1,0.49999999999999994,-0.8660254037844387,0.4896626768226333,1,43.0,7.166666666666667,2.2407096892759584,1890.0,1890.0,16.21764705882353
10,21.0,2.0,3.0,1.0,0,1,Gurgaon,Ratnagiri Gas and Power Pvt. Ltd. (RGPPL),322,8.3,2672.6000000000004,215.4,1787.8200000000002,1.3,2672.6000000000004,90.0,20,0,0,0.49999999999999994,0.8660254037844387,0.41782729805013924,1,37.0,6.166666666666667,2.2300144001592104,0.0,0.0,16.56923076923077
11,22.0,3.0,10.0,1.0,0,9,Navi Mumbai,Jaiprakash Power,372,9.3,3459.6000000000004,288.0,2678.4,1.2916666666666667,3459.6000000000004,135.0,32,8,2,-1.0,-1.8369701987210297e-16,0.46875,1,47.0,7.833333333333333,2.33214389523559,1080.0,1080.0,19.2
13,22.0,1.0,5.0,1.0,0,9,Chennai,GE T&D India Limited,276,8.8,2428.8,187.2,1647.3600000000001,1.3,2428.8,45.0,32,8,2,-1.0,-1.8369701987210297e-16,0.2403846153846154,0,42.0,7.0,2.2823823856765264,360.0,360.0,12.479999999999999
9,18.0,2.0,9.0,1.0,0,9,Pune,KEC International,320,9.1,2912.0,217.8,1981.98,1.3,2912.0,90.0,32,8,2,-1.0,-1.8369701987210297e-16,0.4132231404958677,1,39.0,6.5,2.312535423847214,720.0,720.0,18.150000000000002
15,22.0,2.0,12.0,1.0,0,6,Navi Mumbai,Indowind Energy,375,9.3,3487.5000000000005,257.4,2393.82,1.3,3487.5000000000005,90.0,38,14,2,1.2246467991473532e-16,-1.0,0.3496503496503497,0,52.0,8.666666666666666,2.33214389523559,1260.0,1260.0,14.299999999999999
8,21.0,2.0,11.0,1.0,0,3,Ahmedabad,Ratnagiri Gas and Power Pvt. Ltd. (RGPPL),324,7.9,2559.6,235.2,1858.08,1.3,2559.6,90.0,30,6,1,1.0,6.123233995736766e-17,0.38265306122448983,0,43.0,7.166666666666667,2.186051276738094,540.0,540.0,21.38181818181818
8,17.0,2.0,4.0,1.0,0,3,Ratnagiri,CESC,209,7.4,1546.6,196.2,1451.8799999999999,1.0652395514780837,1546.6,90.0,30,6,1,1.0,6.123233995736766e-17,0.45871559633027525,1,32.0,5.333333333333333,2.128231705849268,540.0,540.0,17.836363636363636
7,18.0,3.0,10.0,1.0,0,5,Shimla,"Maha Transco – Maharashtra State Electricity Transmission Co, Ltd.",323,7.7,2487.1,261.6,2014.3200000000002,1.234709480122324,2487.1,135.0,38,14,1,0.49999999999999994,-0.8660254037844387,0.5160550458715596,1,39.0,6.5,2.163323025660538,1890.0,1890.0,23.781818181818185
19,23.0,3.0,10.0,1.0,0,2,Noida,Unitech Power Transmission Ltd.,448,8.2,3673.6,309.3,2536.2599999999998,1.3,3673.6,135.0,20,0,0,0.8660254037844386,0.5000000000000001,0.4364694471387003,1,56.0,9.333333333333334,2.2192034840549946,0.0,0.0,13.447826086956523
7,23.0,2.0,13.0,7.0,0,2,Noida,JSW Energy Ltd.,374,8.2,3066.8,253.5,2078.7,1.3,3066.8,90.0,20,0,0,0.8660254037844386,0.5000000000000001,0.35502958579881655,0,52.0,8.666666666666666,2.2192034840549946,0.0,0.0,25.35
11,23.0,3.0,5.0,1.0,0,4,Hyderabad,Orient Green,359,8.4,3015.6,277.5,2331.0,1.2936936936936936,3015.6,135.0,30,6,1,0.8660254037844387,-0.4999999999999998,0.4864864864864865,1,43.0,7.166666666666667,2.2407096892759584,810.0,810.0,18.5
10,20.0,3.0,8.0,1.0,0,7,Vadodara,Orient Green,392,7.8,3057.6,270.9,2113.02,1.3,3057.6,135.0,32,8,2,-0.4999999999999997,-0.8660254037844388,0.49833887043189373,1,42.0,7.0,2.174751721484161,1080.0,1080.0,19.349999999999998
9,18.0,2.0,6.0,1.0,0,2,New Delhi,NTPC Pvt. Ltd.,245,8.5,2082.5,208.8,1774.8000000000002,1.1733716475095783,2082.5,90.0,20,0,0,0.8660254037844386,0.5000000000000001,0.43103448275862066,1,36.0,6.0,2.2512917986064953,0.0,0.0,17.400000000000002
21,23.0,3.0,12.0,1.0,0,4,Ahmedabad,NHPC,463,7.9,3657.7,319.5,2524.05,1.3,3657.7,135.0,30,6,1,0.8660254037844387,-0.4999999999999998,0.4225352112676056,1,60.0,10.0,2.186051276738094,810.0,810.0,12.78
6,23.0,3.0,4.0,1.0,0,6,Pune,CESC,374,9.1,3403.4,264.0,2402.4,1.3,3403.4,135.0,38,14,2,1.2246467991473532e-16,-1.0,0.5113636363636364,1,37.0,6.166666666666667,2.312535423847214,1890.0,1890.0,26.4
6,17.0,1.0,5.0,1.0,0,10,Chennai,Reliance Power,206,8.8,1812.8,150.0,1320.0,1.3,1812.8,45.0,28,4,3,-0.8660254037844386,0.5000000000000001,0.3,0,30.0,5.0,2.2823823856765264,180.0,180.0,18.75
16,22.0,3.0,9.0,1.0,0,7,Faridabad,Sunil Hitech Eng,413,8.1,3345.3,295.5,2393.5499999999997,1.3,3345.3,135.0,32,8,2,-0.4999999999999997,-0.8660254037844388,0.45685279187817257,1,51.0,8.5,2.2082744135228043,1080.0,1080.0,14.775
22,22.0,3.0,9.0,1.0,0,3,Kolkata,GE T&D India Limited,447,8.7,3888.9,308.1,2680.47,1.3,3888.9,135.0,30,6,1,1.0,6.123233995736766e-17,0.43816942551119764,1,57.0,9.5,2.272125885509337,810.0,810.0,11.850000000000001
6,17.0,2.0,5.0,1.0,0,6,Faridabad,Ringfeder Power Transmission India Pvt. Ltd.,289,8.1,2340.9,195.0,1579.5,1.3,2340.9,90.0,38,14,2,1.2246467991473532e-16,-1.0,0.46153846153846156,1,31.0,5.166666666666667,2.2082744135228043,1260.0,1260.0,21.666666666666668
6,20.0,2.0,9.0,1.0,0,9,Chennai,Ringfeder Power Transmission India Pvt. Ltd.,302,8.8,2657.6000000000004,220.5,1940.4,1.3,2657.6000000000004,90.0,32,8,2,-1.0,-1.8369701987210297e-16,0.40816326530612246,1,38.0,6.333333333333333,2.2823823856765264,720.0,720.0,24.5
8,22.0,3.0,6.0,1.0,0,7,Shimla,Optibelt Power Transmission India Private Limited,361,7.7,2779.7000000000003,269.7,2076.69,1.3,2779.7000000000003,135.0,32,8,2,-0.4999999999999997,-0.8660254037844388,0.5005561735261401,1,40.0,6.666666666666667,2.163323025660538,1080.0,1080.0,22.474999999999998
9,19.0,2.0,6.0,1.0,0,11,Mumbai,KEC International,318,9.2,2925.6,213.3,1962.36,1.3,2925.6,90.0,28,4,3,-0.5000000000000004,0.8660254037844384,0.42194092827004215,1,37.0,6.166666666666667,2.322387720290225,360.0,360.0,17.775000000000002
15,22.0,3.0,6.0,1.0,0,4,New Delhi,Power Grid Corp,392,8.5,3332.0,284.4,2417.3999999999996,1.3,3332.0,135.0,30,6,1,0.8660254037844387,-0.4999999999999998,0.4746835443037975,1,47.0,7.833333333333333,2.2512917986064953,810.0,810.0,14.968421052631578
10,20.0,2.0,4.0,1.0,0,4,Ratnagiri,Orient Green,307,7.4,2271.8,213.9,1582.8600000000001,1.3,2271.8,90.0,30,6,1,0.8660254037844387,-0.4999999999999998,0.42075736325385693,1,37.0,6.166666666666667,2.128231705849268,540.0,540.0,16.453846153846154
5,18.0,2.0,8.0,1.0,0,6,Noida,Reliance Power,267,8.2,2189.4,206.4,1692.4799999999998,1.293604651162791,2189.4,90.0,38,14,2,1.2246467991473532e-16,-1.0,0.436046511627907,1,34.0,5.666666666666667,2.2192034840549946,1260.0,1260.0,25.8
7,20.0,1.0,3.0,1.0,0,9,Kolkata,NLC India,192,8.7,1670.4,159.6,1388.5199999999998,1.2030075187969929,1670.4,45.0,32,8,2,-1.0,-1.8369701987210297e-16,0.2819548872180451,0,32.0,5.333333333333333,2.272125885509337,360.0,360.0,17.733333333333334
10,23.0,3.0,13.0,1.0,0,2,Ratnagiri,Sunil Hitech Eng,397,7.4,2937.8,299.4,2215.56,1.3,2937.8,135.0,20,0,0,0.8660254037844386,0.5000000000000001,0.4509018036072145,1,50.0,8.333333333333334,2.128231705849268,0.0,0.0,21.385714285714283
22,23.0,3.0,10.0,1.0,0,6,Mumbai,NHPC,454,9.2,4176.799999999999,315.6,2903.52,1.3,4176.799999999999,135.0,38,14,2,1.2246467991473532e-16,-1.0,0.42775665399239543,1,59.0,9.833333333333334,2.322387720290225,1890.0,1890.0,12.13846153846154
9,18.0,3.0,19.0,1.0,0,2,Chennai,GE T&D India Limited,375,8.8,3300.0000000000005,292.8,2576.6400000000003,1.2807377049180328,3300.0000000000005,135.0,20,0,0,0.8660254037844386,0.5000000000000001,0.4610655737704918,1,50.0,8.333333333333334,2.2823823856765264,0.0,0.0,22.523076923076925
11,22.0,3.0,22.0,1.0,0,11,Vadodara,KEC International,469,7.8,3658.2,324.0,2527.2,1.3,3658.2,135.0,28,4,3,-0.5000000000000004,0.8660254037844384,0.4166666666666667,1,59.0,9.833333333333334,2.174751721484161,540.0,540.0,21.6
11,22.0,3.0,3.0,1.0,0,6,Kolkata,Neueon Towers / Sujana Towers Ltd.,351,8.7,3053.7,267.0,2322.8999999999996,1.3,3053.7,135.0,38,14,2,1.2246467991473532e-16,-1.0,0.5056179775280899,1,40.0,6.666666666666667,2.272125885509337,1890.0,1890.0,17.8
10,18.0,3.0,13.0,1.0,0,11,Pune,TransRail Lighting,389,9.1,3539.9,276.9,2519.7899999999995,1.3,3539.9,135.0,28,4,3,-0.5000000000000004,0.8660254037844384,0.48754062838569884,1,45.0,7.5,2.312535423847214,540.0,540.0,19.77857142857143
5,21.0,3.0,19.0,1.0,0,2,Navi Mumbai,CESC,440,9.3,4092.000000000001,297.9,2770.47,1.3,4092.000000000001,135.0,20,0,0,0.8660254037844386,0.5000000000000001,0.4531722054380665,1,49.0,8.166666666666666,2.33214389523559,0.0,0.0,33.099999999999994
15,22.0,3.0,9.0,1.0,0,9,Mumbai,NLC India,383,9.2,3523.6,293.4,2699.2799999999997,1.3,3523.6,135.0,32,8,2,-1.0,-1.8369701987210297e-16,0.4601226993865031,1,50.0,8.333333333333334,2.322387720290225,1080.0,1080.0,15.442105263157893
8,20.0,2.0,3.0,1.0,0,7,Ratnagiri,Kalpataru Power,267,7.4,1975.8,206.7,1529.58,1.2917271407837445,1975.8,90.0,32,8,2,-0.4999999999999997,-0.8660254037844388,0.4354136429608128,1,34.0,5.666666666666667,2.128231705849268,720.0,720.0,18.79090909090909
13,23.0,3.0,12.0,1.0,0,9,Nagpur,Unitech Power Transmission Ltd.,425,8.9,3782.5,302.7,2694.03,1.3,3782.5,135.0,32,8,2,-1.0,-1.8369701987210297e-16,0.445986124876115,1,52.0,8.666666666666666,2.2925347571405443,1080.0,1080.0,17.805882352941175
16,23.0,2.0,3.0,1.0,0,2,Ahmedabad,GE T&D India Limited,282,7.9,2227.8,237.0,1872.3000000000002,1.1898734177215189,2227.8,90.0,20,0,0,0.8660254037844386,0.5000000000000001,0.379746835443038,0,45.0,7.5,2.186051276738094,0.0,0.0,12.473684210526315
8,18.0,3.0,6.0,1.0,0,6,Dahej,Guj Ind Power,249,7.6,1892.4,251.7,1912.9199999999998,0.9892729439809298,1892.4,135.0,38,14,2,1.2246467991473532e-16,-1.0,0.5363528009535161,1,36.0,6.0,2.151762203259462,1890.0,1890.0,20.974999999999998
6,21.0,3.0,4.0,7.0,0,11,Faridabad,Sterlite Power Transmission Ltd,342,8.1,2770.2,260.4,2109.24,1.3,2770.2,135.0,28,4,3,-0.5000000000000004,0.8660254037844384,0.5184331797235023,1,41.0,6.833333333333333,2.2082744135228043,540.0,540.0,26.04
12,22.0,2.0,10.0,1.0,0,11,Faridabad,Toshiba Transmission & Distribution Systems (India) Pvt. Ltd.,362,8.1,2932.2,245.1,1985.31,1.3,2932.2,90.0,28,4,3,-0.5000000000000004,0.8660254037844384,0.36719706242350064,0,47.0,7.833333333333333,2.2082744135228043,360.0,360.0,16.34
5,22.0,2.0,5.0,1.0,0,3,Faridabad,Toshiba Transmission & Distribution Systems (India) Pvt. Ltd.,301,8.1,2438.1,215.4,1744.74,1.3,2438.1,90.0,30,6,1,1.0,6.123233995736766e-17,0.41782729805013924,1,35.0,5.833333333333333,2.2082744135228043,540.0,540.0,26.925
15,22.0,2.0,16.0,1.0,0,2,Ratnagiri,Unitech Power Transmission Ltd.,369,7.4,2730.6,269.4,1993.56,1.3,2730.6,90.0,20,0,0,0.8660254037844386,0.5000000000000001,0.33407572383073497,0,56.0,9.333333333333334,2.128231705849268,0.0,0.0,14.966666666666665
15,22.0,3.0,9.0,1.0,0,6,Hyderabad,Tata Power Company Ltd.,392,8.4,3292.8,293.4,2464.56,1.3,3292.8,135.0,38,14,2,1.2246467991473532e-16,-1.0,0.4601226993865031,1,50.0,8.333333333333334,2.2407096892759584,1890.0,1890.0,15.442105263157893
13,23.0,3.0,4.0,1.0,0,1,Mumbai,NTPC Pvt. Ltd.,381,9.2,3505.2,278.7,2564.0399999999995,1.3,3505.2,135.0,20,0,0,0.49999999999999994,0.8660254037844387,0.48439181916038754,1,44.0,7.333333333333333,2.322387720290225,0.0,0.0,16.394117647058824
5,21.0,2.0,4.0,1.0,0,9,Gurgaon,Orient Green,238,8.3,1975.4,207.9,1725.5700000000002,1.1447811447811447,1975.4,90.0,32,8,2,-1.0,-1.8369701987210297e-16,0.4329004329004329,1,33.0,5.5,2.2300144001592104,720.0,720.0,25.9875
7,21.0,3.0,10.0,1.0,0,1,Ahmedabad,"Maha Transco – Maharashtra State Electricity Transmission Co, Ltd.",372,7.9,2938.8,275.1,2173.2900000000004,1.3,2938.8,135.0,20,0,0,0.49999999999999994,0.8660254037844387,0.4907306434023991,1,42.0,7.0,2.186051276738094,0.0,0.0,25.00909090909091
5,23.0,3.0,8.0,1.0,0,7,Chennai,Guj Ind Power,362,8.8,3185.6000000000004,273.9,2410.32,1.3,3185.6000000000004,135.0,32,8,2,-0.4999999999999997,-0.8660254037844388,0.49288061336254113,1,40.0,6.666666666666667,2.2823823856765264,1080.0,1080.0,30.43333333333333
13,23.0,3.0,7.0,1.0,0,2,Mumbai,TransRail Lighting,401,9.2,3689.2,287.7,2646.8399999999997,1.3,3689.2,135.0,20,0,0,0.8660254037844386,0.5000000000000001,0.46923879040667366,1,47.0,7.833333333333333,2.322387720290225,0.0,0.0,16.923529411764704
15,22.0,3.0,5.0,12.0,0,2,Faridabad,Toshiba Transmission & Distribution Systems (India) Pvt. Ltd.,396,8.1,3207.6,291.3,2359.53,1.3,3207.6,135.0,20,0,0,0.8660254037844386,0.5000000000000001,0.4634397528321318,1,57.0,9.5,2.2082744135228043,0.0,0.0,15.331578947368422
12,22.0,2.0,7.0,1.0,0,2,Faridabad,Tata Power Company Ltd.,289,8.1,2340.9,236.1,1912.4099999999999,1.224057602710716,2340.9,90.0,20,0,0,0.8660254037844386,0.5000000000000001,0.3811944091486658,0,44.0,7.333333333333333,2.2082744135228043,0.0,0.0,15.74
7,17.0,3.0,14.0,1.0,0,1,Gurgaon,Jaiprakash Power,385,8.3,3195.5000000000005,269.1,2233.53,1.3,3195.5000000000005,135.0,20,0,0,0.49999999999999994,0.8660254037844387,0.5016722408026756,1,42.0,7.0,2.2300144001592104,0.0,0.0,24.463636363636365
11,22.0,2.0,11.0,1.0,0,4,Kolkata,GE T&D India Limited,356,8.7,3097.2,246.0,2140.2,1.3,3097.2,90.0,30,6,1,0.8660254037844387,-0.4999999999999998,0.36585365853658536,0,47.0,7.833333333333333,2.272125885509337,540.0,540.0,17.571428571428573
12,23.0,3.0,7.0,1.0,0,4,Noida,Adani Power Ltd.,411,8.2,3370.2,285.6,2341.92,1.3,3370.2,135.0,30,6,1,0.8660254037844387,-0.4999999999999998,0.4726890756302521,1,46.0,7.666666666666667,2.2192034840549946,810.0,810.0,17.85
7,22.0,3.0,7.0,1.0,0,5,Dahej,GE T&D India Limited,371,7.6,2819.6,270.6,2056.56,1.3,2819.6,135.0,38,14,1,0.49999999999999994,-0.8660254037844387,0.4988913525498891,1,40.0,6.666666666666667,2.151762203259462,1890.0,1890.0,24.6
12,23.0,2.0,6.0,1.0,0,9,Mumbai,Sunil Hitech Eng,328,9.2,3017.6,237.6,2185.9199999999996,1.3,3017.6,90.0,32,8,2,-1.0,-1.8369701987210297e-16,0.3787878787878788,0,44.0,7.333333333333333,2.322387720290225,720.0,720.0,15.84
17,23.0,3.0,5.0,1.0,0,2,Hyderabad,Tata Power Company Ltd.,384,8.4,3225.6000000000004,290.1,2436.84,1.3,3225.6000000000004,135.0,20,0,0,0.8660254037844386,0.5000000000000001,0.46535677352637017,1,49.0,8.166666666666666,2.2407096892759584,0.0,0.0,13.814285714285715
7,19.0,3.0,13.0,1.0,0,1,Faridabad,Tata Power Company Ltd.,359,8.1,2907.9,275.1,2228.31,1.3,2907.9,135.0,20,0,0,0.49999999999999994,0.8660254037844387,0.4907306434023991,1,43.0,7.166666666666667,2.2082744135228043,0.0,0.0,25.00909090909091
11,22.0,3.0,8.0,1.0,0,2,Gurgaon,L&T Transmission & Distribution,372,8.3,3087.6000000000004,282.0,2340.6000000000004,1.3,3087.6000000000004,135.0,20,0,0,0.8660254037844386,0.5000000000000001,0.4787234042553192,1,45.0,7.5,2.2300144001592104,0.0,0.0,18.8
8,23.0,3.0,3.0,1.0,0,8,Shimla,CESC,321,7.7,2471.7000000000003,265.2,2042.04,1.2104072398190047,2471.7000000000003,135.0,32,8,2,-0.8660254037844385,-0.5000000000000004,0.5090497737556561,1,38.0,6.333333333333333,2.163323025660538,1080.0,1080.0,22.099999999999998
14,23.0,3.0,15.0,1.0,0,5,Pune,Bonfiglioli Transmission Pvt. Ltd.,465,9.1,4231.5,313.8,2855.58,1.3,4231.5,135.0,38,14,1,0.49999999999999994,-0.8660254037844387,0.43021032504780116,1,56.0,9.333333333333334,2.312535423847214,1890.0,1890.0,17.433333333333334
6,19.0,2.0,5.0,1.0,0,10,Faridabad,NTPC Pvt. Ltd.,291,8.1,2357.1,204.0,1652.3999999999999,1.3,2357.1,90.0,28,4,3,-0.8660254037844386,0.5000000000000001,0.4411764705882353,1,33.0,5.5,2.2082744135228043,360.0,360.0,22.666666666666668
10,22.0,2.0,4.0,1.0,0,11,Ahmedabad,Indowind Energy,321,7.9,2535.9,222.9,1760.91,1.3,2535.9,90.0,28,4,3,-0.5000000000000004,0.8660254037844384,0.4037685060565276,1,39.0,6.5,2.186051276738094,360.0,360.0,17.146153846153847
5,20.0,3.0,16.0,1.0,0,1,Kolkata,Bonfiglioli Transmission Pvt. Ltd.,402,8.7,3497.4,284.4,2474.2799999999997,1.3,3497.4,135.0,20,0,0,0.49999999999999994,0.8660254037844387,0.4746835443037975,1,45.0,7.5,2.272125885509337,0.0,0.0,31.599999999999998
6,23.0,3.0,14.0,1.0,0,10,Vadodara,Sunil Hitech Eng,426,7.8,3322.8,294.0,2293.2,1.3,3322.8,135.0,28,4,3,-0.8660254037844386,0.5000000000000001,0.45918367346938777,1,47.0,7.833333333333333,2.174751721484161,540.0,540.0,29.4
18,22.0,3.0,12.0,1.0,0,11,Hyderabad,"Maha Transco – Maharashtra State Electricity Transmission Co, Ltd.",455,8.4,3822.0,308.7,2593.08,1.3,3822.0,135.0,28,4,3,-0.5000000000000004,0.8660254037844384,0.43731778425655976,1,56.0,9.333333333333334,2.2407096892759584,540.0,540.0,14.031818181818181
8,18.0,1.0,3.0,1.0,0,9,Gurgaon,JSW Energy Ltd.,177,8.3,1469.1,152.7,1267.41,1.1591355599214144,1469.1,45.0,32,8,2,-1.0,-1.8369701987210297e-16,0.29469548133595286,0,31.0,5.166666666666667,2.2300144001592104,360.0,360.0,15.27
9,22.0,3.0,6.0,1.0,0,5,Navi Mumbai,Toshiba Transmission & Distribution Systems (India) Pvt. Ltd.,348,9.3,3236.4,271.8,2527.7400000000002,1.280353200883002,3236.4,135.0,38,14,1,0.49999999999999994,-0.8660254037844387,0.4966887417218543,1,41.0,6.833333333333333,2.33214389523559,1890.0,1890.0,20.907692307692308
10,21.0,2.0,13.0,1.0,0,1,Ahmedabad,L&T Transmission & Distribution,362,7.9,2859.8,245.4,1938.66,1.3,2859.8,90.0,20,0,0,0.49999999999999994,0.8660254037844387,0.3667481662591687,0,47.0,7.833333333333333,2.186051276738094,0.0,0.0,18.876923076923077
7,18.0,3.0,17.0,1.0,0,8,Faridabad,CESC,412,8.1,3337.2,282.6,2289.06,1.3,3337.2,135.0,32,8,2,-0.8660254037844385,-0.5000000000000004,0.4777070063694267,1,46.0,7.666666666666667,2.2082744135228043,1080.0,1080.0,25.69090909090909
23,22.0,3.0,4.0,1.0,0,5,Noida,Sunil Hitech Eng,440,8.2,3608.0,295.2,2420.64,1.3,3608.0,135.0,38,14,1,0.49999999999999994,-0.8660254037844387,0.4573170731707317,1,53.0,8.833333333333334,2.2192034840549946,1890.0,1890.0,10.933333333333334
19,22.0,2.0,4.0,1.0,0,2,New Delhi,Adani Power Ltd.,346,8.5,2941.0,241.8,2055.3,1.3,2941.0,90.0,20,0,0,0.8660254037844386,0.5000000000000001,0.3722084367245657,0,48.0,8.0,2.2512917986064953,0.0,0.0,10.990909090909092
7,21.0,3.0,3.0,1.0,0,7,Vadodara,GE T&D India Limited,345,7.8,2691.0,254.1,1981.98,1.3,2691.0,135.0,32,8,2,-0.4999999999999997,-0.8660254037844388,0.5312868949232585,1,35.0,5.833333333333333,2.174751721484161,1080.0,1080.0,23.099999999999998
14,22.0,3.0,17.0,1.0,0,4,Dahej,Ringfeder Power Transmission India Pvt. Ltd.,472,7.6,3587.2,315.3,2396.28,1.3,3587.2,135.0,30,6,1,0.8660254037844387,-0.4999999999999998,0.42816365366317793,1,57.0,9.5,2.151762203259462,810.0,810.0,17.516666666666666
5,20.0,1.0,5.0,1.0,0,7,Pune,Toshiba Transmission & Distribution Systems (India) Pvt. Ltd.,229,9.1,2083.9,161.4,1468.74,1.3,2083.9,45.0,32,8,2,-0.4999999999999997,-0.8660254037844388,0.2788104089219331,0,32.0,5.333333333333333,2.312535423847214,360.0,360.0,23.057142857142857
22,22.0,3.0,4.0,1.0,0,6,Dahej,Unitech Power Transmission Ltd.,410,7.6,3116.0,293.1,2227.56,1.3,3116.0,135.0,38,14,2,1.2246467991473532e-16,-1.0,0.4605936540429887,1,52.0,8.666666666666666,2.151762203259462,1890.0,1890.0,11.273076923076925
10,17.0,2.0,7.0,1.0,0,2,Ratnagiri,Guj Ind Power,249,7.4,1842.6,209.4,1549.5600000000002,1.1891117478510027,1842.6,90.0,20,0,0,0.8660254037844386,0.5000000000000001,0.4297994269340974,1,37.0,6.166666666666667,2.128231705849268,0.0,0.0,16.107692307692307
12,23.0,2.0,9.0,1.0,0,9,Faridabad,Power Grid Corp,351,8.1,2843.1,246.6,1997.4599999999998,1.3,2843.1,90.0,32,8,2,-1.0,-1.8369701987210297e-16,0.36496350364963503,0,47.0,7.833333333333333,2.2082744135228043,720.0,720.0,16.44
9,19.0,3.0,4.0,1.0,0,10,Navi Mumbai,Guj Ind Power,320,9.3,2976.0,252.3,2346.3900000000003,1.2683313515655963,2976.0,135.0,28,4,3,-0.8660254037844386,0.5000000000000001,0.535077288941736,1,36.0,6.0,2.33214389523559,540.0,540.0,19.407692307692308
6,21.0,2.0,16.0,1.0,0,9,Shimla,NLC India,368,7.7,2833.6,246.0,1894.2,1.3,2833.6,90.0,32,8,2,-1.0,-1.8369701987210297e-16,0.36585365853658536,0,46.0,7.666666666666667,2.163323025660538,720.0,720.0,27.333333333333332
9,19.0,3.0,19.0,1.0,0,2,Faridabad,Torrent Power Ltd.,367,8.1,2972.7,297.3,2408.13,1.2344433232425158,2972.7,135.0,20,0,0,0.8660254037844386,0.5000000000000001,0.45408678102926336,1,51.0,8.5,2.2082744135228043,0.0,0.0,22.86923076923077
8,21.0,3.0,6.0,1.0,0,4,Nagpur,TransRail Lighting,345,8.9,3070.5,265.2,2360.28,1.3,3070.5,135.0,30,6,1,0.8660254037844387,-0.4999999999999998,0.5090497737556561,1,39.0,6.5,2.2925347571405443,810.0,810.0,22.099999999999998
9,17.0,2.0,13.0,1.0,0,6,Navi Mumbai,Unitech Power Transmission Ltd.,316,9.3,2938.8,225.3,2095.2900000000004,1.3,2938.8,90.0,38,14,2,1.2246467991473532e-16,-1.0,0.3994673768308921,0,42.0,7.0,2.33214389523559,1260.0,1260.0,18.775000000000002
16,23.0,3.0,5.0,1.0,0,5,New Delhi,Optibelt Power Transmission India Private Limited,399,8.5,3391.5,288.0,2448.0,1.3,3391.5,135.0,38,14,1,0.49999999999999994,-0.8660254037844387,0.46875,1,48.0,8.0,2.2512917986064953,1890.0,1890.0,14.4
23,22.0,3.0,7.0,1.0,0,2,New Delhi,Ringfeder Power Transmission India Pvt. Ltd.,434,8.5,3689.0,304.2,2585.7,1.3,3689.0,135.0,20,0,0,0.8660254037844386,0.5000000000000001,0.4437869822485207,1,56.0,9.333333333333334,2.2512917986064953,0.0,0.0,11.266666666666666
8,18.0,3.0,3.0,1.0,0,3,Mumbai,Unitech Power Transmission Ltd.,273,9.2,2511.6,242.7,2232.8399999999997,1.1248454882571077,2511.6,135.0,30,6,1,1.0,6.123233995736766e-17,0.5562422744128555,1,33.0,5.5,2.322387720290225,810.0,810.0,20.224999999999998
7,19.0,3.0,20.0,1.0,0,6,Kolkata,Ringfeder Power Transmission India Pvt. Ltd.,421,8.7,3662.7,296.1,2576.07,1.3,3662.7,135.0,38,14,2,1.2246467991473532e-16,-1.0,0.4559270516717325,1,50.0,8.333333333333334,2.272125885509337,1890.0,1890.0,26.91818181818182
5,23.0,3.0,6.0,1.0,0,3,Faridabad,Jaiprakash Power,348,8.1,2818.8,267.9,2169.99,1.2989921612541995,2818.8,135.0,30,6,1,1.0,6.123233995736766e-17,0.503919372900336,1,38.0,6.333333333333333,2.2082744135228043,810.0,810.0,29.766666666666666
17,22.0,3.0,12.0,1.0,0,4,Chennai,Adani Power Ltd.,445,8.8,3916.000000000001,306.6,2698.0800000000004,1.3,3916.000000000001,135.0,30,6,1,0.8660254037844387,-0.4999999999999998,0.44031311154598823,1,55.0,9.166666666666666,2.2823823856765264,810.0,810.0,14.600000000000001
5,17.0,3.0,9.0,1.0,0,7,Dahej,Optibelt Power Transmission India Private Limited,295,7.6,2242.0,249.9,1899.24,1.1804721888755503,2242.0,135.0,32,8,2,-0.4999999999999997,-0.8660254037844388,0.5402160864345739,1,35.0,5.833333333333333,2.151762203259462,1080.0,1080.0,27.766666666666666
5,19.0,3.0,9.0,1.0,0,8,Noida,Kalpataru Power,361,8.2,2960.2,258.9,2122.9799999999996,1.3,2960.2,135.0,32,8,2,-0.8660254037844385,-0.5000000000000004,0.5214368482039398,1,37.0,6.166666666666667,2.2192034840549946,1080.0,1080.0,28.766666666666666
7,22.0,2.0,12.0,7.0,0,2,Chennai,Kalpataru Power,356,8.8,3132.8,246.0,2164.8,1.3,3132.8,90.0,20,0,0,0.8660254037844386,0.5000000000000001,0.36585365853658536,0,50.0,8.333333333333334,2.2823823856765264,0.0,0.0,24.6
19,23.0,3.0,7.0,1.0,0,6,Noida,Ringfeder Power Transmission India Pvt. Ltd.,412,8.2,3378.4,300.3,2462.46,1.3,3378.4,135.0,38,14,2,1.2246467991473532e-16,-1.0,0.44955044955044954,1,53.0,8.833333333333334,2.2192034840549946,1890.0,1890.0,13.056521739130435
9,22.0,3.0,6.0,1.0,0,12,Ratnagiri,Optibelt Power Transmission India Private Limited,376,7.4,2782.4,271.8,2011.3200000000002,1.3,2782.4,135.0,20,0,0,-2.4492935982947064e-16,1.0,0.4966887417218543,1,41.0,6.833333333333333,2.128231705849268,0.0,0.0,20.907692307692308
11,23.0,3.0,17.0,1.0,0,6,Vadodara,GE T&D India Limited,447,7.8,3486.6,313.5,2445.2999999999997,1.3,3486.6,135.0,38,14,2,1.2246467991473532e-16,-1.0,0.430622009569378,1,55.0,9.166666666666666,2.174751721484161,1890.0,1890.0,20.9
10,19.0,3.0,9.0,1.0,0,11,Ahmedabad,Guj Ind Power,308,7.9,2433.2000000000003,269.4,2128.2599999999998,1.1432813659985155,2433.2000000000003,135.0,28,4,3,-0.5000000000000004,0.8660254037844384,0.5011135857461025,1,42.0,7.0,2.186051276738094,540.0,540.0,19.24285714285714
12,22.0,3.0,4.0,1.0,0,3,Faridabad,Jyoti Structure,358,8.1,2899.8,272.1,2204.01,1.3,2899.8,135.0,30,6,1,1.0,6.123233995736766e-17,0.496141124586549,1,42.0,7.0,2.2082744135228043,810.0,810.0,17.00625
12,22.0,3.0,16.0,1.0,0,4,Chennai,Toshiba Transmission & Distribution Systems (India) Pvt. Ltd.,425,8.8,3740.000000000001,308.1,2711.28,1.3,3740.000000000001,135.0,30,6,1,0.8660254037844387,-0.4999999999999998,0.43816942551119764,1,54.0,9.0,2.2823823856765264,810.0,810.0,19.25625
8,18.0,3.0,3.0,1.0,0,7,Vadodara,Optibelt Power Transmission India Private Limited,281,7.8,2191.8,242.7,1893.06,1.1578079934074992,2191.8,135.0,32,8,2,-0.4999999999999997,-0.8660254037844388,0.5562422744128555,1,33.0,5.5,2.174751721484161,1080.0,1080.0,20.224999999999998
14,23.0,3.0,7.0,1.0,0,8,Hyderabad,Indowind Energy,432,8.4,3628.8,289.8,2434.32,1.3,3628.8,135.0,32,8,2,-0.8660254037844385,-0.5000000000000004,0.4658385093167702,1,48.0,8.0,2.2407096892759584,1080.0,1080.0,16.1
5,22.0,3.0,3.0,1.0,0,3,Mumbai,KEC International,304,9.2,2796.8,254.4,2340.48,1.1949685534591197,2796.8,135.0,30,6,1,1.0,6.123233995736766e-17,0.5306603773584906,1,34.0,5.666666666666667,2.322387720290225,810.0,810.0,28.266666666666666
10,19.0,3.0,15.0,1.0,0,4,Noida,Kalpataru Power,411,8.2,3370.2,287.4,2356.68,1.3,3370.2,135.0,30,6,1,0.8660254037844387,-0.4999999999999998,0.4697286012526096,1,48.0,8.0,2.2192034840549946,810.0,810.0,20.52857142857143
7,19.0,3.0,19.0,1.0,0,5,Gurgaon,TransRail Lighting,406,8.3,3369.8,293.1,2432.7300000000005,1.3,3369.8,135.0,38,14,1,0.49999999999999994,-0.8660254037844387,0.4605936540429887,1,49.0,8.166666666666666,2.2300144001592104,1890.0,1890.0,26.645454545454548
10,20.0,2.0,4.0,1.0,0,12,New Delhi,CESC,304,8.5,2584.0,213.9,1818.15,1.3,2584.0,90.0,20,0,0,-2.4492935982947064e-16,1.0,0.42075736325385693,1,37.0,6.166666666666667,2.2512917986064953,0.0,0.0,16.453846153846154
13,23.0,3.0,8.0,1.0,0,4,Ratnagiri,Torrent Power Ltd.,430,7.4,3182.0,290.7,2151.18,1.3,3182.0,135.0,30,6,1,0.8660254037844387,-0.4999999999999998,0.4643962848297214,1,48.0,8.0,2.128231705849268,810.0,810.0,17.099999999999998
9,21.0,3.0,19.0,1.0,0,10,Nagpur,Kalpataru Power,446,8.9,3969.4,306.3,2726.07,1.3,3969.4,135.0,28,4,3,-0.8660254037844386,0.5000000000000001,0.44074436826640545,1,53.0,8.833333333333334,2.2925347571405443,540.0,540.0,23.56153846153846
6,20.0,3.0,13.0,1.0,0,10,Dahej,CESC,376,7.6,2857.6,277.5,2109.0,1.3,2857.6,135.0,28,4,3,-0.8660254037844386,0.5000000000000001,0.4864864864864865,1,43.0,7.166666666666667,2.151762203259462,540.0,540.0,27.75
10,18.0,3.0,17.0,1.0,0,11,Shimla,Orient Green,398,7.7,3064.6,288.9,2224.5299999999997,1.3,3064.6,135.0,28,4,3,-0.5000000000000004,0.8660254037844384,0.4672897196261683,1,49.0,8.166666666666666,2.163323025660538,540.0,540.0,20.635714285714283
11,22.0,3.0,14.0,1.0,0,2,Gurgaon,NTPC Pvt. Ltd.,435,8.3,3610.500000000001,300.0,2490.0,1.3,3610.500000000001,135.0,20,0,0,0.8660254037844386,0.5000000000000001,0.45,1,51.0,8.5,2.2300144001592104,0.0,0.0,20.0
8,19.0,3.0,3.0,1.0,0,7,Ahmedabad,Unitech Power Transmission Ltd.,304,7.9,2401.6,247.2,1952.88,1.2297734627831713,2401.6,135.0,32,8,2,-0.4999999999999997,-0.8660254037844388,0.5461165048543689,1,34.0,5.666666666666667,2.186051276738094,1080.0,1080.0,20.599999999999998
16,23.0,2.0,11.0,1.0,0,2,Noida,KEC International,391,8.2,3206.2,261.0,2140.2,1.3,3206.2,90.0,20,0,0,0.8660254037844386,0.5000000000000001,0.3448275862068966,0,53.0,8.833333333333334,2.2192034840549946,0.0,0.0,13.736842105263158
12,22.0,3.0,4.0,1.0,0,5,Nagpur,Ratnagiri Gas and Power Pvt. Ltd. (RGPPL),404,8.9,3595.6000000000004,272.1,2421.6900000000005,1.3,3595.6000000000004,135.0,38,14,1,0.49999999999999994,-0.8660254037844387,0.496141124586549,1,42.0,7.0,2.2925347571405443,1890.0,1890.0,17.00625
14,23.0,3.0,5.0,1.0,0,7,Hyderabad,Torrent Power Ltd.,411,8.4,3452.4,283.8,2383.92,1.3,3452.4,135.0,32,8,2,-0.4999999999999997,-0.8660254037844388,0.47568710359408034,1,46.0,7.666666666666667,2.2407096892759584,1080.0,1080.0,15.766666666666667
8,22.0,3.0,9.0,1.0,0,11,Gurgaon,JSW Energy Ltd.,379,8.3,3145.7000000000003,278.7,2313.21,1.3,3145.7000000000003,135.0,28,4,3,-0.5000000000000004,0.8660254037844384,0.48439181916038754,1,43.0,7.166666666666667,2.2300144001592104,540.0,540.0,23.224999999999998
8,17.0,3.0,12.0,7.0,0,2,Kolkata,Power Grid Corp,311,8.7,2705.7,270.6,2354.22,1.14929785661493,2705.7,135.0,20,0,0,0.8660254037844386,0.5000000000000001,0.4988913525498891,1,47.0,7.833333333333333,2.272125885509337,0.0,0.0,22.55
21,22.0,3.0,6.0,1.0,0,2,Mumbai,L&T Transmission & Distribution,352,9.2,3238.4,297.0,2732.3999999999996,1.1851851851851853,3238.4,135.0,20,0,0,0.8660254037844386,0.5000000000000001,0.45454545454545453,1,53.0,8.833333333333334,2.322387720290225,0.0,0.0,11.88
6,17.0,3.0,8.0,1.0,0,10,Navi Mumbai,L&T Transmission & Distribution,335,9.3,3115.5000000000005,249.0,2315.7000000000003,1.3,3115.5000000000005,135.0,28,4,3,-0.8660254037844386,0.5000000000000001,0.5421686746987951,1,35.0,5.833333333333333,2.33214389523559,540.0,540.0,24.9
10,20.0,3.0,15.0,1.0,0,2,Ahmedabad,Neueon Towers / Sujana Towers Ltd.,372,7.9,2938.8,291.9,2306.0099999999998,1.274409044193217,2938.8,135.0,20,0,0,0.8660254037844386,0.5000000000000001,0.4624871531346352,1,49.0,8.166666666666666,2.186051276738094,0.0,0.0,20.849999999999998
7,19.0,1.0,3.0,1.0,0,9,Mumbai,Unitech Power Transmission Ltd.,199,9.2,1830.8,155.1,1426.9199999999998,1.283043197936815,1830.8,45.0,32,8,2,-1.0,-1.8369701987210297e-16,0.2901353965183753,0,31.0,5.166666666666667,2.322387720290225,360.0,360.0,17.233333333333334
8,17.0,3.0,5.0,1.0,0,2,Pune,Adani Power Ltd.,250,9.1,2275.0,244.2,2222.22,1.023751023751024,2275.0,135.0,20,0,0,0.8660254037844386,0.5000000000000001,0.5528255528255529,1,34.0,5.666666666666667,2.312535423847214,0.0,0.0,20.349999999999998
5,19.0,3.0,14.0,1.0,0,7,Kolkata,Sterlite Power Transmission Ltd,351,8.7,3053.7,273.9,2382.9299999999994,1.281489594742607,3053.7,135.0,32,8,2,-0.4999999999999997,-0.8660254037844388,0.49288061336254113,1,42.0,7.0,2.272125885509337,1080.0,1080.0,30.43333333333333
7,22.0,1.0,7.0,1.0,0,2,Hyderabad,NHPC,246,8.4,2066.4,180.6,1517.04,1.3,2066.4,45.0,20,0,0,0.8660254037844386,0.5000000000000001,0.24916943521594684,0,38.0,6.333333333333333,2.2407096892759584,0.0,0.0,20.066666666666666
5,17.0,3.0,15.0,1.0,0,9,Ratnagiri,NHPC,331,7.4,2449.4,267.9,1982.46,1.2355356476297126,2449.4,135.0,32,8,2,-1.0,-1.8369701987210297e-16,0.503919372900336,1,41.0,6.833333333333333,2.128231705849268,1080.0,1080.0,29.766666666666666
5,18.0,2.0,12.0,1.0,0,5,Noida,Kalpataru Power,322,8.2,2640.4,218.4,1790.8799999999999,1.3,2640.4,90.0,38,14,1,0.49999999999999994,-0.8660254037844387,0.41208791208791207,1,38.0,6.333333333333333,2.2192034840549946,1260.0,1260.0,27.3
10,22.0,3.0,6.0,7.0,0,10,Gurgaon,Guj Ind Power,395,8.3,3278.5000000000005,279.3,2318.1900000000005,1.3,3278.5000000000005,135.0,28,4,3,-0.8660254037844386,0.5000000000000001,0.4833512352309345,1,48.0,8.0,2.2300144001592104,540.0,540.0,19.95
7,18.0,0.0,9.0,1.0,0,9,Vadodara,Reliance Energy,178,7.8,1388.4,123.6,964.0799999999999,1.3,1388.4,0.0,32,8,2,-1.0,-1.8369701987210297e-16,0.0,0,35.0,5.833333333333333,2.174751721484161,0.0,0.0,15.45
16,23.0,3.0,5.0,1.0,0,2,Gurgaon,Power Grid Corp,340,8.3,2822.0000000000005,288.0,2390.4,1.1805555555555558,2822.0000000000005,135.0,20,0,0,0.8660254037844386,0.5000000000000001,0.46875,1,48.0,8.0,2.2300144001592104,0.0,0.0,14.4
10,20.0,3.0,21.0,1.0,0,11,Noida,Power Grid Corp,446,8.2,3657.2,309.9,2541.1799999999994,1.3,3657.2,135.0,28,4,3,-0.5000000000000004,0.8660254037844384,0.43562439496611816,1,55.0,9.166666666666666,2.2192034840549946,540.0,540.0,22.135714285714283
12,22.0,2.0,6.0,1.0,0,12,Mumbai,Reliance Energy,321,9.2,2953.2,233.1,2144.52,1.3,2953.2,90.0,20,0,0,-2.4492935982947064e-16,1.0,0.3861003861003861,0,43.0,7.166666666666667,2.322387720290225,0.0,0.0,15.54
9,20.0,3.0,11.0,1.0,0,11,Chennai,Ringfeder Power Transmission India Pvt. Ltd.,393,8.8,3458.4,277.8,2444.6400000000003,1.3,3458.4,135.0,28,4,3,-0.5000000000000004,0.8660254037844384,0.48596112311015116,1,44.0,7.333333333333333,2.2823823856765264,540.0,540.0,21.36923076923077
6,22.0,2.0,19.0,1.0,0,2,Faridabad,Reliance Power,382,8.1,3094.2,259.5,2101.95,1.3,3094.2,90.0,20,0,0,0.8660254037844386,0.5000000000000001,0.3468208092485549,0,50.0,8.333333333333334,2.2082744135228043,0.0,0.0,28.833333333333332
10,21.0,2.0,7.0,1.0,0,2,Navi Mumbai,Jyoti Structure,281,9.3,2613.3,227.4,2114.82,1.23570800351803,2613.3,90.0,20,0,0,0.8660254037844386,0.5000000000000001,0.39577836411609496,0,41.0,6.833333333333333,2.33214389523559,0.0,0.0,17.492307692307694
23,22.0,3.0,3.0,1.0,0,2,Pune,Guj Ind Power,337,9.1,3066.7,292.2,2659.02,1.1533196440793976,3066.7,135.0,20,0,0,0.8660254037844386,0.5000000000000001,0.4620123203285421,1,52.0,8.666666666666666,2.312535423847214,0.0,0.0,10.822222222222221
10,19.0,3.0,8.0,1.0,0,1,Navi Mumbai,Unitech Power Transmission Ltd.,378,9.3,3515.4,266.4,2477.52,1.3,3515.4,135.0,20,0,0,0.49999999999999994,0.8660254037844387,0.5067567567567568,1,41.0,6.833333333333333,2.33214389523559,0.0,0.0,19.02857142857143
10,17.0,1.0,13.0,1.0,0,8,Hyderabad,Bonfiglioli Transmission Pvt. Ltd.,266,8.4,2234.4,182.4,1532.16,1.3,2234.4,45.0,32,8,2,-0.8660254037844385,-0.5000000000000004,0.24671052631578946,0,42.0,7.0,2.2407096892759584,360.0,360.0,15.200000000000001
7,21.0,3.0,15.0,1.0,0,1,Vadodara,Optibelt Power Transmission India Private Limited,434,7.8,3385.2,290.1,2262.78,1.3,3385.2,135.0,20,0,0,0.49999999999999994,0.8660254037844387,0.46535677352637017,1,47.0,7.833333333333333,2.174751721484161,0.0,0.0,26.372727272727275
10,20.0,1.0,3.0,1.0,0,9,Hyderabad,NTPC Pvt. Ltd.,235,8.4,1974.0,165.9,1393.5600000000002,1.3,1974.0,45.0,32,8,2,-1.0,-1.8369701987210297e-16,0.27124773960216997,0,35.0,5.833333333333333,2.2407096892759584,360.0,360.0,13.825000000000001
13,23.0,3.0,3.0,1.0,0,2,Chennai,Orient Green,341,8.8,3000.8,275.7,2426.1600000000003,1.2368516503445774,3000.8,135.0,20,0,0,0.8660254037844386,0.5000000000000001,0.4896626768226333,1,43.0,7.166666666666667,2.2823823856765264,0.0,0.0,16.21764705882353
11,22.0,3.0,12.0,1.0,0,3,Faridabad,NLC India,401,8.1,3248.1,294.0,2381.4,1.3,3248.1,135.0,30,6,1,1.0,6.123233995736766e-17,0.45918367346938777,1,49.0,8.166666666666666,2.2082744135228043,810.0,810.0,19.6
13,22.0,3.0,7.0,1.0,0,4,Gurgaon,Ringfeder Power Transmission India Pvt. Ltd.,408,8.3,3386.4,283.2,2350.56,1.3,3386.4,135.0,30,6,1,0.8660254037844387,-0.4999999999999998,0.4766949152542373,1,46.0,7.666666666666667,2.2300144001592104,810.0,810.0,16.658823529411762
9,19.0,3.0,4.0,1.0,0,5,Shimla,SJVN Ltd.,344,7.7,2648.8,252.3,1942.71,1.3,2648.8,135.0,38,14,1,0.49999999999999994,-0.8660254037844387,0.535077288941736,1,36.0,6.0,2.163323025660538,1890.0,1890.0,19.407692307692308
12,23.0,3.0,11.0,1.0,0,2,Faridabad,Kalpataru Power,409,8.1,3312.9,297.6,2410.56,1.3,3312.9,135.0,20,0,0,0.8660254037844386,0.5000000000000001,0.4536290322580645,1,50.0,8.333333333333334,2.2082744135228043,0.0,0.0,18.6
21,23.0,3.0,9.0,1.0,0,9,Dahej,Adani Power Ltd.,454,7.6,3450.4,310.5,2359.7999999999997,1.3,3450.4,135.0,32,8,2,-1.0,-1.8369701987210297e-16,0.43478260869565216,1,57.0,9.5,2.151762203259462,1080.0,1080.0,12.42
8,19.0,2.0,4.0,1.0,0,3,Faridabad,SJVN Ltd.,278,8.1,2251.8,205.2,1662.12,1.3,2251.8,90.0,30,6,1,1.0,6.123233995736766e-17,0.4385964912280702,1,34.0,5.666666666666667,2.2082744135228043,540.0,540.0,18.654545454545453
12,23.0,2.0,5.0,1.0,0,3,Dahej,SJVN Ltd.,344,7.6,2614.4,234.6,1782.9599999999998,1.3,2614.4,90.0,30,6,1,1.0,6.123233995736766e-17,0.3836317135549872,0,43.0,7.166666666666667,2.151762203259462,540.0,540.0,15.639999999999999
6,20.0,1.0,3.0,1.0,0,8,Navi Mumbai,Tata Power Company Ltd.,211,9.3,1962.3,157.5,1464.75,1.3,1962.3,45.0,32,8,2,-0.8660254037844385,-0.5000000000000004,0.2857142857142857,0,31.0,5.166666666666667,2.33214389523559,360.0,360.0,19.6875
5,21.0,3.0,9.0,1.0,0,12,Noida,Adani Power Ltd.,366,8.2,3001.2,267.9,2196.7799999999997,1.3,3001.2,135.0,20,0,0,-2.4492935982947064e-16,1.0,0.503919372900336,1,39.0,6.5,2.2192034840549946,0.0,0.0,29.766666666666666
8,19.0,1.0,5.0,1.0,0,9,Gurgaon,Kalpataru Power,222,8.3,1842.6,163.2,1354.56,1.3,1842.6,45.0,32,8,2,-1.0,-1.8369701987210297e-16,0.2757352941176471,0,34.0,5.666666666666667,2.2300144001592104,360.0,360.0,16.32
10,19.0,3.0,9.0,1.0,0,3,Faridabad,Optibelt Power Transmission India Private Limited,331,8.1,2681.1,269.4,2182.14,1.228656273199703,2681.1,135.0,30,6,1,1.0,6.123233995736766e-17,0.5011135857461025,1,42.0,7.0,2.2082744135228043,810.0,810.0,19.24285714285714
5,20.0,3.0,4.0,1.0,0,2,Dahej,Torrent Power Ltd.,322,7.6,2447.2,248.4,1887.84,1.2962962962962963,2447.2,135.0,20,0,0,0.8660254037844386,0.5000000000000001,0.5434782608695652,1,33.0,5.5,2.151762203259462,0.0,0.0,27.6
15,22.0,3.0,13.0,1.0,0,1,Chennai,Orient Green,436,8.8,3836.8,305.4,2687.52,1.3,3836.8,135.0,20,0,0,0.49999999999999994,0.8660254037844387,0.4420432220039293,1,54.0,9.0,2.2823823856765264,0.0,0.0,16.073684210526313
15,22.0,2.0,3.0,1.0,0,7,Ratnagiri,Guj Ind Power,332,7.4,2456.8,230.4,1704.96,1.3,2456.8,90.0,32,8,2,-0.4999999999999997,-0.8660254037844388,0.390625,0,43.0,7.166666666666667,2.128231705849268,720.0,720.0,12.8
10,18.0,1.0,7.0,1.0,0,5,Shimla,Optibelt Power Transmission India Private Limited,245,7.7,1886.5,168.9,1300.53,1.3,1886.5,45.0,38,14,1,0.49999999999999994,-0.8660254037844387,0.2664298401420959,0,37.0,6.166666666666667,2.163323025660538,630.0,630.0,14.075000000000001
21,22.0,3.0,3.0,1.0,0,4,Noida,Kalpataru Power,415,8.2,3402.9999999999995,288.0,2361.6,1.3,3402.9999999999995,135.0,30,6,1,0.8660254037844387,-0.4999999999999998,0.46875,1,50.0,8.333333333333334,2.2192034840549946,810.0,810.0,11.52
10,20.0,3.0,9.0,1.0,0,2,Faridabad,Neueon Towers / Sujana Towers Ltd.,320,8.1,2592.0,273.9,2218.5899999999997,1.168309602044542,2592.0,135.0,20,0,0,0.8660254037844386,0.5000000000000001,0.49288061336254113,1,43.0,7.166666666666667,2.2082744135228043,0.0,0.0,19.564285714285713
7,20.0,2.0,6.0,1.0,0,6,Shimla,KEC International,249,7.7,1917.3,213.6,1644.72,1.1657303370786516,1917.3,90.0,38,14,2,1.2246467991473532e-16,-1.0,0.4213483146067416,1,36.0,6.0,2.163323025660538,1260.0,1260.0,21.36
7,17.0,1.0,16.0,1.0,0,11,Dahej,NLC India,256,7.6,1945.6,185.1,1406.76,1.3,1945.6,45.0,28,4,3,-0.5000000000000004,0.8660254037844384,0.24311183144246354,0,42.0,7.0,2.151762203259462,180.0,180.0,20.566666666666666
5,23.0,3.0,18.0,1.0,0,4,New Delhi,Kalpataru Power,444,8.5,3774.0,303.9,2583.1499999999996,1.3,3774.0,135.0,30,6,1,0.8660254037844387,-0.4999999999999998,0.4442250740375124,1,50.0,8.333333333333334,2.2512917986064953,810.0,810.0,33.766666666666666
14,22.0,3.0,12.0,1.0,0,8,Noida,Reliance Power,446,8.2,3657.2,300.3,2462.46,1.3,3657.2,135.0,32,8,2,-0.8660254037844385,-0.5000000000000004,0.44955044955044954,1,52.0,8.666666666666666,2.2192034840549946,1080.0,1080.0,16.683333333333334
6,21.0,3.0,14.0,1.0,0,1,Hyderabad,Neueon Towers / Sujana Towers Ltd.,421,8.4,3536.4,285.0,2394.0,1.3,3536.4,135.0,20,0,0,0.49999999999999994,0.8660254037844387,0.47368421052631576,1,45.0,7.5,2.2407096892759584,0.0,0.0,28.5
6,18.0,3.0,4.0,1.0,0,5,Pune,Reliance Energy,291,9.1,2648.1,241.5,2197.65,1.2049689440993787,2648.1,135.0,38,14,1,0.49999999999999994,-0.8660254037844387,0.5590062111801242,1,32.0,5.333333333333333,2.312535423847214,1890.0,1890.0,24.15
5,23.0,3.0,22.0,1.0,0,2,New Delhi,Ratnagiri Gas and Power Pvt. Ltd. (RGPPL),413,8.5,3510.5,315.9,2685.1499999999996,1.3,3510.5,135.0,20,0,0,0.8660254037844386,0.5000000000000001,0.4273504273504274,1,54.0,9.0,2.2512917986064953,0.0,0.0,35.099999999999994
9,20.0,2.0,8.0,1.0,0,9,Navi Mumbai,Orient Green,283,9.3,2631.9,223.8,2081.34,1.2645218945487042,2631.9,90.0,32,8,2,-1.0,-1.8369701987210297e-16,0.40214477211796246,1,40.0,6.666666666666667,2.33214389523559,720.0,720.0,18.650000000000002
7,17.0,3.0,4.0,7.0,0,2,Pune,"Maha Transco – Maharashtra State Electricity Transmission Co, Ltd.",245,9.1,2229.5,244.5,2224.95,1.0020449897750512,2229.5,135.0,20,0,0,0.8660254037844386,0.5000000000000001,0.5521472392638037,1,38.0,6.333333333333333,2.312535423847214,0.0,0.0,22.227272727272727
9,18.0,2.0,10.0,1.0,0,11,Ratnagiri,Sterlite Power Transmission Ltd,313,7.4,2316.2000000000003,220.8,1633.92,1.3,2316.2000000000003,90.0,28,4,3,-0.5000000000000004,0.8660254037844384,0.4076086956521739,1,40.0,6.666666666666667,2.128231705849268,360.0,360.0,18.400000000000002
7,21.0,2.0,8.0,1.0,0,1,Ahmedabad,Power Grid Corp,310,7.9,2449.0,224.1,1770.39,1.3,2449.0,90.0,20,0,0,0.49999999999999994,0.8660254037844387,0.40160642570281124,1,39.0,6.5,2.186051276738094,0.0,0.0,22.41
19,23.0,2.0,15.0,1.0,0,2,Ratnagiri,GE T&D India Limited,415,7.4,3071.0,279.3,2066.82,1.3,3071.0,90.0,20,0,0,0.8660254037844386,0.5000000000000001,0.32223415682062295,0,60.0,10.0,2.128231705849268,0.0,0.0,12.695454545454545
9,21.0,2.0,8.0,1.0,0,7,Ahmedabad,Optibelt Power Transmission India Private Limited,319,7.9,2520.1,228.3,1803.5700000000002,1.3,2520.1,90.0,32,8,2,-0.4999999999999997,-0.8660254037844388,0.39421813403416556,0,41.0,6.833333333333333,2.186051276738094,720.0,720.0,19.025000000000002
9,18.0,3.0,6.0,7.0,0,1,Hyderabad,Kalpataru Power,355,8.4,2982.0,259.2,2177.28,1.3,2982.0,135.0,20,0,0,0.49999999999999994,0.8660254037844387,0.5208333333333334,1,43.0,7.166666666666667,2.2407096892759584,0.0,0.0,19.93846153846154
5,17.0,3.0,8.0,1.0,0,7,Kolkata,Indowind Energy,285,8.7,2479.5,246.9,2148.0299999999997,1.1543134872417984,2479.5,135.0,32,8,2,-0.4999999999999997,-0.8660254037844388,0.5467800729040098,1,34.0,5.666666666666667,2.272125885509337,1080.0,1080.0,27.433333333333334
8,22.0,1.0,5.0,1.0,0,6,Vadodara,Power Grid Corp,248,7.8,1934.4,176.7,1378.26,1.3,1934.4,45.0,38,14,2,1.2246467991473532e-16,-1.0,0.2546689303904924,0,37.0,6.166666666666667,2.174751721484161,630.0,630.0,17.669999999999998
9,17.0,3.0,20.0,1.0,0,6,Pune,Guj Ind Power,434,9.1,3949.4,291.3,2650.83,1.3,3949.4,135.0,38,14,2,1.2246467991473532e-16,-1.0,0.4634397528321318,1,50.0,8.333333333333334,2.312535423847214,1890.0,1890.0,22.407692307692308
13,23.0,3.0,7.0,1.0,0,9,Dahej,Bonfiglioli Transmission Pvt. Ltd.,364,7.6,2766.4,287.7,2186.52,1.2652068126520681,2766.4,135.0,32,8,2,-1.0,-1.8369701987210297e-16,0.46923879040667366,1,47.0,7.833333333333333,2.151762203259462,1080.0,1080.0,16.923529411764704
8,19.0,1.0,6.0,1.0,0,11,Mumbai,Ratnagiri Gas and Power Pvt. Ltd. (RGPPL),246,9.2,2263.2,166.2,1529.0399999999997,1.3,2263.2,45.0,28,4,3,-0.5000000000000004,0.8660254037844384,0.27075812274368233,0,35.0,5.833333333333333,2.322387720290225,180.0,180.0,16.619999999999997
6,18.0,1.0,6.0,1.0,0,2,Chennai,NLC India,180,8.8,1584.0000000000002,157.5,1386.0,1.142857142857143,1584.0000000000002,45.0,20,0,0,0.8660254037844386,0.5000000000000001,0.2857142857142857,0,32.0,5.333333333333333,2.2823823856765264,0.0,0.0,19.6875
11,22.0,2.0,4.0,1.0,0,9,Ahmedabad,Orient Green,335,7.9,2646.5,225.0,1777.5,1.3,2646.5,90.0,32,8,2,-1.0,-1.8369701987210297e-16,0.4,0,40.0,6.666666666666667,2.186051276738094,720.0,720.0,16.071428571428573
9,17.0,3.0,14.0,1.0,0,8,Ratnagiri,Orient Green,344,7.4,2545.6,273.3,2022.42,1.2586900841566044,2545.6,135.0,32,8,2,-0.8660254037844385,-0.5000000000000004,0.49396267837541163,1,44.0,7.333333333333333,2.128231705849268,1080.0,1080.0,21.023076923076925
5,18.0,3.0,10.0,1.0,0,11,Chennai,KEC International,365,8.8,3212.0000000000005,257.4,2265.12,1.3,3212.0000000000005,135.0,28,4,3,-0.5000000000000004,0.8660254037844384,0.5244755244755245,1,37.0,6.166666666666667,2.2823823856765264,540.0,540.0,28.599999999999998
6,19.0,3.0,22.0,1.0,0,11,Kolkata,"Maha Transco – Maharashtra State Electricity Transmission Co, Ltd.",425,8.7,3697.5,300.0,2610.0,1.3,3697.5,135.0,28,4,3,-0.5000000000000004,0.8660254037844384,0.45,1,51.0,8.5,2.272125885509337,540.0,540.0,30.0
7,18.0,3.0,7.0,1.0,0,4,Dahej,JSW Energy Ltd.,251,7.6,1907.6,252.6,1919.7599999999998,0.9936658749010294,1907.6,135.0,30,6,1,0.8660254037844387,-0.4999999999999998,0.5344418052256532,1,36.0,6.0,2.151762203259462,810.0,810.0,22.963636363636365
7,17.0,3.0,8.0,1.0,0,8,Shimla,Jaiprakash Power,356,7.7,2741.2000000000003,251.1,1933.47,1.3,2741.2000000000003,135.0,32,8,2,-0.8660254037844385,-0.5000000000000004,0.5376344086021505,1,36.0,6.0,2.163323025660538,1080.0,1080.0,22.827272727272728
14,22.0,3.0,10.0,1.0,0,11,Navi Mumbai,Orient Green,407,9.3,3785.1,294.3,2736.9900000000002,1.3,3785.1,135.0,28,4,3,-0.5000000000000004,0.8660254037844384,0.4587155963302752,1,50.0,8.333333333333334,2.33214389523559,540.0,540.0,16.35
6,23.0,2.0,15.0,1.0,0,11,Ratnagiri,Guj Ind Power,369,7.4,2730.6,252.0,1864.8000000000002,1.3,2730.6,90.0,28,4,3,-0.5000000000000004,0.8660254037844384,0.35714285714285715,0,47.0,7.833333333333333,2.128231705849268,360.0,360.0,28.0
15,23.0,3.0,7.0,1.0,0,4,Nagpur,Ringfeder Power Transmission India Pvt. Ltd.,413,8.9,3675.7,291.9,2597.91,1.3,3675.7,135.0,30,6,1,0.8660254037844387,-0.4999999999999998,0.4624871531346352,1,49.0,8.166666666666666,2.2925347571405443,810.0,810.0,15.36315789473684
23,23.0,3.0,3.0,1.0,0,8,Vadodara,TransRail Lighting,419,7.8,3268.2,296.7,2314.2599999999998,1.3,3268.2,135.0,32,8,2,-0.8660254037844385,-0.5000000000000004,0.45500505561172905,1,53.0,8.833333333333334,2.174751721484161,1080.0,1080.0,10.988888888888889
7,23.0,3.0,12.0,1.0,0,7,Noida,Toshiba Transmission & Distribution Systems (India) Pvt. Ltd.,399,8.2,3271.8,290.1,2378.82,1.3,3271.8,135.0,32,8,2,-0.4999999999999997,-0.8660254037844388,0.46535677352637017,1,46.0,7.666666666666667,2.2192034840549946,1080.0,1080.0,26.372727272727275
10,17.0,3.0,6.0,1.0,0,6,Nagpur,Indowind Energy,316,8.9,2812.4,251.4,2237.46,1.256961018297534,2812.4,135.0,38,14,2,1.2246467991473532e-16,-1.0,0.5369928400954653,1,37.0,6.166666666666667,2.2925347571405443,1890.0,1890.0,17.95714285714286
9,20.0,2.0,9.0,1.0,0,2,Shimla,NHPC,292,7.7,2248.4,226.8,1746.3600000000001,1.2874779541446209,2248.4,90.0,20,0,0,0.8660254037844386,0.5000000000000001,0.3968253968253968,0,41.0,6.833333333333333,2.163323025660538,0.0,0.0,18.900000000000002
9,23.0,2.0,4.0,7.0,0,6,Pune,Ratnagiri Gas and Power Pvt. Ltd. (RGPPL),337,9.1,3066.7,230.7,2099.37,1.3,3066.7,90.0,38,14,2,1.2246467991473532e-16,-1.0,0.3901170351105332,0,45.0,7.5,2.312535423847214,1260.0,1260.0,19.224999999999998
10,20.0,3.0,9.0,1.0,0,2,Dahej,NHPC,363,7.6,2758.8,273.9,2081.64,1.3,2758.8,135.0,20,0,0,0.8660254037844386,0.5000000000000001,0.49288061336254113,1,43.0,7.166666666666667,2.151762203259462,0.0,0.0,19.564285714285713
8,22.0,3.0,11.0,1.0,0,1,New Delhi,Sterlite Power Transmission Ltd,381,8.5,3238.5,284.7,2419.95,1.3,3238.5,135.0,20,0,0,0.49999999999999994,0.8660254037844387,0.4741833508956797,1,45.0,7.5,2.2512917986064953,0.0,0.0,23.724999999999998
9,18.0,3.0,8.0,1.0,0,11,Nagpur,Orient Green,360,8.9,3204.0,259.8,2312.2200000000003,1.3,3204.0,135.0,28,4,3,-0.5000000000000004,0.8660254037844384,0.5196304849884527,1,39.0,6.5,2.2925347571405443,540.0,540.0,19.984615384615385
7,21.0,3.0,22.0,1.0,0,2,Vadodara,Sterlite Power Transmission Ltd,423,7.8,3299.4,311.1,2426.58,1.3,3299.4,135.0,20,0,0,0.8660254037844386,0.5000000000000001,0.43394406943105107,1,54.0,9.0,2.174751721484161,0.0,0.0,28.281818181818185
15,22.0,3.0,15.0,1.0,0,9,Chennai,NTPC Pvt. Ltd.,431,8.8,3792.8,311.4,2740.32,1.3,3792.8,135.0,32,8,2,-1.0,-1.8369701987210297e-16,0.43352601156069365,1,56.0,9.333333333333334,2.2823823856765264,1080.0,1080.0,16.389473684210525
5,20.0,1.0,11.0,1.0,0,3,Mumbai,Ratnagiri Gas and Power Pvt. Ltd. (RGPPL),266,9.2,2447.2,179.4,1650.48,1.3,2447.2,45.0,30,6,1,1.0,6.123233995736766e-17,0.2508361204013378,0,38.0,6.333333333333333,2.322387720290225,270.0,270.0,25.62857142857143
6,21.0,3.0,7.0,1.0,0,3,Hyderabad,NLC India,377,8.4,3166.8,264.0,2217.6,1.3,3166.8,135.0,30,6,1,1.0,6.123233995736766e-17,0.5113636363636364,1,38.0,6.333333333333333,2.2407096892759584,810.0,810.0,26.4
20,22.0,3.0,7.0,12.0,0,2,Gurgaon,NTPC Pvt. Ltd.,445,8.3,3693.500000000001,307.8,2554.7400000000002,1.3,3693.500000000001,135.0,20,0,0,0.8660254037844386,0.5000000000000001,0.43859649122807015,1,64.0,10.666666666666666,2.2300144001592104,0.0,0.0,12.825000000000001
6,23.0,3.0,19.0,1.0,0,2,Ratnagiri,Guj Ind Power,442,7.4,3270.8,309.0,2286.6,1.3,3270.8,135.0,20,0,0,0.8660254037844386,0.5000000000000001,0.4368932038834951,1,52.0,8.666666666666666,2.128231705849268,0.0,0.0,30.9
7,20.0,3.0,9.0,1.0,0,9,Ahmedabad,Unitech Power Transmission Ltd.,344,7.9,2717.6,267.6,2114.0400000000004,1.285500747384155,2717.6,135.0,32,8,2,-1.0,-1.8369701987210297e-16,0.5044843049327353,1,40.0,6.666666666666667,2.186051276738094,1080.0,1080.0,24.327272727272728
16,22.0,3.0,7.0,1.0,0,7,Ratnagiri,Reliance Power,402,7.4,2974.8,289.5,2142.3,1.3,2974.8,135.0,32,8,2,-0.4999999999999997,-0.8660254037844388,0.46632124352331605,1,49.0,8.166666666666666,2.128231705849268,1080.0,1080.0,14.475
5,19.0,2.0,5.0,1.0,0,8,Ratnagiri,CESC,221,7.4,1635.4,201.9,1494.0600000000002,1.0946012877662208,1635.4,90.0,32,8,2,-0.8660254037844385,-0.5000000000000004,0.44576523031203563,1,32.0,5.333333333333333,2.128231705849268,720.0,720.0,25.2375
5,23.0,2.0,5.0,1.0,0,12,Ahmedabad,Kalpataru Power,288,7.9,2275.2000000000003,219.9,1737.21,1.3,2275.2000000000003,90.0,20,0,0,-2.4492935982947064e-16,1.0,0.4092769440654843,1,36.0,6.0,2.186051276738094,0.0,0.0,27.4875
17,23.0,3.0,9.0,1.0,0,2,Ratnagiri,KEC International,389,7.4,2878.6000000000004,302.1,2235.5400000000004,1.287653095001655,2878.6000000000004,135.0,20,0,0,0.8660254037844386,0.5000000000000001,0.44687189672293937,1,53.0,8.833333333333334,2.128231705849268,0.0,0.0,14.385714285714286
15,22.0,2.0,6.0,1.0,0,12,Shimla,Toshiba Transmission & Distribution Systems (India) Pvt. Ltd.,356,7.7,2741.2000000000003,239.4,1843.38,1.3,2741.2000000000003,90.0,20,0,0,-2.4492935982947064e-16,1.0,0.37593984962406013,0,46.0,7.666666666666667,2.163323025660538,0.0,0.0,13.3
8,22.0,3.0,19.0,1.0,0,6,Gurgaon,Torrent Power Ltd.,463,8.3,3842.900000000001,308.7,2562.21,1.3,3842.900000000001,135.0,38,14,2,1.2246467991473532e-16,-1.0,0.43731778425655976,1,53.0,8.833333333333334,2.2300144001592104,1890.0,1890.0,25.724999999999998
16,23.0,3.0,10.0,1.0,0,5,Faridabad,Sunil Hitech Eng,446,8.1,3612.6,303.0,2454.2999999999997,1.3,3612.6,135.0,38,14,1,0.49999999999999994,-0.8660254037844387,0.44554455445544555,1,53.0,8.833333333333334,2.2082744135228043,1890.0,1890.0,15.15
8,18.0,3.0,7.0,1.0,0,9,Faridabad,Reliance Energy,306,8.1,2478.6,254.7,2063.0699999999997,1.2014134275618376,2478.6,135.0,32,8,2,-1.0,-1.8369701987210297e-16,0.5300353356890459,1,37.0,6.166666666666667,2.2082744135228043,1080.0,1080.0,21.224999999999998
13,22.0,3.0,21.0,1.0,0,2,Pune,Tata Power Company Ltd.,426,9.1,3876.6,325.2,2959.3199999999997,1.3,3876.6,135.0,20,0,0,0.8660254037844386,0.5000000000000001,0.41512915129151295,1,60.0,10.0,2.312535423847214,0.0,0.0,19.129411764705882
7,21.0,3.0,4.0,1.0,0,6,Mumbai,CESC,373,9.2,3431.6,257.1,2365.32,1.3,3431.6,135.0,38,14,2,1.2246467991473532e-16,-1.0,0.5250875145857642,1,36.0,6.0,2.322387720290225,1890.0,1890.0,23.372727272727275
7,22.0,3.0,11.0,1.0,0,6,Pune,Reliance Power,371,9.1,3376.1,282.6,2571.6600000000003,1.3,3376.1,135.0,38,14,2,1.2246467991473532e-16,-1.0,0.4777070063694267,1,44.0,7.333333333333333,2.312535423847214,1890.0,1890.0,25.69090909090909
7,17.0,2.0,20.0,1.0,0,4,Kolkata,Jyoti Structure,344,8.7,2992.8,242.1,2106.27,1.3,2992.8,90.0,30,6,1,0.8660254037844387,-0.4999999999999998,0.3717472118959108,0,47.0,7.833333333333333,2.272125885509337,540.0,540.0,24.21
9,23.0,3.0,6.0,1.0,0,2,Noida,TransRail Lighting,378,8.2,3099.6,276.3,2265.66,1.3,3099.6,135.0,20,0,0,0.8660254037844386,0.5000000000000001,0.48859934853420195,1,42.0,7.0,2.2192034840549946,0.0,0.0,21.253846153846155
8,18.0,3.0,15.0,1.0,0,12,Kolkata,Bonfiglioli Transmission Pvt. Ltd.,370,8.7,3218.9999999999995,278.7,2424.6899999999996,1.3,3218.9999999999995,135.0,20,0,0,-2.4492935982947064e-16,1.0,0.48439181916038754,1,45.0,7.5,2.272125885509337,0.0,0.0,23.224999999999998
6,19.0,3.0,7.0,1.0,0,11,Kolkata,TransRail Lighting,272,8.7,2366.4,255.0,2218.5,1.0666666666666667,2366.4,135.0,28,4,3,-0.5000000000000004,0.8660254037844384,0.5294117647058824,1,36.0,6.0,2.272125885509337,540.0,540.0,25.5
7,17.0,2.0,4.0,1.0,0,9,Gurgaon,Tata Power Company Ltd.,230,8.3,1909.0,194.1,1611.0300000000002,1.184956208140134,1909.0,90.0,32,8,2,-1.0,-1.8369701987210297e-16,0.46367851622874806,1,31.0,5.166666666666667,2.2300144001592104,720.0,720.0,19.41
21,23.0,3.0,16.0,1.0,0,2,New Delhi,Toshiba Transmission & Distribution Systems (India) Pvt. Ltd.,488,8.5,4148.0,331.5,2817.75,1.3,4148.0,135.0,20,0,0,0.8660254037844386,0.5000000000000001,0.4072398190045249,1,64.0,10.666666666666666,2.2512917986064953,0.0,0.0,13.26
17,23.0,2.0,7.0,1.0,0,11,Nagpur,Adani Power Ltd.,373,8.9,3319.7000000000003,251.1,2234.79,1.3,3319.7000000000003,90.0,28,4,3,-0.5000000000000004,0.8660254037844384,0.35842293906810035,0,50.0,8.333333333333334,2.2925347571405443,360.0,360.0,12.555
16,22.0,2.0,6.0,1.0,0,3,Ahmedabad,Kalpataru Power,350,7.9,2765.0,241.5,1907.8500000000001,1.3,2765.0,90.0,30,6,1,1.0,6.123233995736766e-17,0.37267080745341613,0,47.0,7.833333333333333,2.186051276738094,540.0,540.0,12.710526315789474
16,22.0,3.0,17.0,1.0,0,12,Faridabad,KEC International,476,8.1,3855.6,319.5,2587.95,1.3,3855.6,135.0,20,0,0,-2.4492935982947064e-16,1.0,0.4225352112676056,1,59.0,9.833333333333334,2.2082744135228043,0.0,0.0,15.975
6,23.0,3.0,6.0,1.0,0,5,Mumbai,Sunil Hitech Eng,400,9.2,3680.0,270.0,2484.0,1.3,3680.0,135.0,38,14,1,0.49999999999999994,-0.8660254037844387,0.5,1,39.0,6.5,2.322387720290225,1890.0,1890.0,27.0
10,19.0,3.0,14.0,1.0,0,4,Mumbai,L&T Transmission & Distribution,362,9.2,3330.4,284.4,2616.4799999999996,1.2728551336146274,3330.4,135.0,30,6,1,0.8660254037844387,-0.4999999999999998,0.4746835443037975,1,47.0,7.833333333333333,2.322387720290225,810.0,810.0,20.314285714285713
10,18.0,3.0,3.0,7.0,0,2,Mumbai,Ratnagiri Gas and Power Pvt. Ltd. (RGPPL),259,9.2,2382.8,252.3,2321.16,1.0265556876734048,2382.8,135.0,20,0,0,0.8660254037844386,0.5000000000000001,0.535077288941736,1,41.0,6.833333333333333,2.322387720290225,0.0,0.0,18.021428571428572
6,19.0,3.0,5.0,1.0,0,2,Gurgaon,JSW Energy Ltd.,293,8.3,2431.9,249.0,2066.7000000000003,1.176706827309237,2431.9,135.0,20,0,0,0.8660254037844386,0.5000000000000001,0.5421686746987951,1,34.0,5.666666666666667,2.2300144001592104,0.0,0.0,24.9
10,20.0,2.0,4.0,1.0,0,11,Navi Mumbai,"Maha Transco – Maharashtra State Electricity Transmission Co, Ltd.",301,9.3,2799.3,213.9,1989.2700000000002,1.3,2799.3,90.0,28,4,3,-0.5000000000000004,0.8660254037844384,0.42075736325385693,1,37.0,6.166666666666667,2.33214389523559,360.0,360.0,16.453846153846154
10,18.0,2.0,9.0,1.0,0,11,Faridabad,L&T Transmission & Distribution,280,8.1,2268.0,219.9,1781.19,1.2733060482037288,2268.0,90.0,28,4,3,-0.5000000000000004,0.8660254037844384,0.4092769440654843,1,40.0,6.666666666666667,2.2082744135228043,360.0,360.0,16.915384615384617
8,20.0,2.0,9.0,1.0,0,5,Hyderabad,Jaiprakash Power,325,8.4,2730.0,224.7,1887.48,1.3,2730.0,90.0,38,14,1,0.49999999999999994,-0.8660254037844387,0.4005340453938585,1,40.0,6.666666666666667,2.2407096892759584,1260.0,1260.0,20.427272727272726
15,22.0,2.0,5.0,1.0,0,11,Nagpur,SJVN Ltd.,318,8.9,2830.2000000000003,236.4,2103.96,1.3,2830.2000000000003,90.0,28,4,3,-0.5000000000000004,0.8660254037844384,0.38071065989847713,0,45.0,7.5,2.2925347571405443,360.0,360.0,13.133333333333333
13,22.0,3.0,17.0,1.0,0,8,Ahmedabad,SJVN Ltd.,468,7.9,3697.2,313.2,2474.28,1.3,3697.2,135.0,32,8,2,-0.8660254037844385,-0.5000000000000004,0.4310344827586207,1,56.0,9.333333333333334,2.186051276738094,1080.0,1080.0,18.423529411764704
5,20.0,3.0,5.0,7.0,0,2,Dahej,TransRail Lighting,302,7.6,2295.2,256.8,1951.68,1.17601246105919,2295.2,135.0,20,0,0,0.8660254037844386,0.5000000000000001,0.5257009345794392,1,40.0,6.666666666666667,2.151762203259462,0.0,0.0,28.533333333333335
11,22.0,3.0,4.0,1.0,0,6,Noida,NTPC Pvt. Ltd.,403,8.2,3304.6,270.0,2214.0,1.3,3304.6,135.0,38,14,2,1.2246467991473532e-16,-1.0,0.5,1,41.0,6.833333333333333,2.2192034840549946,1890.0,1890.0,18.0
10,22.0,3.0,10.0,7.0,0,6,Pune,L&T Transmission & Distribution,434,9.1,3949.4,291.3,2650.83,1.3,3949.4,135.0,38,14,2,1.2246467991473532e-16,-1.0,0.4634397528321318,1,52.0,8.666666666666666,2.312535423847214,1890.0,1890.0,20.807142857142857
5,20.0,2.0,5.0,7.0,0,2,New Delhi,JSW Energy Ltd.,299,8.5,2541.5,211.8,1800.3000000000002,1.3,2541.5,90.0,20,0,0,0.8660254037844386,0.5000000000000001,0.4249291784702549,1,39.0,6.5,2.2512917986064953,0.0,0.0,26.475
7,22.0,3.0,6.0,1.0,0,9,Dahej,Neueon Towers / Sujana Towers Ltd.,332,7.6,2523.2,267.6,2033.76,1.2406576980568012,2523.2,135.0,32,8,2,-1.0,-1.8369701987210297e-16,0.5044843049327353,1,39.0,6.5,2.151762203259462,1080.0,1080.0,24.327272727272728
13,23.0,3.0,3.0,1.0,0,7,Faridabad,CESC,350,8.1,2835.0,275.7,2233.1699999999996,1.2694958287994198,2835.0,135.0,32,8,2,-0.4999999999999997,-0.8660254037844388,0.4896626768226333,1,43.0,7.166666666666667,2.2082744135228043,1080.0,1080.0,16.21764705882353
7,18.0,2.0,3.0,1.0,0,5,New Delhi,Neueon Towers / Sujana Towers Ltd.,207,8.5,1759.5,195.6,1662.6,1.0582822085889572,1759.5,90.0,38,14,1,0.49999999999999994,-0.8660254037844387,0.4601226993865031,1,31.0,5.166666666666667,2.2512917986064953,1260.0,1260.0,19.56
11,23.0,2.0,3.0,1.0,0,2,Kolkata,Sunil Hitech Eng,298,8.7,2592.6,226.5,1970.5499999999997,1.3,2592.6,90.0,20,0,0,0.8660254037844386,0.5000000000000001,0.3973509933774834,0,40.0,6.666666666666667,2.272125885509337,0.0,0.0,16.178571428571427
7,19.0,3.0,5.0,1.0,0,11,Chennai,Jyoti Structure,335,8.8,2948.0000000000005,251.1,2209.6800000000003,1.3,2948.0000000000005,135.0,28,4,3,-0.5000000000000004,0.8660254037844384,0.5376344086021505,1,35.0,5.833333333333333,2.2823823856765264,540.0,540.0,22.827272727272728
5,22.0,3.0,12.0,1.0,0,1,Navi Mumbai,Reliance Power,373,9.3,3468.9,281.4,2617.02,1.3,3468.9,135.0,20,0,0,0.49999999999999994,0.8660254037844387,0.4797441364605544,1,43.0,7.166666666666667,2.33214389523559,0.0,0.0,31.266666666666666
8,20.0,2.0,10.0,1.0,0,5,Shimla,CESC,335,7.7,2579.5,227.7,1753.29,1.3,2579.5,90.0,38,14,1,0.49999999999999994,-0.8660254037844387,0.3952569169960474,0,41.0,6.833333333333333,2.163323025660538,1260.0,1260.0,20.7
8,17.0,3.0,8.0,1.0,0,7,Ratnagiri,Jyoti Structure,321,7.4,2375.4,253.2,1873.68,1.2677725118483412,2375.4,135.0,32,8,2,-0.4999999999999997,-0.8660254037844388,0.533175355450237,1,37.0,6.166666666666667,2.128231705849268,1080.0,1080.0,21.099999999999998
10,23.0,3.0,3.0,1.0,0,3,New Delhi,Toshiba Transmission & Distribution Systems (India) Pvt. Ltd.,395,8.5,3357.5,269.4,2289.8999999999996,1.3,3357.5,135.0,30,6,1,1.0,6.123233995736766e-17,0.5011135857461025,1,40.0,6.666666666666667,2.2512917986064953,810.0,810.0,19.24285714285714
11,22.0,3.0,20.0,1.0,0,4,Faridabad,GE T&D India Limited,456,8.1,3693.6,318.0,2575.7999999999997,1.3,3693.6,135.0,30,6,1,0.8660254037844387,-0.4999999999999998,0.42452830188679247,1,57.0,9.5,2.2082744135228043,810.0,810.0,21.2
13,22.0,3.0,18.0,1.0,0,3,Hyderabad,Tata Power Company Ltd.,469,8.4,3939.6,316.2,2656.08,1.3,3939.6,135.0,30,6,1,1.0,6.123233995736766e-17,0.4269449715370019,1,57.0,9.5,2.2407096892759584,810.0,810.0,18.599999999999998
17,23.0,3.0,6.0,12.0,0,2,Faridabad,TransRail Lighting,454,8.1,3677.4,303.0,2454.2999999999997,1.3,3677.4,135.0,20,0,0,0.8660254037844386,0.5000000000000001,0.44554455445544555,1,61.0,10.166666666666666,2.2082744135228043,0.0,0.0,14.428571428571429
12,22.0,3.0,4.0,1.0,0,10,Kolkata,NHPC,371,8.7,3227.7,272.1,2367.27,1.3,3227.7,135.0,28,4,3,-0.8660254037844386,0.5000000000000001,0.496141124586549,1,42.0,7.0,2.272125885509337,540.0,540.0,17.00625
14,23.0,3.0,9.0,1.0,0,2,Navi Mumbai,Torrent Power Ltd.,394,9.3,3664.2,295.8,2750.9400000000005,1.3,3664.2,135.0,20,0,0,0.8660254037844386,0.5000000000000001,0.4563894523326572,1,50.0,8.333333333333334,2.33214389523559,0.0,0.0,16.433333333333334
12,22.0,3.0,10.0,1.0,0,3,Dahej,Neueon Towers / Sujana Towers Ltd.,424,7.6,3222.4,290.1,2204.76,1.3,3222.4,135.0,30,6,1,1.0,6.123233995736766e-17,0.46535677352637017,1,48.0,8.0,2.151762203259462,810.0,810.0,18.13125
7,19.0,2.0,3.0,1.0,0,11,Noida,NLC India,300,8.2,2460.0,200.1,1640.8199999999997,1.3,2460.0,90.0,28,4,3,-0.5000000000000004,0.8660254037844384,0.4497751124437781,1,32.0,5.333333333333333,2.2192034840549946,360.0,360.0,20.009999999999998
12,22.0,2.0,10.0,1.0,0,5,Ahmedabad,GE T&D India Limited,357,7.9,2820.3,245.1,1936.29,1.3,2820.3,90.0,38,14,1,0.49999999999999994,-0.8660254037844387,0.36719706242350064,0,47.0,7.833333333333333,2.186051276738094,1260.0,1260.0,16.34
17,23.0,3.0,12.0,1.0,0,2,Navi Mumbai,Guj Ind Power,449,9.3,4175.700000000001,311.1,2893.2300000000005,1.3,4175.700000000001,135.0,20,0,0,0.8660254037844386,0.5000000000000001,0.43394406943105107,1,56.0,9.333333333333334,2.33214389523559,0.0,0.0,14.814285714285715
20,23.0,3.0,11.0,1.0,0,9,New Delhi,L&T Transmission & Distribution,465,8.5,3952.5,314.4,2672.3999999999996,1.3,3952.5,135.0,32,8,2,-1.0,-1.8369701987210297e-16,0.42938931297709926,1,58.0,9.666666666666666,2.2512917986064953,1080.0,1080.0,13.1
5,22.0,3.0,9.0,7.0,0,6,Shimla,Sunil Hitech Eng,410,7.7,3157.0,277.8,2139.06,1.3,3157.0,135.0,38,14,2,1.2246467991473532e-16,-1.0,0.48596112311015116,1,46.0,7.666666666666667,2.163323025660538,1890.0,1890.0,30.866666666666667
7,18.0,2.0,3.0,1.0,0,12,Ahmedabad,GE T&D India Limited,230,7.9,1817.0,195.6,1545.24,1.1758691206543967,1817.0,90.0,20,0,0,-2.4492935982947064e-16,1.0,0.4601226993865031,1,31.0,5.166666666666667,2.186051276738094,0.0,0.0,19.56
22,23.0,3.0,9.0,1.0,0,12,Kolkata,Jyoti Structure,454,8.7,3949.8,312.6,2719.62,1.3,3949.8,135.0,20,0,0,-2.4492935982947064e-16,1.0,0.43186180422264875,1,58.0,9.666666666666666,2.272125885509337,0.0,0.0,12.023076923076925
7,17.0,3.0,19.0,1.0,0,12,Pune,KEC International,369,9.1,3357.9,284.1,2585.31,1.2988384371700106,3357.9,135.0,20,0,0,-2.4492935982947064e-16,1.0,0.4751847940865892,1,47.0,7.833333333333333,2.312535423847214,0.0,0.0,25.827272727272728
14,23.0,3.0,5.0,1.0,0,10,Navi Mumbai,NTPC Pvt. Ltd.,404,9.3,3757.2,283.8,2639.34,1.3,3757.2,135.0,28,4,3,-0.8660254037844386,0.5000000000000001,0.47568710359408034,1,46.0,7.666666666666667,2.33214389523559,540.0,540.0,15.766666666666667
6,20.0,3.0,11.0,1.0,0,6,Vadodara,Adani Power Ltd.,355,7.8,2769.0,271.5,2117.7,1.3,2769.0,135.0,38,14,2,1.2246467991473532e-16,-1.0,0.4972375690607735,1,41.0,6.833333333333333,2.174751721484161,1890.0,1890.0,27.15
17,23.0,3.0,7.0,1.0,0,8,Kolkata,Jyoti Structure,414,8.7,3601.8,296.1,2576.07,1.3,3601.8,135.0,32,8,2,-0.8660254037844385,-0.5000000000000004,0.4559270516717325,1,51.0,8.5,2.272125885509337,1080.0,1080.0,14.100000000000001
10,22.0,3.0,17.0,1.0,0,11,Noida,KEC International,455,8.2,3731.0,306.9,2516.5799999999995,1.3,3731.0,135.0,28,4,3,-0.5000000000000004,0.8660254037844384,0.43988269794721413,1,53.0,8.833333333333334,2.2192034840549946,540.0,540.0,21.92142857142857
6,19.0,3.0,4.0,1.0,0,7,Kolkata,Power Grid Corp,320,8.7,2784.0,246.0,2140.2,1.3,2784.0,135.0,32,8,2,-0.4999999999999997,-0.8660254037844388,0.5487804878048781,1,33.0,5.5,2.272125885509337,1080.0,1080.0,24.6
8,18.0,1.0,7.0,1.0,0,4,Gurgaon,NLC India,239,8.3,1983.7000000000005,164.7,1367.01,1.3,1983.7000000000005,45.0,30,6,1,0.8660254037844387,-0.4999999999999998,0.273224043715847,0,35.0,5.833333333333333,2.2300144001592104,270.0,270.0,16.47
10,18.0,2.0,7.0,1.0,0,4,Noida,JSW Energy Ltd.,254,8.2,2082.8,213.9,1753.9799999999998,1.187470780738663,2082.8,90.0,30,6,1,0.8660254037844387,-0.4999999999999998,0.42075736325385693,1,38.0,6.333333333333333,2.2192034840549946,540.0,540.0,16.453846153846154
7,17.0,2.0,16.0,1.0,0,10,Navi Mumbai,SJVN Ltd.,314,9.3,2920.2000000000003,230.1,2139.9300000000003,1.3,2920.2000000000003,90.0,28,4,3,-0.8660254037844386,0.5000000000000001,0.39113428943937417,0,43.0,7.166666666666667,2.33214389523559,360.0,360.0,23.009999999999998
10,18.0,3.0,17.0,1.0,0,1,Noida,TransRail Lighting,400,8.2,3279.9999999999995,288.9,2368.9799999999996,1.3,3279.9999999999995,135.0,20,0,0,0.49999999999999994,0.8660254037844387,0.4672897196261683,1,49.0,8.166666666666666,2.2192034840549946,0.0,0.0,20.635714285714283
14,22.0,2.0,14.0,1.0,0,2,Chennai,KEC International,378,8.8,3326.4,261.3,2299.4400000000005,1.3,3326.4,90.0,20,0,0,0.8660254037844386,0.5000000000000001,0.3444316877152698,0,53.0,8.833333333333334,2.2823823856765264,0.0,0.0,15.370588235294118
6,20.0,1.0,8.0,1.0,0,5,Dahej,L&T Transmission & Distribution,246,7.6,1869.6,172.5,1311.0,1.3,1869.6,45.0,38,14,1,0.49999999999999994,-0.8660254037844387,0.2608695652173913,0,36.0,6.0,2.151762203259462,630.0,630.0,21.5625
14,23.0,3.0,14.0,1.0,0,4,Dahej,Kalpataru Power,446,7.6,3389.6,310.8,2362.08,1.3,3389.6,135.0,30,6,1,0.8660254037844387,-0.4999999999999998,0.4343629343629343,1,55.0,9.166666666666666,2.151762203259462,810.0,810.0,17.266666666666666
8,20.0,3.0,6.0,1.0,0,8,Pune,Bonfiglioli Transmission Pvt. Ltd.,344,9.1,3130.4,260.7,2372.37,1.3,3130.4,135.0,32,8,2,-0.8660254037844385,-0.5000000000000004,0.5178365937859609,1,38.0,6.333333333333333,2.312535423847214,1080.0,1080.0,21.724999999999998
10,17.0,2.0,14.0,1.0,0,3,Dahej,Toshiba Transmission & Distribution Systems (India) Pvt. Ltd.,305,7.6,2318.0,230.4,1751.04,1.3,2318.0,90.0,30,6,1,1.0,6.123233995736766e-17,0.390625,0,44.0,7.333333333333333,2.151762203259462,540.0,540.0,17.723076923076924
20,22.0,3.0,7.0,1.0,0,3,Noida,"Maha Transco – Maharashtra State Electricity Transmission Co, Ltd.",444,8.2,3640.8,297.9,2442.7799999999997,1.3,3640.8,135.0,30,6,1,1.0,6.123233995736766e-17,0.4531722054380665,1,53.0,8.833333333333334,2.2192034840549946,810.0,810.0,12.4125
8,18.0,3.0,3.0,1.0,0,12,Hyderabad,Adani Power Ltd.,333,8.4,2797.2000000000003,242.7,2038.68,1.3,2797.2000000000003,135.0,20,0,0,-2.4492935982947064e-16,1.0,0.5562422744128555,1,33.0,5.5,2.2407096892759584,0.0,0.0,20.224999999999998
14,22.0,3.0,18.0,1.0,0,9,Chennai,NLC India,470,8.8,4136.0,318.3,2801.0400000000004,1.3,4136.0,135.0,32,8,2,-1.0,-1.8369701987210297e-16,0.4241281809613572,1,58.0,9.666666666666666,2.2823823856765264,1080.0,1080.0,17.683333333333334
9,21.0,3.0,14.0,1.0,0,9,Nagpur,Sunil Hitech Eng,383,8.9,3408.7000000000003,291.3,2592.57,1.3,3408.7000000000003,135.0,32,8,2,-1.0,-1.8369701987210297e-16,0.4634397528321318,1,48.0,8.0,2.2925347571405443,1080.0,1080.0,22.407692307692308
9,20.0,3.0,3.0,1.0,0,11,Ratnagiri,Orient Green,296,7.4,2190.4,253.8,1878.1200000000001,1.1662726556343577,2190.4,135.0,28,4,3,-0.5000000000000004,0.8660254037844384,0.5319148936170213,1,36.0,6.0,2.128231705849268,540.0,540.0,19.523076923076925
14,22.0,2.0,11.0,1.0,0,3,Shimla,NHPC,378,7.7,2910.6,252.3,1942.71,1.3,2910.6,90.0,30,6,1,1.0,6.123233995736766e-17,0.356718192627824,0,50.0,8.333333333333334,2.163323025660538,540.0,540.0,14.841176470588236
19,22.0,3.0,6.0,1.0,0,6,Noida,Ratnagiri Gas and Power Pvt. Ltd. (RGPPL),428,8.2,3509.6,292.8,2400.96,1.3,3509.6,135.0,38,14,2,1.2246467991473532e-16,-1.0,0.4610655737704918,1,51.0,8.5,2.2192034840549946,1890.0,1890.0,12.730434782608697
5,18.0,2.0,9.0,1.0,0,3,Gurgaon,Jaiprakash Power,245,8.3,2033.5,209.4,1738.0200000000002,1.1700095510983761,2033.5,90.0,30,6,1,1.0,6.123233995736766e-17,0.4297994269340974,1,35.0,5.833333333333333,2.2300144001592104,540.0,540.0,26.175
13,22.0,2.0,14.0,1.0,0,4,Gurgaon,Reliance Energy,380,8.3,3154.0000000000005,259.2,2151.36,1.3,3154.0000000000005,90.0,30,6,1,0.8660254037844387,-0.4999999999999998,0.3472222222222222,0,52.0,8.666666666666666,2.2300144001592104,540.0,540.0,16.2
7,19.0,2.0,16.0,1.0,0,7,Navi Mumbai,TransRail Lighting,346,9.3,3217.8,239.1,2223.63,1.3,3217.8,90.0,32,8,2,-0.4999999999999997,-0.8660254037844388,0.3764115432873275,0,45.0,7.5,2.33214389523559,720.0,720.0,23.91
17,23.0,2.0,14.0,1.0,0,2,New Delhi,NTPC Pvt. Ltd.,396,8.5,3366.0,272.1,2312.8500000000004,1.3,3366.0,90.0,20,0,0,0.8660254037844386,0.5000000000000001,0.33076074972436603,0,57.0,9.5,2.2512917986064953,0.0,0.0,13.605
21,22.0,3.0,7.0,1.0,0,8,Dahej,GE T&D India Limited,419,7.6,3184.4,300.0,2280.0,1.3,3184.4,135.0,32,8,2,-0.8660254037844385,-0.5000000000000004,0.45,1,54.0,9.0,2.151762203259462,1080.0,1080.0,12.0
22,22.0,2.0,4.0,1.0,0,11,Pune,JSW Energy Ltd.,346,9.1,3148.6,248.1,2257.71,1.3,3148.6,90.0,28,4,3,-0.5000000000000004,0.8660254037844384,0.36275695284159615,0,51.0,8.5,2.312535423847214,360.0,360.0,9.924
10,22.0,3.0,18.0,1.0,0,11,Noida,Power Grid Corp,448,8.2,3673.6,309.9,2541.1799999999994,1.3,3673.6,135.0,28,4,3,-0.5000000000000004,0.8660254037844384,0.43562439496611816,1,54.0,9.0,2.2192034840549946,540.0,540.0,22.135714285714283
10,20.0,2.0,10.0,1.0,0,11,Shimla,Power Grid Corp,303,7.7,2333.1,231.9,1785.63,1.3,2333.1,90.0,28,4,3,-0.5000000000000004,0.8660254037844384,0.38809831824062097,0,43.0,7.166666666666667,2.163323025660538,360.0,360.0,17.838461538461537
13,22.0,3.0,5.0,1.0,0,1,Shimla,Indowind Energy,388,7.7,2987.6,277.2,2134.44,1.3,2987.6,135.0,20,0,0,0.49999999999999994,0.8660254037844387,0.487012987012987,1,44.0,7.333333333333333,2.163323025660538,0.0,0.0,16.305882352941175
9,18.0,3.0,18.0,7.0,0,6,Ahmedabad,Ratnagiri Gas and Power Pvt. Ltd. (RGPPL),424,7.9,3349.6000000000004,295.2,2332.08,1.3,3349.6000000000004,135.0,38,14,2,1.2246467991473532e-16,-1.0,0.4573170731707317,1,55.0,9.166666666666666,2.186051276738094,1890.0,1890.0,22.707692307692305
21,22.0,3.0,7.0,1.0,0,5,Ahmedabad,SJVN Ltd.,450,7.9,3555.0,300.0,2370.0,1.3,3555.0,135.0,38,14,1,0.49999999999999994,-0.8660254037844387,0.45,1,54.0,9.0,2.186051276738094,1890.0,1890.0,12.0
7,19.0,1.0,8.0,1.0,0,4,Faridabad,JSW Energy Ltd.,232,8.1,1879.2,170.1,1377.81,1.3,1879.2,45.0,30,6,1,0.8660254037844387,-0.4999999999999998,0.26455026455026454,0,36.0,6.0,2.2082744135228043,270.0,270.0,18.9
12,22.0,3.0,10.0,1.0,0,5,Faridabad,Bonfiglioli Transmission Pvt. Ltd.,396,8.1,3207.6,290.1,2349.81,1.3,3207.6,135.0,38,14,1,0.49999999999999994,-0.8660254037844387,0.46535677352637017,1,48.0,8.0,2.2082744135228043,1890.0,1890.0,18.13125
23,23.0,3.0,6.0,1.0,0,4,Navi Mumbai,Sterlite Power Transmission Ltd,448,9.3,4166.400000000001,305.7,2843.01,1.3,4166.400000000001,135.0,30,6,1,0.8660254037844387,-0.4999999999999998,0.4416094210009814,1,56.0,9.333333333333334,2.33214389523559,810.0,810.0,11.322222222222221
15,23.0,2.0,4.0,1.0,0,6,Chennai,NTPC Pvt. Ltd.,345,8.8,3036.0000000000005,237.9,2093.5200000000004,1.3,3036.0000000000005,90.0,38,14,2,1.2246467991473532e-16,-1.0,0.37831021437578816,0,45.0,7.5,2.2823823856765264,1260.0,1260.0,13.216666666666667
5,21.0,3.0,19.0,1.0,0,7,Kolkata,Orient Green,415,8.7,3610.5,297.9,2591.7299999999996,1.3,3610.5,135.0,32,8,2,-0.4999999999999997,-0.8660254037844388,0.4531722054380665,1,49.0,8.166666666666666,2.272125885509337,1080.0,1080.0,33.099999999999994
7,17.0,2.0,3.0,1.0,0,6,Navi Mumbai,Power Grid Corp,279,9.3,2594.7000000000003,191.1,1777.23,1.3,2594.7000000000003,90.0,38,14,2,1.2246467991473532e-16,-1.0,0.4709576138147567,1,30.0,5.0,2.33214389523559,1260.0,1260.0,19.11
13,23.0,2.0,5.0,1.0,0,12,Ahmedabad,CESC,340,7.9,2686.0,236.7,1869.93,1.3,2686.0,90.0,20,0,0,-2.4492935982947064e-16,1.0,0.3802281368821293,0,44.0,7.333333333333333,2.186051276738094,0.0,0.0,14.79375
8,22.0,3.0,17.0,1.0,0,12,Kolkata,NTPC Pvt. Ltd.,436,8.7,3793.2,302.7,2633.49,1.3,3793.2,135.0,20,0,0,-2.4492935982947064e-16,1.0,0.445986124876115,1,51.0,8.5,2.272125885509337,0.0,0.0,25.224999999999998
8,17.0,3.0,19.0,1.0,0,11,Vadodara,Adani Power Ltd.,395,7.8,3081.0,286.2,2232.3599999999997,1.3,3081.0,135.0,28,4,3,-0.5000000000000004,0.8660254037844384,0.4716981132075472,1,48.0,8.0,2.174751721484161,540.0,540.0,23.849999999999998
6,22.0,3.0,8.0,1.0,0,10,Mumbai,Orient Green,383,9.2,3523.6,271.5,2497.7999999999997,1.3,3523.6,135.0,28,4,3,-0.8660254037844386,0.5000000000000001,0.4972375690607735,1,40.0,6.666666666666667,2.322387720290225,540.0,540.0,27.15
16,22.0,3.0,8.0,1.0,0,9,Ratnagiri,Sterlite Power Transmission Ltd,396,7.4,2930.4,292.5,2164.5,1.3,2930.4,135.0,32,8,2,-1.0,-1.8369701987210297e-16,0.46153846153846156,1,50.0,8.333333333333334,2.128231705849268,1080.0,1080.0,14.625
15,22.0,3.0,9.0,1.0,0,11,Navi Mumbai,Bonfiglioli Transmission Pvt. Ltd.,382,9.3,3552.6000000000004,293.4,2728.62,1.3,3552.6000000000004,135.0,28,4,3,-0.5000000000000004,0.8660254037844384,0.4601226993865031,1,50.0,8.333333333333334,2.33214389523559,540.0,540.0,15.442105263157893
11,23.0,3.0,6.0,1.0,0,5,Kolkata,"Maha Transco – Maharashtra State Electricity Transmission Co, Ltd.",396,8.7,3445.2,280.5,2440.35,1.3,3445.2,135.0,38,14,1,0.49999999999999994,-0.8660254037844387,0.48128342245989303,1,44.0,7.333333333333333,2.272125885509337,1890.0,1890.0,18.7
5,17.0,2.0,16.0,1.0,0,10,Gurgaon,Unitech Power Transmission Ltd.,320,8.3,2656.0,225.9,1874.9700000000003,1.3,2656.0,90.0,28,4,3,-0.8660254037844386,0.5000000000000001,0.398406374501992,0,41.0,6.833333333333333,2.2300144001592104,360.0,360.0,28.2375
5,21.0,2.0,18.0,1.0,0,5,Navi Mumbai,Reliance Energy,371,9.3,3450.3,249.9,2324.07,1.3,3450.3,90.0,38,14,1,0.49999999999999994,-0.8660254037844387,0.3601440576230492,0,47.0,7.833333333333333,2.33214389523559,1260.0,1260.0,31.2375
10,20.0,3.0,18.0,7.0,0,2,Navi Mumbai,Optibelt Power Transmission India Private Limited,455,9.3,4231.5,306.3,2848.59,1.3,4231.5,135.0,20,0,0,0.8660254037844386,0.5000000000000001,0.44074436826640545,1,58.0,9.666666666666666,2.33214389523559,0.0,0.0,21.87857142857143
12,22.0,3.0,8.0,1.0,0,7,New Delhi,Ringfeder Power Transmission India Pvt. Ltd.,405,8.5,3442.5,284.1,2414.8500000000004,1.3,3442.5,135.0,32,8,2,-0.4999999999999997,-0.8660254037844388,0.4751847940865892,1,46.0,7.666666666666667,2.2512917986064953,1080.0,1080.0,17.75625
9,20.0,3.0,13.0,1.0,0,4,Navi Mumbai,NTPC Pvt. Ltd.,349,9.3,3245.7000000000003,283.8,2639.34,1.229739252995067,3245.7000000000003,135.0,30,6,1,0.8660254037844387,-0.4999999999999998,0.47568710359408034,1,46.0,7.666666666666667,2.33214389523559,810.0,810.0,21.83076923076923
13,23.0,3.0,3.0,1.0,0,3,Ahmedabad,Optibelt Power Transmission India Private Limited,354,7.9,2796.6,275.7,2178.03,1.2840043525571272,2796.6,135.0,30,6,1,1.0,6.123233995736766e-17,0.4896626768226333,1,43.0,7.166666666666667,2.186051276738094,810.0,810.0,16.21764705882353
20,22.0,3.0,11.0,1.0,0,2,Gurgaon,SJVN Ltd.,386,8.3,3203.8,309.9,2572.17,1.245563084866086,3203.8,135.0,20,0,0,0.8660254037844386,0.5000000000000001,0.43562439496611816,1,57.0,9.5,2.2300144001592104,0.0,0.0,12.9125
8,17.0,2.0,5.0,1.0,0,8,New Delhi,JSW Energy Ltd.,274,8.5,2329.0,199.2,1693.1999999999998,1.3,2329.0,90.0,32,8,2,-0.8660254037844385,-0.5000000000000004,0.45180722891566266,1,33.0,5.5,2.2512917986064953,720.0,720.0,18.10909090909091
8,17.0,3.0,13.0,7.0,0,6,Gurgaon,SJVN Ltd.,373,8.3,3095.9,273.6,2270.8800000000006,1.3,3095.9,135.0,38,14,2,1.2246467991473532e-16,-1.0,0.4934210526315789,1,48.0,8.0,2.2300144001592104,1890.0,1890.0,22.8
11,22.0,3.0,5.0,1.0,0,11,Mumbai,SJVN Ltd.,335,9.2,3081.9999999999995,273.0,2511.6,1.227106227106227,3081.9999999999995,135.0,28,4,3,-0.5000000000000004,0.8660254037844384,0.4945054945054945,1,42.0,7.0,2.322387720290225,540.0,540.0,18.2
10,17.0,2.0,9.0,1.0,0,6,Ahmedabad,TransRail Lighting,280,7.9,2212.0,215.4,1701.66,1.2999071494893222,2212.0,90.0,38,14,2,1.2246467991473532e-16,-1.0,0.41782729805013924,1,39.0,6.5,2.186051276738094,1260.0,1260.0,16.56923076923077
6,23.0,2.0,6.0,1.0,0,2,Nagpur,Torrent Power Ltd.,279,8.9,2483.1,225.0,2002.5,1.24,2483.1,90.0,20,0,0,0.8660254037844386,0.5000000000000001,0.4,0,38.0,6.333333333333333,2.2925347571405443,0.0,0.0,25.0
10,17.0,2.0,13.0,1.0,0,7,Mumbai,NLC India,303,9.2,2787.6,227.4,2092.08,1.3,2787.6,90.0,32,8,2,-0.4999999999999997,-0.8660254037844388,0.39577836411609496,0,43.0,7.166666666666667,2.322387720290225,720.0,720.0,17.492307692307694
20,22.0,2.0,7.0,1.0,0,9,New Delhi,Unitech Power Transmission Ltd.,358,8.5,3043.0,252.9,2149.65,1.3,3043.0,90.0,32,8,2,-1.0,-1.8369701987210297e-16,0.3558718861209964,0,52.0,8.666666666666666,2.2512917986064953,720.0,720.0,10.995652173913044
13,23.0,3.0,13.0,1.0,0,6,Ahmedabad,Orient Green,442,7.9,3491.8,305.7,2415.03,1.3,3491.8,135.0,38,14,2,1.2246467991473532e-16,-1.0,0.4416094210009814,1,53.0,8.833333333333334,2.186051276738094,1890.0,1890.0,17.98235294117647
10,17.0,3.0,11.0,1.0,0,7,Chennai,CESC,379,8.8,3335.2000000000003,266.4,2344.32,1.3,3335.2000000000003,135.0,32,8,2,-0.4999999999999997,-0.8660254037844388,0.5067567567567568,1,42.0,7.0,2.2823823856765264,1080.0,1080.0,19.02857142857143
20,23.0,3.0,15.0,1.0,0,2,Ahmedabad,Sunil Hitech Eng,449,7.9,3547.1000000000004,326.4,2578.56,1.3,3547.1000000000004,135.0,20,0,0,0.8660254037844386,0.5000000000000001,0.4136029411764706,1,62.0,10.333333333333334,2.186051276738094,0.0,0.0,13.6
5,18.0,1.0,12.0,1.0,0,9,Ratnagiri,Unitech Power Transmission Ltd.,245,7.4,1813.0,173.4,1283.16,1.3,1813.0,45.0,32,8,2,-1.0,-1.8369701987210297e-16,0.25951557093425603,0,37.0,6.166666666666667,2.128231705849268,360.0,360.0,24.771428571428572
13,22.0,2.0,6.0,1.0,0,6,Dahej,Torrent Power Ltd.,309,7.6,2348.4,235.2,1787.5199999999998,1.3,2348.4,90.0,38,14,2,1.2246467991473532e-16,-1.0,0.38265306122448983,0,44.0,7.333333333333333,2.151762203259462,1260.0,1260.0,14.7
5,19.0,3.0,6.0,1.0,0,12,New Delhi,Power Grid Corp,360,8.5,3060.0,249.9,2124.15,1.3,3060.0,135.0,20,0,0,-2.4492935982947064e-16,1.0,0.5402160864345739,1,34.0,5.666666666666667,2.2512917986064953,0.0,0.0,27.766666666666666
7,17.0,1.0,13.0,1.0,0,11,Ratnagiri,NTPC Pvt. Ltd.,246,7.4,1820.4,176.1,1303.14,1.3,1820.4,45.0,28,4,3,-0.5000000000000004,0.8660254037844384,0.25553662691652473,0,39.0,6.5,2.128231705849268,180.0,180.0,19.566666666666666
9,17.0,3.0,10.0,7.0,0,11,Shimla,SJVN Ltd.,330,7.7,2541.0,266.7,2053.59,1.2373453318335208,2541.0,135.0,28,4,3,-0.5000000000000004,0.8660254037844384,0.5061867266591676,1,46.0,7.666666666666667,2.163323025660538,540.0,540.0,20.515384615384615
8,18.0,3.0,18.0,1.0,0,12,Chennai,TransRail Lighting,408,8.8,3590.4,287.7,2531.76,1.3,3590.4,135.0,20,0,0,-2.4492935982947064e-16,1.0,0.46923879040667366,1,48.0,8.0,2.2823823856765264,0.0,0.0,23.974999999999998
7,17.0,3.0,12.0,1.0,0,2,New Delhi,Unitech Power Transmission Ltd.,289,8.5,2456.5,263.1,2236.3500000000004,1.098441657164576,2456.5,135.0,20,0,0,0.8660254037844386,0.5000000000000001,0.5131128848346636,1,40.0,6.666666666666667,2.2512917986064953,0.0,0.0,23.91818181818182
5,19.0,3.0,6.0,1.0,0,12,New Delhi,Jyoti Structure,330,8.5,2805.0,249.9,2124.15,1.3,2805.0,135.0,20,0,0,-2.4492935982947064e-16,1.0,0.5402160864345739,1,34.0,5.666666666666667,2.2512917986064953,0.0,0.0,27.766666666666666
9,18.0,1.0,14.0,1.0,0,4,Kolkata,Indowind Energy,280,8.7,2436.0,187.8,1633.86,1.3,2436.0,45.0,30,6,1,0.8660254037844387,-0.4999999999999998,0.23961661341853033,0,43.0,7.166666666666667,2.272125885509337,270.0,270.0,17.072727272727274
10,18.0,3.0,6.0,1.0,0,3,Gurgaon,Power Grid Corp,361,8.3,2996.3,255.9,2123.9700000000003,1.3,2996.3,135.0,30,6,1,1.0,6.123233995736766e-17,0.5275498241500586,1,38.0,6.333333333333333,2.2300144001592104,810.0,810.0,18.27857142857143
15,22.0,3.0,6.0,1.0,0,1,Gurgaon,NTPC Pvt. Ltd.,380,8.3,3154.0000000000005,284.4,2360.52,1.3,3154.0000000000005,135.0,20,0,0,0.49999999999999994,0.8660254037844387,0.4746835443037975,1,47.0,7.833333333333333,2.2300144001592104,0.0,0.0,14.968421052631578
5,18.0,0.0,7.0,1.0,0,6,Pune,Toshiba Transmission & Distribution Systems (India) Pvt. Ltd.,168,9.1,1528.8,113.4,1031.94,1.3,1528.8,0.0,38,14,2,1.2246467991473532e-16,-1.0,0.0,0,31.0,5.166666666666667,2.312535423847214,0.0,0.0,18.900000000000002
5,22.0,3.0,7.0,7.0,0,6,Ahmedabad,TransRail Lighting,369,7.9,2915.1,271.8,2147.2200000000003,1.3,2915.1,135.0,38,14,2,1.2246467991473532e-16,-1.0,0.4966887417218543,1,44.0,7.333333333333333,2.186051276738094,1890.0,1890.0,30.200000000000003
21,23.0,3.0,4.0,1.0,0,2,Hyderabad,Jyoti Structure,433,8.4,3637.2,295.5,2482.2000000000003,1.3,3637.2,135.0,20,0,0,0.8660254037844386,0.5000000000000001,0.45685279187817257,1,52.0,8.666666666666666,2.2407096892759584,0.0,0.0,11.82
6,18.0,3.0,22.0,1.0,0,3,Nagpur,Reliance Energy,440,8.9,3916.0,295.5,2629.9500000000003,1.3,3916.0,135.0,30,6,1,1.0,6.123233995736766e-17,0.45685279187817257,1,50.0,8.333333333333334,2.2925347571405443,810.0,810.0,29.55
10,17.0,1.0,3.0,1.0,0,2,Dahej,Guj Ind Power,196,7.6,1489.6,152.4,1158.24,1.2860892388451444,1489.6,45.0,20,0,0,0.8660254037844386,0.5000000000000001,0.2952755905511811,0,32.0,5.333333333333333,2.151762203259462,0.0,0.0,12.700000000000001
7,17.0,1.0,4.0,1.0,0,9,Nagpur,Power Grid Corp,176,8.9,1566.4,149.1,1326.99,1.1804158283031523,1566.4,45.0,32,8,2,-1.0,-1.8369701987210297e-16,0.3018108651911469,0,30.0,5.0,2.2925347571405443,360.0,360.0,16.566666666666666
19,22.0,3.0,11.0,1.0,0,4,Noida,Toshiba Transmission & Distribution Systems (India) Pvt. Ltd.,455,8.2,3731.0,307.8,2523.96,1.3,3731.0,135.0,30,6,1,0.8660254037844387,-0.4999999999999998,0.43859649122807015,1,56.0,9.333333333333334,2.2192034840549946,810.0,810.0,13.382608695652175
5,20.0,2.0,3.0,1.0,0,2,Shimla,Jaiprakash Power,194,7.7,1493.8,200.4,1543.0800000000002,0.9680638722554888,1493.8,90.0,20,0,0,0.8660254037844386,0.5000000000000001,0.4491017964071856,1,31.0,5.166666666666667,2.163323025660538,0.0,0.0,25.05
9,23.0,1.0,4.0,1.0,0,7,Chennai,Jyoti Structure,269,8.8,2367.2000000000003,180.3,1586.6400000000003,1.3,2367.2000000000003,45.0,32,8,2,-0.4999999999999997,-0.8660254037844388,0.24958402662229615,0,38.0,6.333333333333333,2.2823823856765264,360.0,360.0,16.39090909090909
9,21.0,2.0,5.0,1.0,0,3,Dahej,Kalpataru Power,308,7.6,2340.8,219.3,1666.68,1.3,2340.8,90.0,30,6,1,1.0,6.123233995736766e-17,0.4103967168262654,1,38.0,6.333333333333333,2.151762203259462,540.0,540.0,18.275000000000002
20,22.0,3.0,4.0,1.0,0,7,New Delhi,Guj Ind Power,382,8.5,3247.0,288.9,2455.6499999999996,1.3,3247.0,135.0,32,8,2,-0.4999999999999997,-0.8660254037844388,0.4672897196261683,1,50.0,8.333333333333334,2.2512917986064953,1080.0,1080.0,12.0375
12,22.0,1.0,7.0,1.0,0,2,Ratnagiri,TransRail Lighting,246,7.4,1820.4,191.1,1414.14,1.2872841444270016,1820.4,45.0,20,0,0,0.8660254037844386,0.5000000000000001,0.23547880690737835,0,43.0,7.166666666666667,2.128231705849268,0.0,0.0,13.65
10,17.0,0.0,3.0,1.0,0,4,Kolkata,Neueon Towers / Sujana Towers Ltd.,160,8.7,1392.0,107.4,934.38,1.3,1392.0,0.0,30,6,1,0.8660254037844387,-0.4999999999999998,0.0,0,31.0,5.166666666666667,2.272125885509337,0.0,0.0,9.763636363636364
10,23.0,3.0,18.0,1.0,0,9,Mumbai,Tata Power Company Ltd.,449,9.2,4130.799999999999,314.4,2892.4799999999996,1.3,4130.799999999999,135.0,32,8,2,-1.0,-1.8369701987210297e-16,0.42938931297709926,1,55.0,9.166666666666666,2.322387720290225,1080.0,1080.0,22.457142857142856
16,23.0,3.0,7.0,1.0,0,10,Ahmedabad,NLC India,441,7.9,3483.9,294.0,2322.6,1.3,3483.9,135.0,28,4,3,-0.8660254037844386,0.5000000000000001,0.45918367346938777,1,50.0,8.333333333333334,2.186051276738094,540.0,540.0,14.7
5,18.0,3.0,16.0,1.0,0,2,New Delhi,NHPC,327,8.5,2779.5,275.4,2340.8999999999996,1.187363834422658,2779.5,135.0,20,0,0,0.8660254037844386,0.5000000000000001,0.4901960784313726,1,43.0,7.166666666666667,2.2512917986064953,0.0,0.0,30.599999999999998
20,23.0,1.0,5.0,1.0,0,2,Pune,Sunil Hitech Eng,293,9.1,2666.3,206.4,1878.24,1.3,2666.3,45.0,20,0,0,0.8660254037844386,0.5000000000000001,0.2180232558139535,0,50.0,8.333333333333334,2.312535423847214,0.0,0.0,9.381818181818183
18,23.0,3.0,7.0,1.0,0,9,Nagpur,NLC India,427,8.9,3800.3,298.2,2653.98,1.3,3800.3,135.0,32,8,2,-1.0,-1.8369701987210297e-16,0.45271629778672035,1,52.0,8.666666666666666,2.2925347571405443,1080.0,1080.0,13.554545454545455
15,23.0,2.0,7.0,1.0,0,1,Ahmedabad,Ringfeder Power Transmission India Pvt. Ltd.,366,7.9,2891.4,246.9,1950.5100000000002,1.3,2891.4,90.0,20,0,0,0.49999999999999994,0.8660254037844387,0.3645200486026731,0,48.0,8.0,2.186051276738094,0.0,0.0,13.716666666666667
5,22.0,3.0,3.0,1.0,0,12,Faridabad,Kalpataru Power,288,8.1,2332.8,254.4,2060.64,1.1320754716981134,2332.8,135.0,20,0,0,-2.4492935982947064e-16,1.0,0.5306603773584906,1,34.0,5.666666666666667,2.2082744135228043,0.0,0.0,28.266666666666666
12,23.0,2.0,4.0,1.0,0,11,Nagpur,NTPC Pvt. Ltd.,330,8.9,2937.0,231.6,2061.2400000000002,1.3,2937.0,90.0,28,4,3,-0.5000000000000004,0.8660254037844384,0.38860103626943004,0,42.0,7.0,2.2925347571405443,360.0,360.0,15.44
8,21.0,3.0,12.0,1.0,0,2,Dahej,Orient Green,363,7.6,2758.8,283.2,2152.3199999999997,1.2817796610169494,2758.8,135.0,20,0,0,0.8660254037844386,0.5000000000000001,0.4766949152542373,1,45.0,7.5,2.151762203259462,0.0,0.0,23.599999999999998
17,22.0,3.0,6.0,1.0,0,2,Gurgaon,NLC India,342,8.3,2838.6000000000004,288.6,2395.3800000000006,1.185031185031185,2838.6000000000004,135.0,20,0,0,0.8660254037844386,0.5000000000000001,0.46777546777546775,1,49.0,8.166666666666666,2.2300144001592104,0.0,0.0,13.742857142857144
7,23.0,1.0,3.0,1.0,0,2,Faridabad,NHPC,233,8.1,1887.3,173.1,1402.11,1.3,1887.3,45.0,20,0,0,0.8660254037844386,0.5000000000000001,0.25996533795493937,0,35.0,5.833333333333333,2.2082744135228043,0.0,0.0,19.233333333333334
10,19.0,2.0,5.0,1.0,0,7,Kolkata,SJVN Ltd.,271,8.7,2357.7,212.4,1847.8799999999999,1.275894538606403,2357.7,90.0,32,8,2,-0.4999999999999997,-0.8660254037844388,0.423728813559322,1,37.0,6.166666666666667,2.272125885509337,720.0,720.0,16.338461538461537
6,19.0,3.0,6.0,1.0,0,7,Kolkata,Ratnagiri Gas and Power Pvt. Ltd. (RGPPL),320,8.7,2784.0,252.0,2192.3999999999996,1.26984126984127,2784.0,135.0,32,8,2,-0.4999999999999997,-0.8660254037844388,0.5357142857142857,1,35.0,5.833333333333333,2.272125885509337,1080.0,1080.0,25.2
18,22.0,2.0,5.0,1.0,0,12,Faridabad,Sunil Hitech Eng,356,8.1,2883.6,242.7,1965.87,1.3,2883.6,90.0,20,0,0,-2.4492935982947064e-16,1.0,0.3708281829419036,0,48.0,8.0,2.2082744135228043,0.0,0.0,11.557142857142857
8,17.0,3.0,18.0,1.0,0,2,Mumbai,L&T Transmission & Distribution,413,9.2,3799.6,283.2,2605.4399999999996,1.3,3799.6,135.0,20,0,0,0.8660254037844386,0.5000000000000001,0.4766949152542373,1,47.0,7.833333333333333,2.322387720290225,0.0,0.0,23.599999999999998
6,18.0,3.0,7.0,1.0,0,9,Chennai,Sunil Hitech Eng,268,8.8,2358.4,250.5,2204.4,1.0698602794411178,2358.4,135.0,32,8,2,-1.0,-1.8369701987210297e-16,0.5389221556886228,1,35.0,5.833333333333333,2.2823823856765264,1080.0,1080.0,25.05
7,17.0,3.0,10.0,1.0,0,5,Ratnagiri,Adani Power Ltd.,312,7.4,2308.8,257.1,1902.5400000000002,1.2135355892648774,2308.8,135.0,38,14,1,0.49999999999999994,-0.8660254037844387,0.5250875145857642,1,38.0,6.333333333333333,2.128231705849268,1890.0,1890.0,23.372727272727275
11,23.0,3.0,3.0,12.0,0,9,Noida,L&T Transmission & Distribution,419,8.2,3435.8,281.4,2307.4799999999996,1.3,3435.8,135.0,32,8,2,-1.0,-1.8369701987210297e-16,0.4797441364605544,1,52.0,8.666666666666666,2.2192034840549946,1080.0,1080.0,18.759999999999998
11,22.0,1.0,3.0,1.0,0,10,Kolkata,Jyoti Structure,261,8.7,2270.7,177.0,1539.8999999999999,1.3,2270.7,45.0,28,4,3,-0.8660254037844386,0.5000000000000001,0.2542372881355932,0,38.0,6.333333333333333,2.272125885509337,180.0,180.0,13.615384615384615
7,17.0,3.0,21.0,1.0,0,3,Dahej,GE T&D India Limited,432,7.6,3283.2,290.1,2204.76,1.3,3283.2,135.0,30,6,1,1.0,6.123233995736766e-17,0.46535677352637017,1,49.0,8.166666666666666,2.151762203259462,810.0,810.0,26.372727272727275
17,23.0,2.0,4.0,1.0,0,5,Ratnagiri,KEC International,351,7.4,2597.4,242.1,1791.54,1.3,2597.4,90.0,38,14,1,0.49999999999999994,-0.8660254037844387,0.3717472118959108,0,47.0,7.833333333333333,2.128231705849268,1260.0,1260.0,12.105
7,21.0,2.0,9.0,1.0,0,8,Dahej,Reliance Energy,308,7.6,2340.8,227.1,1725.9599999999998,1.3,2340.8,90.0,32,8,2,-0.8660254037844385,-0.5000000000000004,0.39630118890356675,0,40.0,6.666666666666667,2.151762203259462,720.0,720.0,22.71
7,18.0,1.0,15.0,1.0,0,2,Pune,GE T&D India Limited,263,9.1,2393.3,186.6,1698.06,1.3,2393.3,45.0,20,0,0,0.8660254037844386,0.5000000000000001,0.24115755627009647,0,42.0,7.0,2.312535423847214,0.0,0.0,20.733333333333334
8,18.0,3.0,13.0,1.0,0,3,Ahmedabad,Jaiprakash Power,343,7.9,2709.7000000000003,272.7,2154.33,1.257792445911258,2709.7000000000003,135.0,30,6,1,1.0,6.123233995736766e-17,0.49504950495049505,1,43.0,7.166666666666667,2.186051276738094,810.0,810.0,22.724999999999998
10,18.0,2.0,8.0,1.0,0,4,Hyderabad,GE T&D India Limited,324,8.4,2721.6,216.9,1821.96,1.3,2721.6,90.0,30,6,1,0.8660254037844387,-0.4999999999999998,0.41493775933609955,1,39.0,6.5,2.2407096892759584,540.0,540.0,16.684615384615384
20,22.0,2.0,3.0,1.0,0,6,Navi Mumbai,KEC International,331,9.3,3078.3,240.9,2240.3700000000003,1.3,3078.3,90.0,38,14,2,1.2246467991473532e-16,-1.0,0.37359900373599003,0,48.0,8.0,2.33214389523559,1260.0,1260.0,10.47391304347826
8,17.0,3.0,21.0,1.0,0,1,Ahmedabad,Indowind Energy,421,7.9,3325.9,292.2,2308.38,1.3,3325.9,135.0,20,0,0,0.49999999999999994,0.8660254037844387,0.4620123203285421,1,50.0,8.333333333333334,2.186051276738094,0.0,0.0,24.349999999999998
5,21.0,3.0,7.0,1.0,0,3,Hyderabad,NLC India,342,8.4,2872.8,261.9,2199.96,1.3,2872.8,135.0,30,6,1,1.0,6.123233995736766e-17,0.5154639175257733,1,37.0,6.166666666666667,2.2407096892759584,810.0,810.0,29.099999999999998
12,23.0,3.0,8.0,1.0,0,3,Kolkata,TransRail Lighting,413,8.7,3593.1,288.6,2510.82,1.3,3593.1,135.0,30,6,1,1.0,6.123233995736766e-17,0.46777546777546775,1,47.0,7.833333333333333,2.272125885509337,810.0,810.0,18.0375
9,21.0,3.0,18.0,1.0,0,12,Navi Mumbai,Torrent Power Ltd.,433,9.3,4026.9,303.3,2820.6900000000005,1.3,4026.9,135.0,20,0,0,-2.4492935982947064e-16,1.0,0.44510385756676557,1,52.0,8.666666666666666,2.33214389523559,0.0,0.0,23.33076923076923
17,22.0,3.0,8.0,1.0,0,1,Kolkata,NLC India,431,8.7,3749.7,294.6,2563.02,1.3,3749.7,135.0,20,0,0,0.49999999999999994,0.8660254037844387,0.4582484725050916,1,51.0,8.5,2.272125885509337,0.0,0.0,14.02857142857143
8,19.0,3.0,15.0,1.0,0,5,Dahej,JSW Energy Ltd.,373,7.6,2834.8,283.2,2152.3199999999997,1.3,2834.8,135.0,38,14,1,0.49999999999999994,-0.8660254037844387,0.4766949152542373,1,46.0,7.666666666666667,2.151762203259462,1890.0,1890.0,23.599999999999998
10,19.0,3.0,11.0,1.0,0,11,Dahej,Orient Green,358,7.6,2720.8,275.4,2093.0399999999995,1.2999273783587513,2720.8,135.0,28,4,3,-0.5000000000000004,0.8660254037844384,0.4901960784313726,1,44.0,7.333333333333333,2.151762203259462,540.0,540.0,19.67142857142857
7,21.0,1.0,3.0,1.0,0,9,Ratnagiri,L&T Transmission & Distribution,237,7.4,1753.8000000000002,164.1,1214.34,1.3,1753.8000000000002,45.0,32,8,2,-1.0,-1.8369701987210297e-16,0.27422303473491777,0,33.0,5.5,2.128231705849268,360.0,360.0,18.233333333333334
6,18.0,2.0,14.0,1.0,0,3,Shimla,Ratnagiri Gas and Power Pvt. Ltd. (RGPPL),319,7.7,2456.3,226.5,1744.05,1.3,2456.3,90.0,30,6,1,1.0,6.123233995736766e-17,0.3973509933774834,0,41.0,6.833333333333333,2.163323025660538,540.0,540.0,25.166666666666668
7,17.0,3.0,11.0,1.0,0,11,Pune,Kalpataru Power,273,9.1,2484.3,260.1,2366.9100000000003,1.04959630911188,2484.3,135.0,28,4,3,-0.5000000000000004,0.8660254037844384,0.5190311418685121,1,39.0,6.5,2.312535423847214,540.0,540.0,23.645454545454548
12,23.0,3.0,7.0,1.0,0,6,Vadodara,Unitech Power Transmission Ltd.,374,7.8,2917.2,285.6,2227.6800000000003,1.3,2917.2,135.0,38,14,2,1.2246467991473532e-16,-1.0,0.4726890756302521,1,46.0,7.666666666666667,2.174751721484161,1890.0,1890.0,17.85
11,22.0,3.0,6.0,1.0,0,8,Pune,Unitech Power Transmission Ltd.,377,9.1,3430.7,276.0,2511.6,1.3,3430.7,135.0,32,8,2,-0.8660254037844385,-0.5000000000000004,0.4891304347826087,1,43.0,7.166666666666667,2.312535423847214,1080.0,1080.0,18.4
9,17.0,3.0,4.0,1.0,0,9,Dahej,JSW Energy Ltd.,340,7.6,2584.0,243.3,1849.08,1.3,2584.0,135.0,32,8,2,-1.0,-1.8369701987210297e-16,0.5548705302096177,1,34.0,5.666666666666667,2.151762203259462,1080.0,1080.0,18.715384615384615
6,22.0,3.0,3.0,1.0,0,2,Ratnagiri,Orient Green,347,7.4,2567.8,256.5,1898.1000000000001,1.3,2567.8,135.0,20,0,0,0.8660254037844386,0.5000000000000001,0.5263157894736842,1,35.0,5.833333333333333,2.128231705849268,0.0,0.0,25.65
6,17.0,3.0,20.0,1.0,0,2,Mumbai,TransRail Lighting,366,9.2,3367.2,285.0,2622.0,1.2842105263157895,3367.2,135.0,20,0,0,0.8660254037844386,0.5000000000000001,0.47368421052631576,1,47.0,7.833333333333333,2.322387720290225,0.0,0.0,28.5
7,22.0,2.0,10.0,1.0,0,2,Chennai,Sterlite Power Transmission Ltd,309,8.8,2719.2000000000003,234.6,2064.48,1.3,2719.2000000000003,90.0,20,0,0,0.8660254037844386,0.5000000000000001,0.3836317135549872,0,42.0,7.0,2.2823823856765264,0.0,0.0,23.46
22,22.0,3.0,3.0,1.0,0,2,Vadodara,L&T Transmission & Distribution,397,7.8,3096.6,290.1,2262.78,1.3,3096.6,135.0,20,0,0,0.8660254037844386,0.5000000000000001,0.46535677352637017,1,51.0,8.5,2.174751721484161,0.0,0.0,11.157692307692308
10,18.0,2.0,20.0,1.0,0,6,Navi Mumbai,Optibelt Power Transmission India Private Limited,369,9.3,3431.7000000000003,252.9,2351.9700000000003,1.3,3431.7000000000003,90.0,38,14,2,1.2246467991473532e-16,-1.0,0.3558718861209964,0,51.0,8.5,2.33214389523559,1260.0,1260.0,19.453846153846154
5,17.0,2.0,16.0,1.0,0,6,Dahej,Ratnagiri Gas and Power Pvt. Ltd. (RGPPL),332,7.6,2523.2,225.9,1716.84,1.3,2523.2,90.0,38,14,2,1.2246467991473532e-16,-1.0,0.398406374501992,0,41.0,6.833333333333333,2.151762203259462,1260.0,1260.0,28.2375
5,23.0,2.0,4.0,1.0,0,1,Hyderabad,NLC India,280,8.4,2352.0,216.9,1821.96,1.2909174734900877,2352.0,90.0,20,0,0,0.49999999999999994,0.8660254037844387,0.41493775933609955,1,35.0,5.833333333333333,2.2407096892759584,0.0,0.0,27.1125
8,19.0,2.0,4.0,1.0,0,6,Noida,Ratnagiri Gas and Power Pvt. Ltd. (RGPPL),238,8.2,1951.6,205.2,1682.6399999999999,1.1598440545808968,1951.6,90.0,38,14,2,1.2246467991473532e-16,-1.0,0.4385964912280702,1,34.0,5.666666666666667,2.2192034840549946,1260.0,1260.0,18.654545454545453
19,22.0,2.0,10.0,1.0,0,2,Mumbai,Power Grid Corp,370,9.2,3403.9999999999995,259.8,2390.16,1.3,3403.9999999999995,90.0,20,0,0,0.8660254037844386,0.5000000000000001,0.3464203233256351,0,54.0,9.0,2.322387720290225,0.0,0.0,11.80909090909091
12,22.0,3.0,5.0,1.0,0,12,Mumbai,Jaiprakash Power,343,9.2,3155.6,275.1,2530.92,1.2468193384223918,3155.6,135.0,20,0,0,-2.4492935982947064e-16,1.0,0.4907306434023991,1,43.0,7.166666666666667,2.322387720290225,0.0,0.0,17.19375
6,22.0,3.0,15.0,1.0,0,9,Faridabad,Neueon Towers / Sujana Towers Ltd.,423,8.1,3426.3,292.5,2369.25,1.3,3426.3,135.0,32,8,2,-1.0,-1.8369701987210297e-16,0.46153846153846156,1,47.0,7.833333333333333,2.2082744135228043,1080.0,1080.0,29.25
7,21.0,3.0,3.0,1.0,0,6,Kolkata,CESC,381,8.7,3314.7,254.1,2210.6699999999996,1.3,3314.7,135.0,38,14,2,1.2246467991473532e-16,-1.0,0.5312868949232585,1,35.0,5.833333333333333,2.272125885509337,1890.0,1890.0,23.099999999999998
15,23.0,3.0,10.0,1.0,0,11,Navi Mumbai,GE T&D India Limited,428,9.3,3980.4,300.9,2798.37,1.3,3980.4,135.0,28,4,3,-0.5000000000000004,0.8660254037844384,0.448654037886341,1,52.0,8.666666666666666,2.33214389523559,540.0,540.0,15.836842105263157
7,20.0,1.0,5.0,1.0,0,5,Nagpur,KEC International,246,8.9,2189.4,165.6,1473.84,1.3,2189.4,45.0,38,14,1,0.49999999999999994,-0.8660254037844387,0.2717391304347826,0,34.0,5.666666666666667,2.2925347571405443,630.0,630.0,18.4
22,23.0,2.0,3.0,1.0,0,2,Noida,Reliance Power,347,8.2,2845.4,249.6,2046.7199999999998,1.3,2845.4,90.0,20,0,0,0.8660254037844386,0.5000000000000001,0.3605769230769231,0,51.0,8.5,2.2192034840549946,0.0,0.0,9.984
10,23.0,3.0,7.0,1.0,0,9,Noida,TransRail Lighting,394,8.2,3230.8,281.4,2307.4799999999996,1.3,3230.8,135.0,32,8,2,-1.0,-1.8369701987210297e-16,0.4797441364605544,1,44.0,7.333333333333333,2.2192034840549946,1080.0,1080.0,20.099999999999998
8,21.0,1.0,4.0,1.0,0,4,Chennai,Tata Power Company Ltd.,225,8.8,1980.0,169.2,1488.96,1.3,1980.0,45.0,30,6,1,0.8660254037844387,-0.4999999999999998,0.26595744680851063,0,35.0,5.833333333333333,2.2823823856765264,270.0,270.0,16.919999999999998
23,22.0,3.0,9.0,1.0,0,2,Ratnagiri,Guj Ind Power,403,7.4,2982.2000000000003,310.2,2295.48,1.2991618310767248,2982.2000000000003,135.0,20,0,0,0.8660254037844386,0.5000000000000001,0.43520309477756286,1,58.0,9.666666666666666,2.128231705849268,0.0,0.0,11.488888888888889
11,22.0,3.0,16.0,1.0,0,9,Kolkata,NTPC Pvt. Ltd.,444,8.7,3862.8,306.0,2662.2,1.3,3862.8,135.0,32,8,2,-1.0,-1.8369701987210297e-16,0.4411764705882353,1,53.0,8.833333333333334,2.272125885509337,1080.0,1080.0,20.4
9,20.0,1.0,9.0,1.0,0,2,Hyderabad,Toshiba Transmission & Distribution Systems (India) Pvt. Ltd.,247,8.4,2074.8,181.8,1527.1200000000001,1.3,2074.8,45.0,20,0,0,0.8660254037844386,0.5000000000000001,0.24752475247524752,0,40.0,6.666666666666667,2.2407096892759584,0.0,0.0,16.527272727272727
11,22.0,3.0,15.0,1.0,0,9,Pune,Power Grid Corp,412,9.1,3749.2,303.0,2757.2999999999997,1.3,3749.2,135.0,32,8,2,-1.0,-1.8369701987210297e-16,0.44554455445544555,1,52.0,8.666666666666666,2.312535423847214,1080.0,1080.0,20.2
15,23.0,3.0,5.0,1.0,0,2,Nagpur,L&T Transmission & Distribution,392,8.9,3488.8,285.9,2544.5099999999998,1.3,3488.8,135.0,20,0,0,0.8660254037844386,0.5000000000000001,0.472193074501574,1,47.0,7.833333333333333,2.2925347571405443,0.0,0.0,15.04736842105263
18,22.0,3.0,8.0,1.0,0,11,Mumbai,NHPC,438,9.2,4029.6,296.7,2729.64,1.3,4029.6,135.0,28,4,3,-0.5000000000000004,0.8660254037844384,0.45500505561172905,1,52.0,8.666666666666666,2.322387720290225,540.0,540.0,13.486363636363636
23,23.0,2.0,6.0,1.0,0,2,Mumbai,Tata Power Company Ltd.,378,9.2,3477.6,260.7,2398.4399999999996,1.3,3477.6,90.0,20,0,0,0.8660254037844386,0.5000000000000001,0.34522439585730724,0,55.0,9.166666666666666,2.322387720290225,0.0,0.0,10.026923076923076
18,23.0,3.0,8.0,1.0,0,10,Vadodara,Bonfiglioli Transmission Pvt. Ltd.,439,7.8,3424.2,301.2,2349.3599999999997,1.3,3424.2,135.0,28,4,3,-0.8660254037844386,0.5000000000000001,0.448207171314741,1,53.0,8.833333333333334,2.174751721484161,540.0,540.0,13.69090909090909
5,18.0,3.0,5.0,1.0,0,8,New Delhi,Sunil Hitech Eng,253,8.5,2150.5,242.4,2060.4,1.0437293729372936,2150.5,135.0,32,8,2,-0.8660254037844385,-0.5000000000000004,0.5569306930693069,1,32.0,5.333333333333333,2.2512917986064953,1080.0,1080.0,26.933333333333334
15,22.0,3.0,22.0,1.0,0,2,Gurgaon,TransRail Lighting,455,8.3,3776.500000000001,332.4,2758.92,1.3,3776.500000000001,135.0,20,0,0,0.8660254037844386,0.5000000000000001,0.4061371841155235,1,63.0,10.5,2.2300144001592104,0.0,0.0,17.49473684210526
7,17.0,3.0,3.0,1.0,0,8,Hyderabad,NLC India,296,8.4,2486.4,236.1,1983.24,1.253706056755612,2486.4,135.0,32,8,2,-0.8660254037844385,-0.5000000000000004,0.5717916137229987,1,31.0,5.166666666666667,2.2407096892759584,1080.0,1080.0,21.463636363636365
10,18.0,2.0,8.0,1.0,0,9,Shimla,Reliance Power,294,7.7,2263.8,216.9,1670.13,1.3,2263.8,90.0,32,8,2,-1.0,-1.8369701987210297e-16,0.41493775933609955,1,39.0,6.5,2.163323025660538,720.0,720.0,16.684615384615384
7,17.0,3.0,11.0,7.0,0,10,Gurgaon,Torrent Power Ltd.,374,8.3,3104.2000000000003,265.5,2203.65,1.3,3104.2000000000003,135.0,28,4,3,-0.8660254037844386,0.5000000000000001,0.5084745762711864,1,45.0,7.5,2.2300144001592104,540.0,540.0,24.136363636363637
13,23.0,3.0,12.0,1.0,0,4,Hyderabad,Torrent Power Ltd.,450,8.4,3780.0,302.7,2542.68,1.3,3780.0,135.0,30,6,1,0.8660254037844387,-0.4999999999999998,0.445986124876115,1,52.0,8.666666666666666,2.2407096892759584,810.0,810.0,17.805882352941175
12,22.0,2.0,5.0,1.0,0,7,Hyderabad,JSW Energy Ltd.,313,8.4,2629.2000000000003,230.1,1932.8400000000001,1.3,2629.2000000000003,90.0,32,8,2,-0.4999999999999997,-0.8660254037844388,0.39113428943937417,0,42.0,7.0,2.2407096892759584,720.0,720.0,15.34
13,22.0,2.0,16.0,1.0,0,9,Hyderabad,Unitech Power Transmission Ltd.,397,8.4,3334.8,265.2,2227.68,1.3,3334.8,90.0,32,8,2,-1.0,-1.8369701987210297e-16,0.3393665158371041,0,54.0,9.0,2.2407096892759584,720.0,720.0,16.575
8,22.0,3.0,10.0,1.0,0,2,Gurgaon,Reliance Energy,387,8.3,3212.1000000000004,281.7,2338.11,1.3,3212.1000000000004,135.0,20,0,0,0.8660254037844386,0.5000000000000001,0.4792332268370607,1,44.0,7.333333333333333,2.2300144001592104,0.0,0.0,23.474999999999998
15,23.0,3.0,4.0,1.0,0,6,Noida,Jaiprakash Power,417,8.2,3419.4,282.9,2319.7799999999997,1.3,3419.4,135.0,38,14,2,1.2246467991473532e-16,-1.0,0.47720042417815484,1,46.0,7.666666666666667,2.2192034840549946,1890.0,1890.0,14.889473684210525
12,23.0,2.0,3.0,1.0,0,5,Mumbai,Tata Power Company Ltd.,311,9.2,2861.2,228.6,2103.12,1.3,2861.2,90.0,38,14,1,0.49999999999999994,-0.8660254037844387,0.3937007874015748,0,41.0,6.833333333333333,2.322387720290225,1260.0,1260.0,15.24
12,22.0,1.0,8.0,1.0,0,2,Chennai,Optibelt Power Transmission India Private Limited,270,8.8,2376.0,194.1,1708.0800000000002,1.3,2376.0,45.0,20,0,0,0.8660254037844386,0.5000000000000001,0.23183925811437403,0,44.0,7.333333333333333,2.2823823856765264,0.0,0.0,13.864285714285714
9,17.0,2.0,7.0,1.0,0,9,Ahmedabad,Optibelt Power Transmission India Private Limited,247,7.9,1951.3,207.3,1637.67,1.1915098890496865,1951.3,90.0,32,8,2,-1.0,-1.8369701987210297e-16,0.4341534008683068,1,36.0,6.0,2.186051276738094,720.0,720.0,17.275000000000002
7,19.0,1.0,12.0,1.0,0,9,Ratnagiri,Jaiprakash Power,269,7.4,1990.6,182.1,1347.54,1.3,1990.6,45.0,32,8,2,-1.0,-1.8369701987210297e-16,0.24711696869851732,0,40.0,6.666666666666667,2.128231705849268,360.0,360.0,20.233333333333334
8,18.0,3.0,19.0,7.0,0,11,Nagpur,GE T&D India Limited,440,8.9,3916.0,296.1,2635.2900000000004,1.3,3916.0,135.0,28,4,3,-0.5000000000000004,0.8660254037844384,0.4559270516717325,1,55.0,9.166666666666666,2.2925347571405443,540.0,540.0,24.675
6,17.0,1.0,11.0,1.0,0,2,Hyderabad,Sunil Hitech Eng,251,8.4,2108.4,168.0,1411.2,1.3,2108.4,45.0,20,0,0,0.8660254037844386,0.5000000000000001,0.26785714285714285,0,36.0,6.0,2.2407096892759584,0.0,0.0,21.0
9,22.0,3.0,13.0,1.0,0,12,Ratnagiri,Ringfeder Power Transmission India Pvt. Ltd.,429,7.4,3174.6000000000004,292.8,2166.7200000000003,1.3,3174.6000000000004,135.0,20,0,0,-2.4492935982947064e-16,1.0,0.4610655737704918,1,48.0,8.0,2.128231705849268,0.0,0.0,22.523076923076925
8,18.0,1.0,10.0,1.0,0,7,Nagpur,Tata Power Company Ltd.,256,8.9,2278.4,173.7,1545.93,1.3,2278.4,45.0,32,8,2,-0.4999999999999997,-0.8660254037844388,0.2590673575129534,0,38.0,6.333333333333333,2.2925347571405443,360.0,360.0,17.369999999999997
5,19.0,2.0,6.0,1.0,0,3,Noida,"Maha Transco – Maharashtra State Electricity Transmission Co, Ltd.",273,8.2,2238.6,204.9,1680.1799999999998,1.3,2238.6,90.0,30,6,1,1.0,6.123233995736766e-17,0.43923865300146414,1,33.0,5.5,2.2192034840549946,540.0,540.0,25.6125
6,21.0,1.0,5.0,1.0,0,9,Shimla,Sunil Hitech Eng,222,7.7,1709.4,168.0,1293.6000000000001,1.3,1709.4,45.0,32,8,2,-1.0,-1.8369701987210297e-16,0.26785714285714285,0,34.0,5.666666666666667,2.163323025660538,360.0,360.0,21.0
8,20.0,3.0,10.0,1.0,0,2,Ratnagiri,L&T Transmission & Distribution,288,7.4,2131.2000000000003,272.7,2017.98,1.0561056105610562,2131.2000000000003,135.0,20,0,0,0.8660254037844386,0.5000000000000001,0.49504950495049505,1,42.0,7.0,2.128231705849268,0.0,0.0,22.724999999999998
18,23.0,3.0,5.0,1.0,0,1,Pune,Ratnagiri Gas and Power Pvt. Ltd. (RGPPL),433,9.1,3940.3,292.2,2659.02,1.3,3940.3,135.0,20,0,0,0.49999999999999994,0.8660254037844387,0.4620123203285421,1,50.0,8.333333333333334,2.312535423847214,0.0,0.0,13.281818181818181
7,17.0,2.0,3.0,1.0,0,3,Gurgaon,Ratnagiri Gas and Power Pvt. Ltd. (RGPPL),208,8.3,1726.4,191.1,1586.13,1.0884353741496597,1726.4,90.0,30,6,1,1.0,6.123233995736766e-17,0.4709576138147567,1,30.0,5.0,2.2300144001592104,540.0,540.0,19.11
8,19.0,2.0,4.0,1.0,0,2,Vadodara,Reliance Energy,229,7.8,1786.2,205.2,1600.56,1.1159844054580896,1786.2,90.0,20,0,0,0.8660254037844386,0.5000000000000001,0.4385964912280702,1,34.0,5.666666666666667,2.174751721484161,0.0,0.0,18.654545454545453
22,22.0,3.0,5.0,1.0,0,3,Vadodara,Power Grid Corp,443,7.8,3455.4,296.1,2309.58,1.3,3455.4,135.0,30,6,1,1.0,6.123233995736766e-17,0.4559270516717325,1,53.0,8.833333333333334,2.174751721484161,810.0,810.0,11.38846153846154
5,21.0,3.0,17.0,1.0,0,6,Mumbai,Jaiprakash Power,378,9.2,3477.6,291.9,2685.4799999999996,1.2949640287769786,3477.6,135.0,38,14,2,1.2246467991473532e-16,-1.0,0.4624871531346352,1,47.0,7.833333333333333,2.322387720290225,1890.0,1890.0,32.43333333333333
8,22.0,3.0,9.0,1.0,0,7,Nagpur,CESC,392,8.9,3488.8,278.7,2480.43,1.3,3488.8,135.0,32,8,2,-0.4999999999999997,-0.8660254037844388,0.48439181916038754,1,43.0,7.166666666666667,2.2925347571405443,1080.0,1080.0,23.224999999999998
19,22.0,2.0,4.0,1.0,0,6,Chennai,"Maha Transco – Maharashtra State Electricity Transmission Co, Ltd.",328,8.8,2886.4,241.8,2127.84,1.3,2886.4,90.0,38,14,2,1.2246467991473532e-16,-1.0,0.3722084367245657,0,48.0,8.0,2.2823823856765264,1260.0,1260.0,10.990909090909092
6,20.0,3.0,6.0,1.0,0,10,Noida,Reliance Power,323,8.2,2648.6,256.5,2103.2999999999997,1.2592592592592593,2648.6,135.0,28,4,3,-0.8660254037844386,0.5000000000000001,0.5263157894736842,1,36.0,6.0,2.2192034840549946,540.0,540.0,25.65
6,18.0,2.0,21.0,1.0,0,1,Dahej,NHPC,366,7.6,2781.6,247.5,1881.0,1.3,2781.6,90.0,20,0,0,0.49999999999999994,0.8660254037844387,0.36363636363636365,0,48.0,8.0,2.151762203259462,0.0,0.0,27.5
8,22.0,3.0,15.0,1.0,0,1,Pune,SJVN Ltd.,419,9.1,3812.9,296.7,2699.97,1.3,3812.9,135.0,20,0,0,0.49999999999999994,0.8660254037844387,0.45500505561172905,1,49.0,8.166666666666666,2.312535423847214,0.0,0.0,24.724999999999998
5,20.0,3.0,20.0,1.0,0,3,Faridabad,L&T Transmission & Distribution,429,8.1,3474.9,296.4,2400.8399999999997,1.3,3474.9,135.0,30,6,1,1.0,6.123233995736766e-17,0.45546558704453444,1,49.0,8.166666666666666,2.2082744135228043,810.0,810.0,32.93333333333333
10,18.0,3.0,20.0,1.0,0,6,Mumbai,Torrent Power Ltd.,416,9.2,3827.2,297.9,2740.6799999999994,1.3,3827.2,135.0,38,14,2,1.2246467991473532e-16,-1.0,0.4531722054380665,1,52.0,8.666666666666666,2.322387720290225,1890.0,1890.0,21.27857142857143
8,22.0,3.0,3.0,1.0,0,2,Ratnagiri,Guj Ind Power,370,7.4,2738.0,260.7,1929.18,1.3,2738.0,135.0,20,0,0,0.8660254037844386,0.5000000000000001,0.5178365937859609,1,37.0,6.166666666666667,2.128231705849268,0.0,0.0,21.724999999999998
7,17.0,3.0,10.0,1.0,0,6,New Delhi,JSW Energy Ltd.,325,8.5,2762.5,257.1,2185.3500000000004,1.2640995721509138,2762.5,135.0,38,14,2,1.2246467991473532e-16,-1.0,0.5250875145857642,1,38.0,6.333333333333333,2.2512917986064953,1890.0,1890.0,23.372727272727275
10,22.0,2.0,3.0,1.0,0,1,Vadodara,CESC,301,7.8,2347.8,219.9,1715.22,1.3,2347.8,90.0,20,0,0,0.49999999999999994,0.8660254037844387,0.4092769440654843,1,38.0,6.333333333333333,2.174751721484161,0.0,0.0,16.915384615384617
10,22.0,3.0,14.0,1.0,0,6,Kolkata,Reliance Energy,408,8.7,3549.6,297.9,2591.7299999999996,1.3,3549.6,135.0,38,14,2,1.2246467991473532e-16,-1.0,0.4531722054380665,1,50.0,8.333333333333334,2.272125885509337,1890.0,1890.0,21.27857142857143
5,20.0,3.0,12.0,1.0,0,8,Pune,Jaiprakash Power,397,9.1,3612.7,272.4,2478.8399999999997,1.3,3612.7,135.0,32,8,2,-0.8660254037844385,-0.5000000000000004,0.4955947136563877,1,41.0,6.833333333333333,2.312535423847214,1080.0,1080.0,30.266666666666666
8,17.0,1.0,9.0,1.0,0,10,Kolkata,Optibelt Power Transmission India Private Limited,235,8.7,2044.5,166.2,1445.9399999999998,1.3,2044.5,45.0,28,4,3,-0.8660254037844386,0.5000000000000001,0.27075812274368233,0,36.0,6.0,2.272125885509337,180.0,180.0,16.619999999999997
10,19.0,1.0,11.0,1.0,0,12,Gurgaon,Optibelt Power Transmission India Private Limited,278,8.3,2307.4,185.4,1538.8200000000002,1.3,2307.4,45.0,20,0,0,-2.4492935982947064e-16,1.0,0.24271844660194175,0,42.0,7.0,2.2300144001592104,0.0,0.0,15.450000000000001
9,21.0,3.0,10.0,1.0,0,11,Ratnagiri,NTPC Pvt. Ltd.,374,7.4,2767.6,279.3,2066.82,1.3,2767.6,135.0,28,4,3,-0.5000000000000004,0.8660254037844384,0.4833512352309345,1,44.0,7.333333333333333,2.128231705849268,540.0,540.0,21.484615384615385
8,18.0,2.0,19.0,1.0,0,12,Ahmedabad,Sterlite Power Transmission Ltd,364,7.9,2875.6,245.7,1941.03,1.3,2875.6,90.0,20,0,0,-2.4492935982947064e-16,1.0,0.36630036630036633,0,48.0,8.0,2.186051276738094,0.0,0.0,22.336363636363636
12,22.0,3.0,13.0,1.0,0,2,Faridabad,Ratnagiri Gas and Power Pvt. Ltd. (RGPPL),365,8.1,2956.5,299.1,2422.71,1.220327649615513,2956.5,135.0,20,0,0,0.8660254037844386,0.5000000000000001,0.45135406218655966,1,51.0,8.5,2.2082744135228043,0.0,0.0,18.69375
6,18.0,3.0,3.0,1.0,0,4,Vadodara,TransRail Lighting,313,7.8,2441.4,238.5,1860.3,1.3,2441.4,135.0,30,6,1,0.8660254037844387,-0.4999999999999998,0.5660377358490566,1,31.0,5.166666666666667,2.174751721484161,810.0,810.0,23.85
11,22.0,3.0,4.0,1.0,0,1,Pune,NTPC Pvt. Ltd.,340,9.1,3094.0,270.0,2457.0,1.2592592592592593,3094.0,135.0,20,0,0,0.49999999999999994,0.8660254037844387,0.5,1,41.0,6.833333333333333,2.312535423847214,0.0,0.0,18.0
11,22.0,3.0,5.0,1.0,0,12,Faridabad,Ratnagiri Gas and Power Pvt. Ltd. (RGPPL),375,8.1,3037.5,273.0,2211.2999999999997,1.3,3037.5,135.0,20,0,0,-2.4492935982947064e-16,1.0,0.4945054945054945,1,42.0,7.0,2.2082744135228043,0.0,0.0,18.2
6,23.0,1.0,5.0,1.0,0,11,Chennai,Jyoti Structure,250,8.8,2200.0,177.0,1557.6000000000001,1.3,2200.0,45.0,28,4,3,-0.5000000000000004,0.8660254037844384,0.2542372881355932,0,36.0,6.0,2.2823823856765264,180.0,180.0,22.125
6,20.0,3.0,9.0,1.0,0,4,Hyderabad,Neueon Towers / Sujana Towers Ltd.,316,8.4,2654.4,265.5,2230.2000000000003,1.1902071563088512,2654.4,135.0,30,6,1,0.8660254037844387,-0.4999999999999998,0.5084745762711864,1,39.0,6.5,2.2407096892759584,810.0,810.0,26.55
11,23.0,3.0,5.0,1.0,0,11,Noida,Power Grid Corp,390,8.2,3197.9999999999995,277.5,2275.5,1.3,3197.9999999999995,135.0,28,4,3,-0.5000000000000004,0.8660254037844384,0.4864864864864865,1,43.0,7.166666666666667,2.2192034840549946,540.0,540.0,18.5
6,23.0,3.0,14.0,1.0,0,6,Vadodara,Tata Power Company Ltd.,422,7.8,3291.6,294.0,2293.2,1.3,3291.6,135.0,38,14,2,1.2246467991473532e-16,-1.0,0.45918367346938777,1,47.0,7.833333333333333,2.174751721484161,1890.0,1890.0,29.4
12,23.0,3.0,5.0,1.0,0,10,Shimla,Bonfiglioli Transmission Pvt. Ltd.,389,7.7,2995.3,279.6,2152.92,1.3,2995.3,135.0,28,4,3,-0.8660254037844386,0.5000000000000001,0.48283261802575106,1,44.0,7.333333333333333,2.163323025660538,540.0,540.0,17.475
11,22.0,2.0,10.0,1.0,0,11,Noida,JSW Energy Ltd.,364,8.2,2984.8,243.0,1992.6,1.3,2984.8,90.0,28,4,3,-0.5000000000000004,0.8660254037844384,0.37037037037037035,0,46.0,7.666666666666667,2.2192034840549946,360.0,360.0,17.357142857142858
12,22.0,3.0,9.0,1.0,0,4,Shimla,Torrent Power Ltd.,383,7.7,2949.1,287.1,2210.67,1.3,2949.1,135.0,30,6,1,0.8660254037844387,-0.4999999999999998,0.47021943573667707,1,47.0,7.833333333333333,2.163323025660538,810.0,810.0,17.94375
5,18.0,3.0,4.0,1.0,0,7,Hyderabad,Tata Power Company Ltd.,304,8.4,2553.6,239.4,2010.96,1.2698412698412698,2553.6,135.0,32,8,2,-0.4999999999999997,-0.8660254037844388,0.5639097744360902,1,31.0,5.166666666666667,2.2407096892759584,1080.0,1080.0,26.6
22,22.0,2.0,7.0,1.0,0,4,Gurgaon,Jyoti Structure,374,8.3,3104.2000000000003,257.1,2133.9300000000003,1.3,3104.2000000000003,90.0,30,6,1,0.8660254037844387,-0.4999999999999998,0.35005834305717615,0,54.0,9.0,2.2300144001592104,540.0,540.0,10.284
11,23.0,3.0,3.0,1.0,0,12,Kolkata,NLC India,384,8.7,3340.8,271.5,2362.0499999999997,1.3,3340.8,135.0,20,0,0,-2.4492935982947064e-16,1.0,0.4972375690607735,1,41.0,6.833333333333333,2.272125885509337,0.0,0.0,18.1
7,20.0,1.0,5.0,1.0,0,2,Hyderabad,Unitech Power Transmission Ltd.,247,8.4,2074.8,165.6,1391.04,1.3,2074.8,45.0,20,0,0,0.8660254037844386,0.5000000000000001,0.2717391304347826,0,34.0,5.666666666666667,2.2407096892759584,0.0,0.0,18.4
9,20.0,2.0,6.0,1.0,0,12,Mumbai,JSW Energy Ltd.,282,9.2,2594.4,217.8,2003.76,1.2947658402203857,2594.4,90.0,20,0,0,-2.4492935982947064e-16,1.0,0.4132231404958677,1,38.0,6.333333333333333,2.322387720290225,0.0,0.0,18.150000000000002
5,22.0,3.0,12.0,1.0,0,12,Chennai,Kalpataru Power,362,8.8,3185.6000000000004,281.4,2476.32,1.2864250177683014,3185.6000000000004,135.0,20,0,0,-2.4492935982947064e-16,1.0,0.4797441364605544,1,43.0,7.166666666666667,2.2823823856765264,0.0,0.0,31.266666666666666
9,19.0,3.0,12.0,1.0,0,12,Ahmedabad,Ringfeder Power Transmission India Pvt. Ltd.,395,7.9,3120.5,276.3,2182.77,1.3,3120.5,135.0,20,0,0,-2.4492935982947064e-16,1.0,0.48859934853420195,1,44.0,7.333333333333333,2.186051276738094,0.0,0.0,21.253846153846155
17,22.0,3.0,7.0,1.0,0,2,New Delhi,TransRail Lighting,369,8.5,3136.5,291.6,2478.6000000000004,1.265432098765432,3136.5,135.0,20,0,0,0.8660254037844386,0.5000000000000001,0.4629629629629629,1,50.0,8.333333333333334,2.2512917986064953,0.0,0.0,13.885714285714286
17,22.0,3.0,4.0,1.0,0,10,Ahmedabad,Guj Ind Power,365,7.9,2883.5,282.6,2232.5400000000004,1.2915782024062277,2883.5,135.0,28,4,3,-0.8660254037844386,0.5000000000000001,0.4777070063694267,1,47.0,7.833333333333333,2.186051276738094,540.0,540.0,13.457142857142859
8,23.0,3.0,5.0,1.0,0,2,Ratnagiri,Adani Power Ltd.,320,7.4,2368.0,271.2,2006.88,1.1799410029498525,2368.0,135.0,20,0,0,0.8660254037844386,0.5000000000000001,0.497787610619469,1,40.0,6.666666666666667,2.128231705849268,0.0,0.0,22.599999999999998
13,22.0,3.0,9.0,1.0,0,2,Vadodara,Reliance Power,327,7.8,2550.6,289.2,2255.7599999999998,1.1307053941908713,2550.6,135.0,20,0,0,0.8660254037844386,0.5000000000000001,0.46680497925311204,1,48.0,8.0,2.174751721484161,0.0,0.0,17.011764705882353
5,19.0,2.0,11.0,1.0,0,5,Pune,JSW Energy Ltd.,288,9.1,2620.8,219.9,2001.09,1.3,2620.8,90.0,38,14,1,0.49999999999999994,-0.8660254037844387,0.4092769440654843,1,38.0,6.333333333333333,2.312535423847214,1260.0,1260.0,27.4875
22,23.0,3.0,3.0,1.0,0,7,Faridabad,Sterlite Power Transmission Ltd,402,8.1,3256.2,294.6,2386.26,1.3,3256.2,135.0,32,8,2,-0.4999999999999997,-0.8660254037844388,0.4582484725050916,1,52.0,8.666666666666666,2.2082744135228043,1080.0,1080.0,11.330769230769231
9,18.0,3.0,8.0,1.0,0,7,Nagpur,Reliance Power,318,8.9,2830.2000000000003,259.8,2312.2200000000003,1.2240184757505774,2830.2000000000003,135.0,32,8,2,-0.4999999999999997,-0.8660254037844388,0.5196304849884527,1,39.0,6.5,2.2925347571405443,1080.0,1080.0,19.984615384615385
7,18.0,2.0,16.0,1.0,0,3,Faridabad,GE T&D India Limited,318,8.1,2575.8,234.6,1900.2599999999998,1.3,2575.8,90.0,30,6,1,1.0,6.123233995736766e-17,0.3836317135549872,0,44.0,7.333333333333333,2.2082744135228043,540.0,540.0,23.46
10,17.0,2.0,5.0,1.0,0,9,Vadodara,CESC,273,7.8,2129.4,203.4,1586.52,1.3,2129.4,90.0,32,8,2,-1.0,-1.8369701987210297e-16,0.44247787610619466,1,35.0,5.833333333333333,2.174751721484161,720.0,720.0,15.646153846153847
9,19.0,3.0,10.0,1.0,0,1,Faridabad,KEC International,346,8.1,2802.6,270.3,2189.43,1.2800591934887162,2802.6,135.0,20,0,0,0.49999999999999994,0.8660254037844387,0.49944506104328523,1,42.0,7.0,2.2082744135228043,0.0,0.0,20.792307692307695
8,21.0,2.0,10.0,1.0,0,6,Pune,KEC International,337,9.1,3066.7,232.2,2113.02,1.3,3066.7,90.0,38,14,2,1.2246467991473532e-16,-1.0,0.3875968992248062,0,42.0,7.0,2.312535423847214,1260.0,1260.0,21.10909090909091
6,20.0,2.0,14.0,1.0,0,12,Noida,Adani Power Ltd.,325,8.2,2664.9999999999995,235.5,1931.1,1.3,2664.9999999999995,90.0,20,0,0,-2.4492935982947064e-16,1.0,0.3821656050955414,0,43.0,7.166666666666667,2.2192034840549946,0.0,0.0,26.166666666666668
7,21.0,3.0,19.0,1.0,0,9,Vadodara,JSW Energy Ltd.,445,7.8,3471.0,302.1,2356.38,1.3,3471.0,135.0,32,8,2,-1.0,-1.8369701987210297e-16,0.44687189672293937,1,51.0,8.5,2.174751721484161,1080.0,1080.0,27.463636363636365
10,22.0,3.0,4.0,1.0,0,3,Faridabad,CESC,368,8.1,2980.8,267.9,2169.99,1.3,2980.8,135.0,30,6,1,1.0,6.123233995736766e-17,0.503919372900336,1,40.0,6.666666666666667,2.2082744135228043,810.0,810.0,19.135714285714283
13,22.0,1.0,7.0,1.0,0,2,Kolkata,Tata Power Company Ltd.,287,8.7,2496.9,193.2,1680.8399999999997,1.3,2496.9,45.0,20,0,0,0.8660254037844386,0.5000000000000001,0.23291925465838512,0,44.0,7.333333333333333,2.272125885509337,0.0,0.0,12.879999999999999
5,21.0,1.0,8.0,1.0,0,6,Pune,Unitech Power Transmission Ltd.,248,9.1,2256.8,174.9,1591.59,1.3,2256.8,45.0,38,14,2,1.2246467991473532e-16,-1.0,0.25728987993138935,0,36.0,6.0,2.312535423847214,630.0,630.0,24.985714285714288
9,21.0,3.0,6.0,1.0,0,4,Vadodara,Tata Power Company Ltd.,331,7.8,2581.8,267.3,2084.94,1.238309016086794,2581.8,135.0,30,6,1,0.8660254037844387,-0.4999999999999998,0.5050505050505051,1,40.0,6.666666666666667,2.174751721484161,810.0,810.0,20.56153846153846
7,23.0,3.0,3.0,7.0,0,12,Kolkata,Reliance Energy,368,8.7,3201.6,268.5,2335.95,1.3,3201.6,135.0,20,0,0,-2.4492935982947064e-16,1.0,0.5027932960893855,1,43.0,7.166666666666667,2.272125885509337,0.0,0.0,24.40909090909091
11,23.0,2.0,5.0,1.0,0,9,Chennai,GE T&D India Limited,344,8.8,3027.2000000000003,232.5,2046.0000000000002,1.3,3027.2000000000003,90.0,32,8,2,-1.0,-1.8369701987210297e-16,0.3870967741935484,0,42.0,7.0,2.2823823856765264,720.0,720.0,16.607142857142858
7,19.0,1.0,4.0,1.0,0,4,Ahmedabad,Jyoti Structure,194,7.9,1532.6,158.1,1248.99,1.2270714737507906,1532.6,45.0,30,6,1,0.8660254037844387,-0.4999999999999998,0.28462998102466797,0,32.0,5.333333333333333,2.186051276738094,270.0,270.0,17.566666666666666
9,18.0,1.0,3.0,1.0,0,6,New Delhi,NHPC,215,8.5,1827.5,154.8,1315.8000000000002,1.3,1827.5,45.0,38,14,2,1.2246467991473532e-16,-1.0,0.2906976744186046,0,32.0,5.333333333333333,2.2512917986064953,630.0,630.0,14.072727272727274
16,23.0,3.0,8.0,1.0,0,6,Chennai,Ratnagiri Gas and Power Pvt. Ltd. (RGPPL),402,8.8,3537.6000000000004,297.0,2613.6000000000004,1.3,3537.6000000000004,135.0,38,14,2,1.2246467991473532e-16,-1.0,0.45454545454545453,1,51.0,8.5,2.2823823856765264,1890.0,1890.0,14.85
5,23.0,3.0,7.0,1.0,0,7,New Delhi,Kalpataru Power,381,8.5,3238.5,270.9,2302.6499999999996,1.3,3238.5,135.0,32,8,2,-0.4999999999999997,-0.8660254037844388,0.49833887043189373,1,39.0,6.5,2.2512917986064953,1080.0,1080.0,30.099999999999998
6,22.0,3.0,7.0,1.0,0,7,Vadodara,Sterlite Power Transmission Ltd,388,7.8,3026.4,268.5,2094.2999999999997,1.3,3026.4,135.0,32,8,2,-0.4999999999999997,-0.8660254037844388,0.5027932960893855,1,39.0,6.5,2.174751721484161,1080.0,1080.0,26.85
5,20.0,2.0,13.0,1.0,0,9,Mumbai,Neueon Towers / Sujana Towers Ltd.,338,9.2,3109.6,230.4,2119.68,1.3,3109.6,90.0,32,8,2,-1.0,-1.8369701987210297e-16,0.390625,0,41.0,6.833333333333333,2.322387720290225,720.0,720.0,28.8
15,22.0,3.0,16.0,1.0,0,2,Ahmedabad,NTPC Pvt. Ltd.,462,7.9,3649.8,314.4,2483.7599999999998,1.3,3649.8,135.0,20,0,0,0.8660254037844386,0.5000000000000001,0.42938931297709926,1,57.0,9.5,2.186051276738094,0.0,0.0,16.54736842105263
15,22.0,3.0,4.0,1.0,0,12,Faridabad,SJVN Ltd.,405,8.1,3280.5,278.4,2255.0399999999995,1.3,3280.5,135.0,20,0,0,-2.4492935982947064e-16,1.0,0.48491379310344834,1,45.0,7.5,2.2082744135228043,0.0,0.0,14.652631578947368
9,18.0,3.0,6.0,1.0,0,3,Hyderabad,Ratnagiri Gas and Power Pvt. Ltd. (RGPPL),332,8.4,2788.8,253.8,2131.92,1.3,2788.8,135.0,30,6,1,1.0,6.123233995736766e-17,0.5319148936170213,1,37.0,6.166666666666667,2.2407096892759584,810.0,810.0,19.523076923076925
10,17.0,3.0,13.0,1.0,0,12,Kolkata,L&T Transmission & Distribution,368,8.7,3201.6,272.4,2369.8799999999997,1.3,3201.6,135.0,20,0,0,-2.4492935982947064e-16,1.0,0.4955947136563877,1,44.0,7.333333333333333,2.272125885509337,0.0,0.0,19.457142857142856
8,17.0,1.0,4.0,1.0,0,11,New Delhi,Unitech Power Transmission Ltd.,192,8.5,1632.0,151.2,1285.1999999999998,1.26984126984127,1632.0,45.0,28,4,3,-0.5000000000000004,0.8660254037844384,0.2976190476190476,0,31.0,5.166666666666667,2.2512917986064953,180.0,180.0,15.12
8,17.0,2.0,19.0,1.0,0,2,Kolkata,Kalpataru Power,287,8.7,2496.9,241.2,2098.4399999999996,1.189883913764511,2496.9,90.0,20,0,0,0.8660254037844386,0.5000000000000001,0.373134328358209,0,47.0,7.833333333333333,2.272125885509337,0.0,0.0,21.927272727272726
8,17.0,2.0,12.0,1.0,0,11,Vadodara,TransRail Lighting,262,7.8,2043.6,220.2,1717.56,1.189827429609446,2043.6,90.0,28,4,3,-0.5000000000000004,0.8660254037844384,0.40871934604904636,1,40.0,6.666666666666667,2.174751721484161,360.0,360.0,20.018181818181816
8,22.0,3.0,4.0,1.0,0,10,Shimla,TransRail Lighting,380,7.7,2926.0,263.7,2030.49,1.3,2926.0,135.0,28,4,3,-0.8660254037844386,0.5000000000000001,0.5119453924914676,1,38.0,6.333333333333333,2.163323025660538,540.0,540.0,21.974999999999998
13,23.0,3.0,12.0,1.0,0,8,Dahej,JSW Energy Ltd.,439,7.6,3336.4,302.7,2300.52,1.3,3336.4,135.0,32,8,2,-0.8660254037844385,-0.5000000000000004,0.445986124876115,1,52.0,8.666666666666666,2.151762203259462,1080.0,1080.0,17.805882352941175
14,22.0,3.0,16.0,1.0,0,6,Shimla,Reliance Power,452,7.7,3480.4,312.3,2404.71,1.3,3480.4,135.0,38,14,2,1.2246467991473532e-16,-1.0,0.4322766570605187,1,56.0,9.333333333333334,2.163323025660538,1890.0,1890.0,17.35
17,23.0,2.0,4.0,1.0,0,2,Dahej,Neueon Towers / Sujana Towers Ltd.,292,7.6,2219.2,242.1,1839.9599999999998,1.2061131763733994,2219.2,90.0,20,0,0,0.8660254037844386,0.5000000000000001,0.3717472118959108,0,47.0,7.833333333333333,2.151762203259462,0.0,0.0,12.105
7,22.0,2.0,5.0,1.0,0,3,Nagpur,NTPC Pvt. Ltd.,308,8.9,2741.2000000000003,219.6,1954.44,1.3,2741.2000000000003,90.0,30,6,1,1.0,6.123233995736766e-17,0.4098360655737705,1,37.0,6.166666666666667,2.2925347571405443,540.0,540.0,21.96
6,23.0,3.0,17.0,1.0,0,1,Noida,Adani Power Ltd.,432,8.2,3542.4,303.0,2484.6,1.3,3542.4,135.0,20,0,0,0.49999999999999994,0.8660254037844387,0.44554455445544555,1,50.0,8.333333333333334,2.2192034840549946,0.0,0.0,30.3
8,22.0,2.0,4.0,1.0,0,6,Navi Mumbai,CESC,268,9.3,2492.4,218.7,2033.91,1.2254229538180155,2492.4,90.0,38,14,2,1.2246467991473532e-16,-1.0,0.411522633744856,1,37.0,6.166666666666667,2.33214389523559,1260.0,1260.0,19.88181818181818
11,22.0,3.0,14.0,1.0,0,10,Shimla,Jaiprakash Power,449,7.7,3457.3,300.0,2310.0,1.3,3457.3,135.0,28,4,3,-0.8660254037844386,0.5000000000000001,0.45,1,51.0,8.5,2.163323025660538,540.0,540.0,20.0
18,23.0,3.0,4.0,1.0,0,9,Navi Mumbai,Torrent Power Ltd.,432,9.3,4017.6,289.2,2689.56,1.3,4017.6,135.0,32,8,2,-1.0,-1.8369701987210297e-16,0.46680497925311204,1,49.0,8.166666666666666,2.33214389523559,1080.0,1080.0,13.145454545454545
23,22.0,3.0,5.0,1.0,0,2,Hyderabad,Reliance Power,412,8.4,3460.8,298.2,2504.88,1.3,3460.8,135.0,20,0,0,0.8660254037844386,0.5000000000000001,0.45271629778672035,1,54.0,9.0,2.2407096892759584,0.0,0.0,11.044444444444444
13,22.0,1.0,3.0,1.0,0,2,Kolkata,Adani Power Ltd.,241,8.7,2096.7,181.2,1576.4399999999998,1.3,2096.7,45.0,20,0,0,0.8660254037844386,0.5000000000000001,0.24834437086092717,0,40.0,6.666666666666667,2.272125885509337,0.0,0.0,12.08
7,17.0,2.0,3.0,7.0,0,6,Vadodara,Indowind Energy,277,7.8,2160.6,196.5,1532.7,1.3,2160.6,90.0,38,14,2,1.2246467991473532e-16,-1.0,0.4580152671755725,1,36.0,6.0,2.174751721484161,1260.0,1260.0,19.65
6,17.0,3.0,6.0,1.0,0,9,Nagpur,NTPC Pvt. Ltd.,257,8.9,2287.3,243.0,2162.7000000000003,1.0576131687242798,2287.3,135.0,32,8,2,-1.0,-1.8369701987210297e-16,0.5555555555555556,1,33.0,5.5,2.2925347571405443,1080.0,1080.0,24.3
16,22.0,3.0,15.0,1.0,0,2,Hyderabad,Kalpataru Power,469,8.4,3939.6,313.5,2633.4,1.3,3939.6,135.0,20,0,0,0.8660254037844386,0.5000000000000001,0.430622009569378,1,57.0,9.5,2.2407096892759584,0.0,0.0,15.675
20,22.0,3.0,3.0,1.0,0,11,Pune,Unitech Power Transmission Ltd.,403,9.1,3667.3,285.9,2601.6899999999996,1.3,3667.3,135.0,28,4,3,-0.5000000000000004,0.8660254037844384,0.472193074501574,1,49.0,8.166666666666666,2.312535423847214,540.0,540.0,11.9125
18,22.0,3.0,14.0,1.0,0,4,Chennai,Jaiprakash Power,449,8.8,3951.2,314.7,2769.36,1.3,3951.2,135.0,30,6,1,0.8660254037844387,-0.4999999999999998,0.42897998093422307,1,58.0,9.666666666666666,2.2823823856765264,810.0,810.0,14.304545454545455
5,20.0,3.0,14.0,1.0,0,9,Kolkata,Reliance Energy,354,8.7,3079.8,278.4,2422.0799999999995,1.2715517241379315,3079.8,135.0,32,8,2,-1.0,-1.8369701987210297e-16,0.48491379310344834,1,43.0,7.166666666666667,2.272125885509337,1080.0,1080.0,30.93333333333333
6,17.0,3.0,12.0,1.0,0,12,Pune,SJVN Ltd.,311,9.1,2830.1,261.0,2375.1,1.1915708812260537,2830.1,135.0,20,0,0,-2.4492935982947064e-16,1.0,0.5172413793103449,1,39.0,6.5,2.312535423847214,0.0,0.0,26.1
10,22.0,3.0,18.0,1.0,0,7,Dahej,Neueon Towers / Sujana Towers Ltd.,464,7.6,3526.4,309.9,2355.24,1.3,3526.4,135.0,32,8,2,-0.4999999999999997,-0.8660254037844388,0.43562439496611816,1,54.0,9.0,2.151762203259462,1080.0,1080.0,22.135714285714283
10,17.0,3.0,8.0,1.0,0,5,Faridabad,Adani Power Ltd.,315,8.1,2551.5,257.4,2084.9399999999996,1.223776223776224,2551.5,135.0,38,14,1,0.49999999999999994,-0.8660254037844387,0.5244755244755245,1,39.0,6.5,2.2082744135228043,1890.0,1890.0,18.385714285714283
16,23.0,3.0,12.0,1.0,0,2,Kolkata,L&T Transmission & Distribution,447,8.7,3888.9,309.0,2688.2999999999997,1.3,3888.9,135.0,20,0,0,0.8660254037844386,0.5000000000000001,0.4368932038834951,1,55.0,9.166666666666666,2.272125885509337,0.0,0.0,15.45
5,18.0,2.0,8.0,1.0,0,10,Nagpur,Kalpataru Power,302,8.9,2687.8,206.4,1836.96,1.3,2687.8,90.0,28,4,3,-0.8660254037844386,0.5000000000000001,0.436046511627907,1,34.0,5.666666666666667,2.2925347571405443,360.0,360.0,25.8
21,22.0,3.0,10.0,1.0,0,2,Gurgaon,Sunil Hitech Eng,446,8.3,3701.8,309.0,2564.7000000000003,1.3,3701.8,135.0,20,0,0,0.8660254037844386,0.5000000000000001,0.4368932038834951,1,57.0,9.5,2.2300144001592104,0.0,0.0,12.36
21,23.0,3.0,5.0,1.0,0,4,Mumbai,Tata Power Company Ltd.,404,9.2,3716.8,298.5,2746.2,1.3,3716.8,135.0,30,6,1,0.8660254037844387,-0.4999999999999998,0.45226130653266333,1,53.0,8.833333333333334,2.322387720290225,810.0,810.0,11.94
13,22.0,3.0,22.0,1.0,0,2,Mumbai,Sunil Hitech Eng,444,9.2,4084.8,328.2,3019.4399999999996,1.3,4084.8,135.0,20,0,0,0.8660254037844386,0.5000000000000001,0.4113345521023766,1,61.0,10.166666666666666,2.322387720290225,0.0,0.0,19.305882352941175
11,22.0,2.0,4.0,1.0,0,6,Noida,Adani Power Ltd.,315,8.2,2583.0,225.0,1844.9999999999998,1.3,2583.0,90.0,38,14,2,1.2246467991473532e-16,-1.0,0.4,0,40.0,6.666666666666667,2.2192034840549946,1260.0,1260.0,16.071428571428573
8,21.0,2.0,18.0,1.0,0,4,Vadodara,Adani Power Ltd.,379,7.8,2956.2,256.2,1998.36,1.3,2956.2,90.0,30,6,1,0.8660254037844387,-0.4999999999999998,0.351288056206089,0,50.0,8.333333333333334,2.174751721484161,540.0,540.0,23.29090909090909
7,17.0,1.0,11.0,1.0,0,11,Pune,Kalpataru Power,249,9.1,2265.9,170.1,1547.9099999999999,1.3,2265.9,45.0,28,4,3,-0.5000000000000004,0.8660254037844384,0.26455026455026454,0,37.0,6.166666666666667,2.312535423847214,180.0,180.0,18.9
7,20.0,2.0,8.0,1.0,0,9,Kolkata,Torrent Power Ltd.,324,8.7,2818.8,219.6,1910.5199999999998,1.3,2818.8,90.0,32,8,2,-1.0,-1.8369701987210297e-16,0.4098360655737705,1,38.0,6.333333333333333,2.272125885509337,720.0,720.0,21.96
8,21.0,1.0,6.0,1.0,0,9,Pune,Bonfiglioli Transmission Pvt. Ltd.,249,9.1,2265.9,175.2,1594.32,1.3,2265.9,45.0,32,8,2,-1.0,-1.8369701987210297e-16,0.2568493150684932,0,37.0,6.166666666666667,2.312535423847214,360.0,360.0,17.52
7,19.0,2.0,4.0,1.0,0,8,Mumbai,Torrent Power Ltd.,287,9.2,2640.4,203.1,1868.5199999999998,1.3,2640.4,90.0,32,8,2,-0.8660254037844385,-0.5000000000000004,0.4431314623338257,1,33.0,5.5,2.322387720290225,720.0,720.0,20.31
13,23.0,3.0,9.0,1.0,0,2,New Delhi,KEC International,402,8.5,3417.0,293.7,2496.45,1.3,3417.0,135.0,20,0,0,0.8660254037844386,0.5000000000000001,0.4596527068437181,1,49.0,8.166666666666666,2.2512917986064953,0.0,0.0,17.276470588235295
12,23.0,3.0,11.0,1.0,0,2,Ratnagiri,Sunil Hitech Eng,409,7.4,3026.6000000000004,297.6,2202.2400000000002,1.3,3026.6000000000004,135.0,20,0,0,0.8660254037844386,0.5000000000000001,0.4536290322580645,1,50.0,8.333333333333334,2.128231705849268,0.0,0.0,18.6
7,23.0,3.0,7.0,7.0,0,5,New Delhi,Optibelt Power Transmission India Private Limited,410,8.5,3485.0,280.5,2384.25,1.3,3485.0,135.0,38,14,1,0.49999999999999994,-0.8660254037844387,0.48128342245989303,1,47.0,7.833333333333333,2.2512917986064953,1890.0,1890.0,25.5
8,19.0,3.0,7.0,1.0,0,11,Navi Mumbai,Torrent Power Ltd.,371,9.3,3450.3,259.2,2410.56,1.3,3450.3,135.0,28,4,3,-0.5000000000000004,0.8660254037844384,0.5208333333333334,1,38.0,6.333333333333333,2.33214389523559,540.0,540.0,21.599999999999998
6,22.0,3.0,6.0,1.0,0,10,Navi Mumbai,NTPC Pvt. Ltd.,330,9.3,3069.0000000000005,265.5,2469.15,1.2429378531073447,3069.0000000000005,135.0,28,4,3,-0.8660254037844386,0.5000000000000001,0.5084745762711864,1,38.0,6.333333333333333,2.33214389523559,540.0,540.0,26.55
10,19.0,2.0,11.0,1.0,0,1,Nagpur,NHPC,306,8.9,2723.4,230.4,2050.56,1.3,2723.4,90.0,20,0,0,0.49999999999999994,0.8660254037844387,0.390625,0,43.0,7.166666666666667,2.2925347571405443,0.0,0.0,17.723076923076924
9,22.0,3.0,16.0,1.0,0,9,Noida,TransRail Lighting,404,8.2,3312.8,301.8,2474.7599999999998,1.3,3312.8,135.0,32,8,2,-1.0,-1.8369701987210297e-16,0.44731610337972166,1,51.0,8.5,2.2192034840549946,1080.0,1080.0,23.215384615384615
16,22.0,3.0,19.0,1.0,0,4,Faridabad,Orient Green,487,8.1,3944.7,325.5,2636.5499999999997,1.3,3944.7,135.0,30,6,1,0.8660254037844387,-0.4999999999999998,0.4147465437788018,1,61.0,10.166666666666666,2.2082744135228043,810.0,810.0,16.275
12,23.0,3.0,10.0,1.0,0,11,Hyderabad,Sterlite Power Transmission Ltd,385,8.4,3234.0,294.6,2474.6400000000003,1.3,3234.0,135.0,28,4,3,-0.5000000000000004,0.8660254037844384,0.4582484725050916,1,49.0,8.166666666666666,2.2407096892759584,540.0,540.0,18.4125
12,23.0,2.0,3.0,1.0,0,6,New Delhi,Tata Power Company Ltd.,316,8.5,2686.0,228.6,1943.1,1.3,2686.0,90.0,38,14,2,1.2246467991473532e-16,-1.0,0.3937007874015748,0,41.0,6.833333333333333,2.2512917986064953,1260.0,1260.0,15.24
10,17.0,3.0,13.0,1.0,0,2,Mumbai,Bonfiglioli Transmission Pvt. Ltd.,303,9.2,2787.6,272.4,2506.0799999999995,1.1123348017621146,2787.6,135.0,20,0,0,0.8660254037844386,0.5000000000000001,0.4955947136563877,1,44.0,7.333333333333333,2.322387720290225,0.0,0.0,19.457142857142856
8,21.0,3.0,12.0,1.0,0,8,Chennai,Optibelt Power Transmission India Private Limited,419,8.8,3687.2,283.2,2492.1600000000003,1.3,3687.2,135.0,32,8,2,-0.8660254037844385,-0.5000000000000004,0.4766949152542373,1,45.0,7.5,2.2823823856765264,1080.0,1080.0,23.599999999999998
6,21.0,3.0,12.0,1.0,0,4,Hyderabad,NHPC,387,8.4,3250.8,279.0,2343.6,1.3,3250.8,135.0,30,6,1,0.8660254037844387,-0.4999999999999998,0.4838709677419355,1,43.0,7.166666666666667,2.2407096892759584,810.0,810.0,27.9
10,23.0,2.0,5.0,7.0,0,2,Faridabad,JSW Energy Ltd.,311,8.1,2519.1,235.8,1909.98,1.3,2519.1,90.0,20,0,0,0.8660254037844386,0.5000000000000001,0.38167938931297707,0,47.0,7.833333333333333,2.2082744135228043,0.0,0.0,18.138461538461538
7,20.0,3.0,5.0,1.0,0,6,Dahej,Unitech Power Transmission Ltd.,300,7.6,2280.0,255.6,1942.56,1.1737089201877935,2280.0,135.0,38,14,2,1.2246467991473532e-16,-1.0,0.528169014084507,1,36.0,6.0,2.151762203259462,1890.0,1890.0,23.236363636363635
9,22.0,3.0,14.0,7.0,0,2,Shimla,NTPC Pvt. Ltd.,425,7.7,3272.5,301.2,2319.24,1.3,3272.5,135.0,20,0,0,0.8660254037844386,0.5000000000000001,0.448207171314741,1,55.0,9.166666666666666,2.163323025660538,0.0,0.0,23.16923076923077
9,17.0,2.0,22.0,1.0,0,2,Faridabad,CESC,313,8.1,2535.3,252.3,2043.63,1.2405866032500992,2535.3,90.0,20,0,0,0.8660254037844386,0.5000000000000001,0.356718192627824,0,51.0,8.5,2.2082744135228043,0.0,0.0,21.025000000000002
8,20.0,3.0,22.0,1.0,0,4,Gurgaon,Ratnagiri Gas and Power Pvt. Ltd. (RGPPL),451,8.3,3743.3,308.7,2562.21,1.3,3743.3,135.0,30,6,1,0.8660254037844387,-0.4999999999999998,0.43731778425655976,1,54.0,9.0,2.2300144001592104,810.0,810.0,25.724999999999998
11,22.0,3.0,3.0,1.0,0,1,Faridabad,NLC India,352,8.1,2851.2,267.0,2162.7,1.3,2851.2,135.0,20,0,0,0.49999999999999994,0.8660254037844387,0.5056179775280899,1,40.0,6.666666666666667,2.2082744135228043,0.0,0.0,17.8
21,22.0,2.0,4.0,1.0,0,2,New Delhi,Jyoti Structure,352,8.5,2992.0,246.0,2091.0,1.3,2992.0,90.0,20,0,0,0.8660254037844386,0.5000000000000001,0.36585365853658536,0,50.0,8.333333333333334,2.2512917986064953,0.0,0.0,10.25
18,23.0,3.0,8.0,1.0,0,8,Hyderabad,Neueon Towers / Sujana Towers Ltd.,431,8.4,3620.4,301.2,2530.08,1.3,3620.4,135.0,32,8,2,-0.8660254037844385,-0.5000000000000004,0.448207171314741,1,53.0,8.833333333333334,2.2407096892759584,1080.0,1080.0,13.69090909090909
6,17.0,1.0,5.0,1.0,0,3,Chennai,Kalpataru Power,215,8.8,1892.0,150.0,1320.0,1.3,1892.0,45.0,30,6,1,1.0,6.123233995736766e-17,0.3,0,30.0,5.0,2.2823823856765264,270.0,270.0,18.75
17,23.0,3.0,13.0,1.0,0,4,Chennai,"Maha Transco – Maharashtra State Electricity Transmission Co, Ltd.",439,8.8,3863.2,314.1,2764.0800000000004,1.3,3863.2,135.0,30,6,1,0.8660254037844387,-0.4999999999999998,0.4297994269340974,1,57.0,9.5,2.2823823856765264,810.0,810.0,14.957142857142859
8,20.0,3.0,15.0,1.0,0,2,New Delhi,Bonfiglioli Transmission Pvt. Ltd.,319,8.5,2711.5,287.7,2445.45,1.1087938825165102,2711.5,135.0,20,0,0,0.8660254037844386,0.5000000000000001,0.46923879040667366,1,47.0,7.833333333333333,2.2512917986064953,0.0,0.0,23.974999999999998
13,22.0,3.0,11.0,1.0,0,11,Dahej,Neueon Towers / Sujana Towers Ltd.,439,7.6,3336.4,295.2,2243.52,1.3,3336.4,135.0,28,4,3,-0.5000000000000004,0.8660254037844384,0.4573170731707317,1,50.0,8.333333333333334,2.151762203259462,540.0,540.0,17.36470588235294
7,20.0,1.0,7.0,1.0,0,2,Ahmedabad,SJVN Ltd.,190,7.9,1501.0,171.6,1355.64,1.1072261072261071,1501.0,45.0,20,0,0,0.8660254037844386,0.5000000000000001,0.26223776223776224,0,36.0,6.0,2.186051276738094,0.0,0.0,19.066666666666666
7,17.0,3.0,12.0,7.0,0,6,New Delhi,Bonfiglioli Transmission Pvt. Ltd.,364,8.5,3094.0,268.5,2282.25,1.3,3094.0,135.0,38,14,2,1.2246467991473532e-16,-1.0,0.5027932960893855,1,46.0,7.666666666666667,2.2512917986064953,1890.0,1890.0,24.40909090909091
7,20.0,3.0,11.0,1.0,0,6,Hyderabad,CESC,328,8.4,2755.2000000000003,273.6,2298.2400000000002,1.1988304093567252,2755.2000000000003,135.0,38,14,2,1.2246467991473532e-16,-1.0,0.4934210526315789,1,42.0,7.0,2.2407096892759584,1890.0,1890.0,24.872727272727275
10,20.0,3.0,14.0,1.0,0,8,Nagpur,Power Grid Corp,420,8.9,3738.0,288.9,2571.21,1.3,3738.0,135.0,32,8,2,-0.8660254037844385,-0.5000000000000004,0.4672897196261683,1,48.0,8.0,2.2925347571405443,1080.0,1080.0,20.635714285714283
6,17.0,3.0,17.0,1.0,0,10,Shimla,TransRail Lighting,381,7.7,2933.7000000000003,276.0,2125.2000000000003,1.3,2933.7000000000003,135.0,28,4,3,-0.8660254037844386,0.5000000000000001,0.4891304347826087,1,44.0,7.333333333333333,2.163323025660538,540.0,540.0,27.6
17,22.0,3.0,3.0,1.0,0,4,Noida,Ringfeder Power Transmission India Pvt. Ltd.,407,8.2,3337.4,279.6,2292.72,1.3,3337.4,135.0,30,6,1,0.8660254037844387,-0.4999999999999998,0.48283261802575106,1,46.0,7.666666666666667,2.2192034840549946,810.0,810.0,13.314285714285715
13,23.0,2.0,7.0,1.0,0,9,Kolkata,Reliance Power,331,8.7,2879.7,242.7,2111.49,1.3,2879.7,90.0,32,8,2,-1.0,-1.8369701987210297e-16,0.3708281829419036,0,46.0,7.666666666666667,2.272125885509337,720.0,720.0,15.16875
22,22.0,2.0,5.0,1.0,0,11,Shimla,Guj Ind Power,361,7.7,2779.7000000000003,251.1,1933.47,1.3,2779.7000000000003,90.0,28,4,3,-0.5000000000000004,0.8660254037844384,0.35842293906810035,0,52.0,8.666666666666666,2.163323025660538,360.0,360.0,10.044
8,21.0,2.0,8.0,1.0,0,6,Faridabad,JSW Energy Ltd.,282,8.1,2284.2,226.2,1832.2199999999998,1.2466843501326261,2284.2,90.0,38,14,2,1.2246467991473532e-16,-1.0,0.3978779840848807,0,40.0,6.666666666666667,2.2082744135228043,1260.0,1260.0,20.563636363636363
9,17.0,3.0,19.0,1.0,0,10,Chennai,JSW Energy Ltd.,421,8.8,3704.8,288.3,2537.0400000000004,1.3,3704.8,135.0,28,4,3,-0.8660254037844386,0.5000000000000001,0.46826222684703434,1,49.0,8.166666666666666,2.2823823856765264,540.0,540.0,22.176923076923078
8,17.0,2.0,10.0,1.0,0,8,Noida,Reliance Energy,291,8.2,2386.2,214.2,1756.4399999999998,1.3,2386.2,90.0,32,8,2,-0.8660254037844385,-0.5000000000000004,0.42016806722689076,1,38.0,6.333333333333333,2.2192034840549946,720.0,720.0,19.472727272727273
23,23.0,3.0,8.0,1.0,0,6,Shimla,CESC,440,7.7,3388.0,311.7,2400.09,1.3,3388.0,135.0,38,14,2,1.2246467991473532e-16,-1.0,0.4331087584215592,1,58.0,9.666666666666666,2.163323025660538,1890.0,1890.0,11.544444444444444
6,19.0,3.0,20.0,1.0,0,9,Vadodara,Bonfiglioli Transmission Pvt. Ltd.,436,7.8,3400.8,294.0,2293.2,1.3,3400.8,135.0,32,8,2,-1.0,-1.8369701987210297e-16,0.45918367346938777,1,49.0,8.166666666666666,2.174751721484161,1080.0,1080.0,29.4
7,18.0,3.0,5.0,1.0,0,1,Ahmedabad,Kalpataru Power,308,7.9,2433.2000000000003,246.6,1948.14,1.2489862124898623,2433.2000000000003,135.0,20,0,0,0.49999999999999994,0.8660254037844387,0.5474452554744526,1,34.0,5.666666666666667,2.186051276738094,0.0,0.0,22.418181818181818
16,22.0,3.0,3.0,1.0,0,11,Pune,NTPC Pvt. Ltd.,394,9.1,3585.4,277.5,2525.25,1.3,3585.4,135.0,28,4,3,-0.5000000000000004,0.8660254037844384,0.4864864864864865,1,45.0,7.5,2.312535423847214,540.0,540.0,13.875
10,17.0,2.0,4.0,7.0,0,9,Navi Mumbai,Bonfiglioli Transmission Pvt. Ltd.,270,9.3,2511.0,205.8,1913.9400000000003,1.3,2511.0,90.0,32,8,2,-1.0,-1.8369701987210297e-16,0.43731778425655976,1,40.0,6.666666666666667,2.33214389523559,720.0,720.0,15.830769230769231
13,23.0,3.0,3.0,1.0,0,2,Ratnagiri,Indowind Energy,399,7.4,2952.6000000000004,275.7,2040.18,1.3,2952.6000000000004,135.0,20,0,0,0.8660254037844386,0.5000000000000001,0.4896626768226333,1,43.0,7.166666666666667,2.128231705849268,0.0,0.0,16.21764705882353
5,18.0,3.0,9.0,1.0,0,4,Hyderabad,Reliance Energy,279,8.4,2343.6,254.4,2136.96,1.096698113207547,2343.6,135.0,30,6,1,0.8660254037844387,-0.4999999999999998,0.5306603773584906,1,36.0,6.0,2.2407096892759584,810.0,810.0,28.266666666666666
16,23.0,3.0,10.0,1.0,0,2,Chennai,Guj Ind Power,390,8.8,3432.0000000000005,303.0,2666.4,1.2871287128712872,3432.0000000000005,135.0,20,0,0,0.8660254037844386,0.5000000000000001,0.44554455445544555,1,53.0,8.833333333333334,2.2823823856765264,0.0,0.0,15.15
10,18.0,3.0,22.0,1.0,0,2,Shimla,Bonfiglioli Transmission Pvt. Ltd.,384,7.7,2956.8,303.9,2340.0299999999997,1.2635735439289242,2956.8,135.0,20,0,0,0.8660254037844386,0.5000000000000001,0.4442250740375124,1,54.0,9.0,2.163323025660538,0.0,0.0,21.707142857142856
22,23.0,3.0,6.0,1.0,0,12,Navi Mumbai,Adani Power Ltd.,432,9.3,4017.6,303.6,2823.4800000000005,1.3,4017.6,135.0,20,0,0,-2.4492935982947064e-16,1.0,0.44466403162055335,1,55.0,9.166666666666666,2.33214389523559,0.0,0.0,11.676923076923078
23,23.0,3.0,7.0,1.0,0,6,Kolkata,Orient Green,427,8.7,3714.9,308.7,2685.6899999999996,1.3,3714.9,135.0,38,14,2,1.2246467991473532e-16,-1.0,0.43731778425655976,1,57.0,9.5,2.272125885509337,1890.0,1890.0,11.433333333333334
8,18.0,3.0,17.0,1.0,0,1,Ratnagiri,Torrent Power Ltd.,389,7.4,2878.6000000000004,284.7,2106.78,1.3,2878.6000000000004,135.0,20,0,0,0.49999999999999994,0.8660254037844387,0.4741833508956797,1,47.0,7.833333333333333,2.128231705849268,0.0,0.0,23.724999999999998
18,23.0,1.0,3.0,1.0,0,2,Kolkata,NTPC Pvt. Ltd.,276,8.7,2401.2,196.2,1706.9399999999998,1.3,2401.2,45.0,20,0,0,0.8660254037844386,0.5000000000000001,0.22935779816513763,0,46.0,7.666666666666667,2.272125885509337,0.0,0.0,9.809999999999999
5,17.0,3.0,7.0,1.0,0,7,Ratnagiri,SJVN Ltd.,302,7.4,2234.8,243.9,1804.8600000000001,1.2382123821238213,2234.8,135.0,32,8,2,-0.4999999999999997,-0.8660254037844388,0.5535055350553505,1,33.0,5.5,2.128231705849268,1080.0,1080.0,27.1
5,19.0,3.0,11.0,7.0,0,5,Shimla,Sterlite Power Transmission Ltd,374,7.7,2879.8,270.3,2081.31,1.3,2879.8,135.0,38,14,1,0.49999999999999994,-0.8660254037844387,0.49944506104328523,1,45.0,7.5,2.163323025660538,1890.0,1890.0,30.033333333333335
22,22.0,3.0,4.0,1.0,0,7,Gurgaon,SJVN Ltd.,397,8.3,3295.1000000000004,293.1,2432.7300000000005,1.3,3295.1000000000004,135.0,32,8,2,-0.4999999999999997,-0.8660254037844388,0.4605936540429887,1,52.0,8.666666666666666,2.2300144001592104,1080.0,1080.0,11.273076923076925
8,21.0,2.0,4.0,1.0,0,5,Navi Mumbai,Bonfiglioli Transmission Pvt. Ltd.,311,9.3,2892.3,214.2,1992.06,1.3,2892.3,90.0,38,14,1,0.49999999999999994,-0.8660254037844387,0.42016806722689076,1,36.0,6.0,2.33214389523559,1260.0,1260.0,19.472727272727273
6,23.0,2.0,4.0,1.0,0,2,Shimla,Power Grid Corp,281,7.7,2163.7000000000003,219.0,1686.3,1.2831050228310503,2163.7000000000003,90.0,20,0,0,0.8660254037844386,0.5000000000000001,0.410958904109589,1,36.0,6.0,2.163323025660538,0.0,0.0,24.333333333333332
6,21.0,3.0,8.0,1.0,0,5,Mumbai,Guj Ind Power,332,9.2,3054.4,267.0,2456.3999999999996,1.2434456928838953,3054.4,135.0,38,14,1,0.49999999999999994,-0.8660254037844387,0.5056179775280899,1,39.0,6.5,2.322387720290225,1890.0,1890.0,26.7
9,21.0,3.0,22.0,1.0,0,6,Mumbai,Bonfiglioli Transmission Pvt. Ltd.,446,9.2,4103.2,315.3,2900.7599999999998,1.3,4103.2,135.0,38,14,2,1.2246467991473532e-16,-1.0,0.42816365366317793,1,56.0,9.333333333333334,2.322387720290225,1890.0,1890.0,24.253846153846155
21,23.0,3.0,3.0,1.0,0,1,Pune,CESC,416,9.1,3785.6,292.5,2661.75,1.3,3785.6,135.0,20,0,0,0.49999999999999994,0.8660254037844387,0.46153846153846156,1,51.0,8.5,2.312535423847214,0.0,0.0,11.7
5,23.0,3.0,15.0,1.0,0,6,Faridabad,Toshiba Transmission & Distribution Systems (India) Pvt. Ltd.,408,8.1,3304.8,294.9,2388.6899999999996,1.3,3304.8,135.0,38,14,2,1.2246467991473532e-16,-1.0,0.45778229908443546,1,47.0,7.833333333333333,2.2082744135228043,1890.0,1890.0,32.766666666666666
16,22.0,3.0,5.0,1.0,0,9,Nagpur,Unitech Power Transmission Ltd.,370,8.9,3293.0,283.5,2523.15,1.3,3293.0,135.0,32,8,2,-1.0,-1.8369701987210297e-16,0.47619047619047616,1,47.0,7.833333333333333,2.2925347571405443,1080.0,1080.0,14.175
5,22.0,3.0,4.0,1.0,0,2,Faridabad,Reliance Energy,255,8.1,2065.5,257.4,2084.9399999999996,0.9906759906759909,2065.5,135.0,20,0,0,0.8660254037844386,0.5000000000000001,0.5244755244755245,1,35.0,5.833333333333333,2.2082744135228043,0.0,0.0,28.599999999999998
9,21.0,3.0,10.0,7.0,0,3,Dahej,NTPC Pvt. Ltd.,418,7.6,3176.8,284.7,2163.72,1.3,3176.8,135.0,30,6,1,1.0,6.123233995736766e-17,0.4741833508956797,1,50.0,8.333333333333334,2.151762203259462,810.0,810.0,21.9
8,19.0,3.0,11.0,1.0,0,7,Gurgaon,Torrent Power Ltd.,336,8.3,2788.8,271.2,2250.96,1.2389380530973453,2788.8,135.0,32,8,2,-0.4999999999999997,-0.8660254037844388,0.497787610619469,1,42.0,7.0,2.2300144001592104,1080.0,1080.0,22.599999999999998
17,23.0,2.0,8.0,1.0,0,9,New Delhi,Ringfeder Power Transmission India Pvt. Ltd.,367,8.5,3119.5,254.1,2159.85,1.3,3119.5,90.0,32,8,2,-1.0,-1.8369701987210297e-16,0.3541912632821724,0,51.0,8.5,2.2512917986064953,720.0,720.0,12.705
8,17.0,1.0,11.0,1.0,0,1,Navi Mumbai,GE T&D India Limited,253,9.3,2352.9,172.2,1601.46,1.3,2352.9,45.0,20,0,0,0.49999999999999994,0.8660254037844387,0.2613240418118467,0,38.0,6.333333333333333,2.33214389523559,0.0,0.0,17.22
10,21.0,3.0,15.0,1.0,0,10,Dahej,NHPC,431,7.6,3275.6,296.4,2252.64,1.3,3275.6,135.0,28,4,3,-0.8660254037844386,0.5000000000000001,0.45546558704453444,1,50.0,8.333333333333334,2.151762203259462,540.0,540.0,21.17142857142857
8,20.0,3.0,19.0,1.0,0,3,Ahmedabad,Torrent Power Ltd.,448,7.9,3539.2000000000003,299.7,2367.63,1.3,3539.2000000000003,135.0,30,6,1,1.0,6.123233995736766e-17,0.45045045045045046,1,51.0,8.5,2.186051276738094,810.0,810.0,24.974999999999998
11,22.0,3.0,3.0,1.0,0,6,Vadodara,Reliance Power,373,7.8,2909.4,267.0,2082.6,1.3,2909.4,135.0,38,14,2,1.2246467991473532e-16,-1.0,0.5056179775280899,1,40.0,6.666666666666667,2.174751721484161,1890.0,1890.0,17.8
11,22.0,3.0,8.0,1.0,0,7,Dahej,GE T&D India Limited,380,7.6,2888.0,282.0,2143.2,1.3,2888.0,135.0,32,8,2,-0.4999999999999997,-0.8660254037844388,0.4787234042553192,1,45.0,7.5,2.151762203259462,1080.0,1080.0,18.8
6,17.0,2.0,7.0,1.0,0,7,Mumbai,Jyoti Structure,271,9.2,2493.2,201.0,1849.1999999999998,1.3,2493.2,90.0,32,8,2,-0.4999999999999997,-0.8660254037844388,0.44776119402985076,1,33.0,5.5,2.322387720290225,720.0,720.0,22.333333333333332
9,20.0,3.0,5.0,1.0,0,3,Navi Mumbai,KEC International,386,9.3,3589.8,259.8,2416.1400000000003,1.3,3589.8,135.0,30,6,1,1.0,6.123233995736766e-17,0.5196304849884527,1,38.0,6.333333333333333,2.33214389523559,810.0,810.0,19.984615384615385
9,18.0,2.0,3.0,1.0,0,12,Hyderabad,Guj Ind Power,289,8.4,2427.6,199.8,1678.3200000000002,1.3,2427.6,90.0,20,0,0,-2.4492935982947064e-16,1.0,0.4504504504504504,1,33.0,5.5,2.2407096892759584,0.0,0.0,16.650000000000002
9,17.0,2.0,4.0,1.0,0,2,Navi Mumbai,Jyoti Structure,196,9.3,1822.8,198.3,1844.1900000000003,0.9884014120020169,1822.8,90.0,20,0,0,0.8660254037844386,0.5000000000000001,0.45385779122541603,1,33.0,5.5,2.33214389523559,0.0,0.0,16.525000000000002
10,23.0,3.0,19.0,1.0,0,2,Nagpur,JSW Energy Ltd.,414,8.9,3684.6,317.4,2824.86,1.3,3684.6,135.0,20,0,0,0.8660254037844386,0.5000000000000001,0.42533081285444235,1,56.0,9.333333333333334,2.2925347571405443,0.0,0.0,22.67142857142857
8,22.0,3.0,12.0,1.0,0,1,Chennai,NHPC,383,8.8,3370.4,287.7,2531.76,1.3,3370.4,135.0,20,0,0,0.49999999999999994,0.8660254037844387,0.46923879040667366,1,46.0,7.666666666666667,2.2823823856765264,0.0,0.0,23.974999999999998
11,22.0,3.0,12.0,1.0,0,1,Faridabad,Ratnagiri Gas and Power Pvt. Ltd. (RGPPL),420,8.1,3402.0,294.0,2381.4,1.3,3402.0,135.0,20,0,0,0.49999999999999994,0.8660254037844387,0.45918367346938777,1,49.0,8.166666666666666,2.2082744135228043,0.0,0.0,19.6
5,17.0,3.0,6.0,1.0,0,7,Vadodara,Guj Ind Power,271,7.8,2113.8,240.9,1879.02,1.1249481112494812,2113.8,135.0,32,8,2,-0.4999999999999997,-0.8660254037844388,0.5603985056039851,1,32.0,5.333333333333333,2.174751721484161,1080.0,1080.0,26.766666666666666
9,22.0,3.0,8.0,1.0,0,3,Hyderabad,Adani Power Ltd.,354,8.4,2973.6,277.8,2333.52,1.2742980561555075,2973.6,135.0,30,6,1,1.0,6.123233995736766e-17,0.48596112311015116,1,43.0,7.166666666666667,2.2407096892759584,810.0,810.0,21.36923076923077
5,17.0,3.0,11.0,1.0,0,2,Vadodara,Reliance Power,321,7.8,2503.8,255.9,1996.02,1.2543962485345839,2503.8,135.0,20,0,0,0.8660254037844386,0.5000000000000001,0.5275498241500586,1,37.0,6.166666666666667,2.174751721484161,0.0,0.0,28.433333333333334
15,22.0,3.0,7.0,1.0,0,5,Mumbai,Ratnagiri Gas and Power Pvt. Ltd. (RGPPL),401,9.2,3689.2,287.4,2644.0799999999995,1.3,3689.2,135.0,38,14,1,0.49999999999999994,-0.8660254037844387,0.4697286012526096,1,48.0,8.0,2.322387720290225,1890.0,1890.0,15.126315789473683
18,22.0,2.0,10.0,1.0,0,11,Nagpur,Ratnagiri Gas and Power Pvt. Ltd. (RGPPL),378,8.9,3364.2000000000003,257.7,2293.53,1.3,3364.2000000000003,90.0,28,4,3,-0.5000000000000004,0.8660254037844384,0.3492433061699651,0,53.0,8.833333333333334,2.2925347571405443,360.0,360.0,12.27142857142857
9,22.0,3.0,7.0,1.0,0,7,Pune,Bonfiglioli Transmission Pvt. Ltd.,358,9.1,3257.8,274.8,2500.68,1.3,3257.8,135.0,32,8,2,-0.4999999999999997,-0.8660254037844388,0.4912663755458515,1,42.0,7.0,2.312535423847214,1080.0,1080.0,21.138461538461538
6,17.0,3.0,8.0,1.0,0,12,New Delhi,Kalpataru Power,340,8.5,2890.0,249.0,2116.5,1.3,2890.0,135.0,20,0,0,-2.4492935982947064e-16,1.0,0.5421686746987951,1,35.0,5.833333333333333,2.2512917986064953,0.0,0.0,24.9
6,20.0,2.0,10.0,1.0,0,2,Gurgaon,TransRail Lighting,285,8.3,2365.5,223.5,1855.0500000000002,1.2751677852348993,2365.5,90.0,20,0,0,0.8660254037844386,0.5000000000000001,0.40268456375838924,1,39.0,6.5,2.2300144001592104,0.0,0.0,24.833333333333332
5,17.0,3.0,19.0,1.0,0,6,Vadodara,Optibelt Power Transmission India Private Limited,412,7.8,3213.6,279.9,2183.22,1.3,3213.6,135.0,38,14,2,1.2246467991473532e-16,-1.0,0.482315112540193,1,45.0,7.5,2.174751721484161,1890.0,1890.0,31.099999999999998
10,20.0,2.0,5.0,1.0,0,10,Pune,Sterlite Power Transmission Ltd,307,9.1,2793.7,216.9,1973.79,1.3,2793.7,90.0,28,4,3,-0.8660254037844386,0.5000000000000001,0.41493775933609955,1,38.0,6.333333333333333,2.312535423847214,360.0,360.0,16.684615384615384
10,18.0,2.0,17.0,1.0,0,2,Vadodara,Jaiprakash Power,355,7.8,2769.0,243.9,1902.42,1.3,2769.0,90.0,20,0,0,0.8660254037844386,0.5000000000000001,0.36900369003690037,0,48.0,8.0,2.174751721484161,0.0,0.0,18.76153846153846
12,23.0,2.0,8.0,1.0,0,2,Nagpur,Reliance Power,348,8.9,3097.2000000000003,243.6,2168.04,1.3,3097.2000000000003,90.0,20,0,0,0.8660254037844386,0.5000000000000001,0.3694581280788177,0,46.0,7.666666666666667,2.2925347571405443,0.0,0.0,16.24
6,22.0,3.0,4.0,1.0,0,5,Hyderabad,SJVN Ltd.,335,8.4,2814.0,259.5,2179.8,1.2909441233140655,2814.0,135.0,38,14,1,0.49999999999999994,-0.8660254037844387,0.5202312138728323,1,36.0,6.0,2.2407096892759584,1890.0,1890.0,25.95
5,21.0,2.0,4.0,1.0,0,5,New Delhi,Orient Green,267,8.5,2269.5,207.9,1767.15,1.2842712842712842,2269.5,90.0,38,14,1,0.49999999999999994,-0.8660254037844387,0.4329004329004329,1,33.0,5.5,2.2512917986064953,1260.0,1260.0,25.9875
9,19.0,2.0,6.0,7.0,0,2,Hyderabad,SJVN Ltd.,312,8.4,2620.8,218.7,1837.08,1.3,2620.8,90.0,20,0,0,0.8660254037844386,0.5000000000000001,0.411522633744856,1,43.0,7.166666666666667,2.2407096892759584,0.0,0.0,18.224999999999998
15,22.0,3.0,4.0,1.0,0,4,New Delhi,NTPC Pvt. Ltd.,374,8.5,3179.0,278.4,2366.3999999999996,1.3,3179.0,135.0,30,6,1,0.8660254037844387,-0.4999999999999998,0.48491379310344834,1,45.0,7.5,2.2512917986064953,810.0,810.0,14.652631578947368
6,22.0,3.0,3.0,1.0,0,5,Shimla,Tata Power Company Ltd.,383,7.7,2949.1,256.5,1975.05,1.3,2949.1,135.0,38,14,1,0.49999999999999994,-0.8660254037844387,0.5263157894736842,1,35.0,5.833333333333333,2.163323025660538,1890.0,1890.0,25.65
22,22.0,2.0,10.0,1.0,0,2,Gurgaon,Toshiba Transmission & Distribution Systems (India) Pvt. Ltd.,381,8.3,3162.3,266.1,2208.6300000000006,1.3,3162.3,90.0,20,0,0,0.8660254037844386,0.5000000000000001,0.3382187147688839,0,57.0,9.5,2.2300144001592104,0.0,0.0,10.644
11,22.0,3.0,6.0,1.0,0,10,Mumbai,Power Grid Corp,365,9.2,3357.9999999999995,276.0,2539.2,1.3,3357.9999999999995,135.0,28,4,3,-0.8660254037844386,0.5000000000000001,0.4891304347826087,1,43.0,7.166666666666667,2.322387720290225,540.0,540.0,18.4
15,22.0,3.0,16.0,1.0,0,6,Dahej,Optibelt Power Transmission India Private Limited,457,7.6,3473.2,314.4,2389.4399999999996,1.3,3473.2,135.0,38,14,2,1.2246467991473532e-16,-1.0,0.42938931297709926,1,57.0,9.5,2.151762203259462,1890.0,1890.0,16.54736842105263
11,23.0,3.0,12.0,1.0,0,6,Mumbai,Neueon Towers / Sujana Towers Ltd.,427,9.2,3928.4,298.5,2746.2,1.3,3928.4,135.0,38,14,2,1.2246467991473532e-16,-1.0,0.45226130653266333,1,50.0,8.333333333333334,2.322387720290225,1890.0,1890.0,19.9
17,23.0,3.0,15.0,1.0,0,2,Ahmedabad,TransRail Lighting,437,7.9,3452.3,320.1,2528.7900000000004,1.3,3452.3,135.0,20,0,0,0.8660254037844386,0.5000000000000001,0.42174320524835984,1,59.0,9.833333333333334,2.186051276738094,0.0,0.0,15.242857142857144
12,23.0,3.0,4.0,12.0,0,2,Dahej,Indowind Energy,417,7.6,3169.2,286.5,2177.4,1.3,3169.2,135.0,20,0,0,0.8660254037844386,0.5000000000000001,0.4712041884816754,1,54.0,9.0,2.151762203259462,0.0,0.0,17.90625
5,17.0,3.0,14.0,1.0,0,4,Gurgaon,L&T Transmission & Distribution,332,8.3,2755.6000000000004,264.9,2198.67,1.2533031332578333,2755.6000000000004,135.0,30,6,1,0.8660254037844387,-0.4999999999999998,0.5096262740656852,1,40.0,6.666666666666667,2.2300144001592104,810.0,810.0,29.43333333333333
6,18.0,3.0,18.0,1.0,0,1,Ahmedabad,L&T Transmission & Distribution,378,7.9,2986.2000000000003,283.5,2239.65,1.3,2986.2000000000003,135.0,20,0,0,0.49999999999999994,0.8660254037844387,0.47619047619047616,1,46.0,7.666666666666667,2.186051276738094,0.0,0.0,28.35
5,23.0,3.0,14.0,1.0,0,6,Navi Mumbai,Sunil Hitech Eng,415,9.3,3859.500000000001,291.9,2714.67,1.3,3859.500000000001,135.0,38,14,2,1.2246467991473532e-16,-1.0,0.4624871531346352,1,46.0,7.666666666666667,2.33214389523559,1890.0,1890.0,32.43333333333333
6,17.0,2.0,11.0,1.0,0,10,Gurgaon,Sterlite Power Transmission Ltd,300,8.3,2490.0,213.0,1767.9,1.3,2490.0,90.0,28,4,3,-0.8660254037844386,0.5000000000000001,0.4225352112676056,1,37.0,6.166666666666667,2.2300144001592104,360.0,360.0,23.666666666666668
6,18.0,3.0,4.0,1.0,0,7,Dahej,NLC India,351,7.6,2667.6,241.5,1835.3999999999999,1.3,2667.6,135.0,32,8,2,-0.4999999999999997,-0.8660254037844388,0.5590062111801242,1,32.0,5.333333333333333,2.151762203259462,1080.0,1080.0,24.15
8,19.0,3.0,5.0,1.0,0,7,Navi Mumbai,Indowind Energy,288,9.3,2678.4,253.2,2354.76,1.1374407582938388,2678.4,135.0,32,8,2,-0.4999999999999997,-0.8660254037844388,0.533175355450237,1,36.0,6.0,2.33214389523559,1080.0,1080.0,21.099999999999998
23,22.0,3.0,11.0,1.0,0,2,Hyderabad,Power Grid Corp,399,8.4,3351.6000000000004,316.2,2656.08,1.2618595825426946,3351.6000000000004,135.0,20,0,0,0.8660254037844386,0.5000000000000001,0.4269449715370019,1,60.0,10.0,2.2407096892759584,0.0,0.0,11.71111111111111
6,23.0,2.0,4.0,1.0,0,6,Shimla,Sterlite Power Transmission Ltd,317,7.7,2440.9,219.0,1686.3,1.3,2440.9,90.0,38,14,2,1.2246467991473532e-16,-1.0,0.410958904109589,1,36.0,6.0,2.163323025660538,1260.0,1260.0,24.333333333333332
6,21.0,3.0,5.0,1.0,0,5,Ahmedabad,CESC,361,7.9,2851.9,258.0,2038.2,1.3,2851.9,135.0,38,14,1,0.49999999999999994,-0.8660254037844387,0.5232558139534884,1,36.0,6.0,2.186051276738094,1890.0,1890.0,25.8
6,18.0,3.0,8.0,1.0,0,2,Pune,Jaiprakash Power,328,9.1,2984.8,253.5,2306.85,1.2938856015779094,2984.8,135.0,20,0,0,0.8660254037844386,0.5000000000000001,0.5325443786982249,1,36.0,6.0,2.312535423847214,0.0,0.0,25.35
7,19.0,2.0,11.0,1.0,0,9,Dahej,TransRail Lighting,292,7.6,2219.2,224.1,1703.1599999999999,1.3,2219.2,90.0,32,8,2,-1.0,-1.8369701987210297e-16,0.40160642570281124,1,40.0,6.666666666666667,2.151762203259462,720.0,720.0,22.41
6,17.0,3.0,10.0,1.0,0,6,Mumbai,Kalpataru Power,360,9.2,3311.9999999999995,255.0,2346.0,1.3,3311.9999999999995,135.0,38,14,2,1.2246467991473532e-16,-1.0,0.5294117647058824,1,37.0,6.166666666666667,2.322387720290225,1890.0,1890.0,25.5
5,23.0,3.0,10.0,1.0,0,4,Faridabad,SJVN Ltd.,356,8.1,2883.6,279.9,2267.1899999999996,1.2718828152911756,2883.6,135.0,30,6,1,0.8660254037844387,-0.4999999999999998,0.482315112540193,1,42.0,7.0,2.2082744135228043,810.0,810.0,31.099999999999998
16,22.0,3.0,9.0,1.0,0,6,Hyderabad,Jaiprakash Power,418,8.4,3511.2000000000003,295.5,2482.2000000000003,1.3,3511.2000000000003,135.0,38,14,2,1.2246467991473532e-16,-1.0,0.45685279187817257,1,51.0,8.5,2.2407096892759584,1890.0,1890.0,14.775
5,18.0,3.0,4.0,1.0,0,10,Mumbai,SJVN Ltd.,280,9.2,2576.0,239.4,2202.48,1.1695906432748537,2576.0,135.0,28,4,3,-0.8660254037844386,0.5000000000000001,0.5639097744360902,1,31.0,5.166666666666667,2.322387720290225,540.0,540.0,26.6
7,21.0,3.0,18.0,1.0,0,2,Dahej,Toshiba Transmission & Distribution Systems (India) Pvt. Ltd.,356,7.6,2705.6,299.1,2273.16,1.190237378803076,2705.6,135.0,20,0,0,0.8660254037844386,0.5000000000000001,0.45135406218655966,1,50.0,8.333333333333334,2.151762203259462,0.0,0.0,27.19090909090909
6,17.0,3.0,18.0,1.0,0,2,Navi Mumbai,Reliance Energy,384,9.3,3571.2000000000003,279.0,2594.7000000000003,1.3,3571.2000000000003,135.0,20,0,0,0.8660254037844386,0.5000000000000001,0.4838709677419355,1,45.0,7.5,2.33214389523559,0.0,0.0,27.9
10,22.0,3.0,22.0,1.0,0,6,Ahmedabad,GE T&D India Limited,465,7.9,3673.5,321.9,2543.0099999999998,1.3,3673.5,135.0,38,14,2,1.2246467991473532e-16,-1.0,0.41938490214352286,1,58.0,9.666666666666666,2.186051276738094,1890.0,1890.0,22.99285714285714
20,23.0,2.0,13.0,1.0,0,2,Gurgaon,NLC India,391,8.3,3245.3,275.4,2285.82,1.3,3245.3,90.0,20,0,0,0.8660254037844386,0.5000000000000001,0.32679738562091504,0,59.0,9.833333333333334,2.2300144001592104,0.0,0.0,11.97391304347826
11,22.0,3.0,16.0,1.0,0,9,Gurgaon,Torrent Power Ltd.,444,8.3,3685.2,306.0,2539.8,1.3,3685.2,135.0,32,8,2,-1.0,-1.8369701987210297e-16,0.4411764705882353,1,53.0,8.833333333333334,2.2300144001592104,1080.0,1080.0,20.4
16,23.0,3.0,5.0,1.0,0,2,Pune,Jaiprakash Power,373,9.1,3394.3,288.0,2620.7999999999997,1.295138888888889,3394.3,135.0,20,0,0,0.8660254037844386,0.5000000000000001,0.46875,1,48.0,8.0,2.312535423847214,0.0,0.0,14.4
7,18.0,1.0,4.0,1.0,0,1,Faridabad,Ringfeder Power Transmission India Pvt. Ltd.,206,8.1,1668.6,153.6,1244.1599999999999,1.3,1668.6,45.0,20,0,0,0.49999999999999994,0.8660254037844387,0.29296875,0,31.0,5.166666666666667,2.2082744135228043,0.0,0.0,17.066666666666666
9,20.0,3.0,4.0,1.0,0,3,Pune,Reliance Power,299,9.1,2720.9,256.8,2336.88,1.1643302180685358,2720.9,135.0,30,6,1,1.0,6.123233995736766e-17,0.5257009345794392,1,37.0,6.166666666666667,2.312535423847214,810.0,810.0,19.753846153846155
7,23.0,2.0,4.0,1.0,0,3,Pune,Adani Power Ltd.,309,9.1,2811.9,221.1,2012.0099999999998,1.3,2811.9,90.0,30,6,1,1.0,6.123233995736766e-17,0.407055630936228,1,37.0,6.166666666666667,2.312535423847214,540.0,540.0,22.11
6,18.0,1.0,12.0,1.0,0,11,Ahmedabad,Adani Power Ltd.,240,7.9,1896.0,175.5,1386.45,1.3,1896.0,45.0,28,4,3,-0.5000000000000004,0.8660254037844384,0.2564102564102564,0,38.0,6.333333333333333,2.186051276738094,180.0,180.0,21.9375
17,23.0,3.0,9.0,1.0,0,9,Mumbai,NHPC,433,9.2,3983.6,302.1,2779.32,1.3,3983.6,135.0,32,8,2,-1.0,-1.8369701987210297e-16,0.44687189672293937,1,53.0,8.833333333333334,2.322387720290225,1080.0,1080.0,14.385714285714286
6,20.0,3.0,10.0,1.0,0,9,Hyderabad,Orient Green,382,8.4,3208.8,268.5,2255.4,1.3,3208.8,135.0,32,8,2,-1.0,-1.8369701987210297e-16,0.5027932960893855,1,40.0,6.666666666666667,2.2407096892759584,1080.0,1080.0,26.85
9,22.0,2.0,14.0,1.0,0,5,Navi Mumbai,Ratnagiri Gas and Power Pvt. Ltd. (RGPPL),375,9.3,3487.5000000000005,250.8,2332.4400000000005,1.3,3487.5000000000005,90.0,38,14,1,0.49999999999999994,-0.8660254037844387,0.3588516746411483,0,48.0,8.0,2.33214389523559,1260.0,1260.0,20.900000000000002
9,20.0,2.0,3.0,1.0,0,6,Navi Mumbai,KEC International,261,9.3,2427.3,208.8,1941.8400000000001,1.25,2427.3,90.0,38,14,2,1.2246467991473532e-16,-1.0,0.43103448275862066,1,35.0,5.833333333333333,2.33214389523559,1260.0,1260.0,17.400000000000002
7,20.0,3.0,14.0,1.0,0,11,Faridabad,Jyoti Structure,413,8.1,3345.3,282.6,2289.06,1.3,3345.3,135.0,28,4,3,-0.5000000000000004,0.8660254037844384,0.4777070063694267,1,45.0,7.5,2.2082744135228043,540.0,540.0,25.69090909090909
16,23.0,3.0,3.0,1.0,0,2,Noida,NLC India,411,8.2,3370.2,282.0,2312.3999999999996,1.3,3370.2,135.0,20,0,0,0.8660254037844386,0.5000000000000001,0.4787234042553192,1,46.0,7.666666666666667,2.2192034840549946,0.0,0.0,14.1
7,18.0,3.0,7.0,1.0,0,12,Ratnagiri,CESC,335,7.4,2479.0,252.6,1869.24,1.3,2479.0,135.0,20,0,0,-2.4492935982947064e-16,1.0,0.5344418052256532,1,36.0,6.0,2.128231705849268,0.0,0.0,22.963636363636365
10,23.0,3.0,6.0,1.0,0,3,Vadodara,TransRail Lighting,383,7.8,2987.4,278.4,2171.52,1.3,2987.4,135.0,30,6,1,1.0,6.123233995736766e-17,0.48491379310344834,1,43.0,7.166666666666667,2.174751721484161,810.0,810.0,19.885714285714283
14,22.0,3.0,9.0,1.0,0,1,Gurgaon,Jaiprakash Power,418,8.3,3469.4,291.3,2417.7900000000004,1.3,3469.4,135.0,20,0,0,0.49999999999999994,0.8660254037844387,0.4634397528321318,1,49.0,8.166666666666666,2.2300144001592104,0.0,0.0,16.183333333333334
8,17.0,2.0,12.0,1.0,0,9,Pune,Power Grid Corp,312,9.1,2839.2,220.2,2003.8199999999997,1.3,2839.2,90.0,32,8,2,-1.0,-1.8369701987210297e-16,0.40871934604904636,1,40.0,6.666666666666667,2.312535423847214,720.0,720.0,20.018181818181816
14,22.0,2.0,5.0,1.0,0,6,Shimla,KEC International,336,7.7,2587.2000000000003,234.3,1804.1100000000001,1.3,2587.2000000000003,90.0,38,14,2,1.2246467991473532e-16,-1.0,0.3841229193341869,0,44.0,7.333333333333333,2.163323025660538,1260.0,1260.0,13.782352941176471
9,21.0,2.0,5.0,1.0,0,3,Hyderabad,Orient Green,312,8.4,2620.8,219.3,1842.1200000000001,1.3,2620.8,90.0,30,6,1,1.0,6.123233995736766e-17,0.4103967168262654,1,38.0,6.333333333333333,2.2407096892759584,540.0,540.0,18.275000000000002
8,20.0,2.0,9.0,1.0,0,2,Nagpur,Ratnagiri Gas and Power Pvt. Ltd. (RGPPL),315,8.9,2803.5,224.7,1999.83,1.3,2803.5,90.0,20,0,0,0.8660254037844386,0.5000000000000001,0.4005340453938585,1,40.0,6.666666666666667,2.2925347571405443,0.0,0.0,20.427272727272726
5,21.0,3.0,8.0,1.0,0,6,Chennai,Ratnagiri Gas and Power Pvt. Ltd. (RGPPL),361,8.8,3176.8,264.9,2331.12,1.3,3176.8,135.0,38,14,2,1.2246467991473532e-16,-1.0,0.5096262740656852,1,38.0,6.333333333333333,2.2823823856765264,1890.0,1890.0,29.43333333333333
12,22.0,2.0,4.0,1.0,0,2,Chennai,Guj Ind Power,303,8.8,2666.4,227.1,1998.48,1.3,2666.4,90.0,20,0,0,0.8660254037844386,0.5000000000000001,0.39630118890356675,0,41.0,6.833333333333333,2.2823823856765264,0.0,0.0,15.139999999999999
20,22.0,3.0,7.0,1.0,0,6,Navi Mumbai,Ringfeder Power Transmission India Pvt. Ltd.,426,9.3,3961.8,297.9,2770.47,1.3,3961.8,135.0,38,14,2,1.2246467991473532e-16,-1.0,0.4531722054380665,1,53.0,8.833333333333334,2.33214389523559,1890.0,1890.0,12.4125
9,22.0,3.0,15.0,1.0,0,7,Gurgaon,Guj Ind Power,441,8.3,3660.3,298.8,2480.0400000000004,1.3,3660.3,135.0,32,8,2,-0.4999999999999997,-0.8660254037844388,0.4518072289156626,1,50.0,8.333333333333334,2.2300144001592104,1080.0,1080.0,22.984615384615385
16,23.0,3.0,3.0,1.0,0,12,Pune,Torrent Power Ltd.,401,9.1,3649.1,282.0,2566.2,1.3,3649.1,135.0,20,0,0,-2.4492935982947064e-16,1.0,0.4787234042553192,1,46.0,7.666666666666667,2.312535423847214,0.0,0.0,14.1
7,20.0,3.0,9.0,7.0,0,3,Pune,Tata Power Company Ltd.,396,9.1,3603.6,273.0,2484.2999999999997,1.3,3603.6,135.0,30,6,1,1.0,6.123233995736766e-17,0.4945054945054945,1,46.0,7.666666666666667,2.312535423847214,810.0,810.0,24.818181818181817
18,22.0,1.0,4.0,1.0,0,2,Mumbai,Unitech Power Transmission Ltd.,265,9.2,2438.0,194.7,1791.2399999999998,1.3,2438.0,45.0,20,0,0,0.8660254037844386,0.5000000000000001,0.23112480739599384,0,46.0,7.666666666666667,2.322387720290225,0.0,0.0,9.735
5,20.0,3.0,13.0,1.0,0,2,Gurgaon,SJVN Ltd.,305,8.3,2531.5,275.4,2285.82,1.1074800290486564,2531.5,135.0,20,0,0,0.8660254037844386,0.5000000000000001,0.4901960784313726,1,42.0,7.0,2.2300144001592104,0.0,0.0,30.599999999999998
7,22.0,3.0,11.0,7.0,0,2,Faridabad,Kalpataru Power,390,8.1,3159.0,288.0,2332.7999999999997,1.3,3159.0,135.0,20,0,0,0.8660254037844386,0.5000000000000001,0.46875,1,50.0,8.333333333333334,2.2082744135228043,0.0,0.0,26.181818181818183
20,22.0,2.0,3.0,1.0,0,5,Hyderabad,Adani Power Ltd.,350,8.4,2940.0,240.9,2023.5600000000002,1.3,2940.0,90.0,38,14,1,0.49999999999999994,-0.8660254037844387,0.37359900373599003,0,48.0,8.0,2.2407096892759584,1260.0,1260.0,10.47391304347826
5,20.0,2.0,8.0,1.0,0,11,Mumbai,NHPC,259,9.2,2382.8,215.4,1981.6799999999998,1.2024141132776232,2382.8,90.0,28,4,3,-0.5000000000000004,0.8660254037844384,0.41782729805013924,1,36.0,6.0,2.322387720290225,360.0,360.0,26.925
19,22.0,3.0,8.0,1.0,0,4,Ratnagiri,"Maha Transco – Maharashtra State Electricity Transmission Co, Ltd.",430,7.4,3182.0,298.8,2211.1200000000003,1.3,3182.0,135.0,30,6,1,0.8660254037844387,-0.4999999999999998,0.4518072289156626,1,53.0,8.833333333333334,2.128231705849268,810.0,810.0,12.991304347826087
14,23.0,3.0,11.0,1.0,0,2,Pune,SJVN Ltd.,409,9.1,3721.9,301.8,2746.38,1.3,3721.9,135.0,20,0,0,0.8660254037844386,0.5000000000000001,0.44731610337972166,1,52.0,8.666666666666666,2.312535423847214,0.0,0.0,16.766666666666666
7,19.0,2.0,5.0,7.0,0,8,Shimla,Ringfeder Power Transmission India Pvt. Ltd.,309,7.7,2379.3,211.5,1628.55,1.3,2379.3,90.0,32,8,2,-0.8660254037844385,-0.5000000000000004,0.425531914893617,1,40.0,6.666666666666667,2.163323025660538,720.0,720.0,21.15
11,22.0,1.0,3.0,1.0,0,10,New Delhi,Optibelt Power Transmission India Private Limited,263,8.5,2235.5,177.0,1504.5,1.3,2235.5,45.0,28,4,3,-0.8660254037844386,0.5000000000000001,0.2542372881355932,0,38.0,6.333333333333333,2.2512917986064953,180.0,180.0,13.615384615384615
6,20.0,3.0,9.0,7.0,0,9,Gurgaon,Optibelt Power Transmission India Private Limited,398,8.3,3303.4,270.9,2248.47,1.3,3303.4,135.0,32,8,2,-1.0,-1.8369701987210297e-16,0.49833887043189373,1,45.0,7.5,2.2300144001592104,1080.0,1080.0,27.089999999999996
6,18.0,3.0,6.0,1.0,0,1,Shimla,TransRail Lighting,270,7.7,2079.0,247.5,1905.75,1.0909090909090908,2079.0,135.0,20,0,0,0.49999999999999994,0.8660254037844387,0.5454545454545454,1,34.0,5.666666666666667,2.163323025660538,0.0,0.0,24.75
6,18.0,2.0,20.0,1.0,0,4,Ahmedabad,Unitech Power Transmission Ltd.,343,7.9,2709.7000000000003,244.5,1931.5500000000002,1.3,2709.7000000000003,90.0,30,6,1,0.8660254037844387,-0.4999999999999998,0.36809815950920244,0,47.0,7.833333333333333,2.186051276738094,540.0,540.0,27.166666666666668
6,19.0,2.0,8.0,1.0,0,1,Ahmedabad,L&T Transmission & Distribution,282,7.9,2227.8,213.0,1682.7,1.3,2227.8,90.0,20,0,0,0.49999999999999994,0.8660254037844387,0.4225352112676056,1,36.0,6.0,2.186051276738094,0.0,0.0,23.666666666666668
11,22.0,3.0,14.0,1.0,0,4,Chennai,Power Grid Corp,416,8.8,3660.8,300.0,2640.0,1.3,3660.8,135.0,30,6,1,0.8660254037844387,-0.4999999999999998,0.45,1,51.0,8.5,2.2823823856765264,810.0,810.0,20.0
9,17.0,3.0,6.0,1.0,0,1,Shimla,Reliance Power,373,7.7,2872.1,249.3,1919.6100000000001,1.3,2872.1,135.0,20,0,0,0.49999999999999994,0.8660254037844387,0.5415162454873645,1,36.0,6.0,2.163323025660538,0.0,0.0,19.176923076923078
7,21.0,2.0,17.0,1.0,0,9,Nagpur,GE T&D India Limited,364,8.9,3239.6,251.1,2234.79,1.3,3239.6,90.0,32,8,2,-1.0,-1.8369701987210297e-16,0.35842293906810035,0,48.0,8.0,2.2925347571405443,720.0,720.0,25.11
19,23.0,3.0,3.0,1.0,0,2,Noida,NTPC Pvt. Ltd.,374,8.2,3066.8,288.3,2364.06,1.297259798820673,3066.8,135.0,20,0,0,0.8660254037844386,0.5000000000000001,0.46826222684703434,1,49.0,8.166666666666666,2.2192034840549946,0.0,0.0,12.534782608695652
14,23.0,3.0,21.0,1.0,0,2,Nagpur,GE T&D India Limited,473,8.9,4209.7,331.8,2953.0200000000004,1.3,4209.7,135.0,20,0,0,0.8660254037844386,0.5000000000000001,0.40687160940325495,1,62.0,10.333333333333334,2.2925347571405443,0.0,0.0,18.433333333333334
15,23.0,3.0,20.0,1.0,0,2,Vadodara,Sunil Hitech Eng,465,7.8,3627.0,330.9,2581.02,1.3,3627.0,135.0,20,0,0,0.8660254037844386,0.5000000000000001,0.4079782411604715,1,62.0,10.333333333333334,2.174751721484161,0.0,0.0,17.41578947368421
10,17.0,2.0,7.0,1.0,0,7,Noida,NTPC Pvt. Ltd.,301,8.2,2468.2,209.4,1717.08,1.3,2468.2,90.0,32,8,2,-0.4999999999999997,-0.8660254037844388,0.4297994269340974,1,37.0,6.166666666666667,2.2192034840549946,720.0,720.0,16.107692307692307
5,17.0,2.0,9.0,1.0,0,3,New Delhi,NLC India,284,8.5,2414.0,204.9,1741.65,1.3,2414.0,90.0,30,6,1,1.0,6.123233995736766e-17,0.43923865300146414,1,34.0,5.666666666666667,2.2512917986064953,540.0,540.0,25.6125
7,18.0,2.0,12.0,1.0,0,4,Nagpur,Torrent Power Ltd.,278,8.9,2474.2000000000003,222.6,1981.14,1.2488769092542678,2474.2000000000003,90.0,30,6,1,0.8660254037844387,-0.4999999999999998,0.40431266846361186,1,40.0,6.666666666666667,2.2925347571405443,540.0,540.0,22.259999999999998
9,21.0,3.0,3.0,1.0,0,8,Noida,SJVN Ltd.,288,8.2,2361.6,258.3,2118.06,1.1149825783972125,2361.6,135.0,32,8,2,-0.8660254037844385,-0.5000000000000004,0.5226480836236933,1,37.0,6.166666666666667,2.2192034840549946,1080.0,1080.0,19.86923076923077
16,23.0,2.0,7.0,1.0,0,7,Dahej,KEC International,369,7.6,2804.4,249.0,1892.3999999999999,1.3,2804.4,90.0,32,8,2,-0.4999999999999997,-0.8660254037844388,0.3614457831325301,0,49.0,8.166666666666666,2.151762203259462,720.0,720.0,13.105263157894736
7,18.0,2.0,19.0,1.0,0,2,New Delhi,Adani Power Ltd.,355,8.5,3017.5,243.6,2070.6,1.3,3017.5,90.0,20,0,0,0.8660254037844386,0.5000000000000001,0.3694581280788177,0,47.0,7.833333333333333,2.2512917986064953,0.0,0.0,24.36
13,23.0,3.0,9.0,1.0,0,3,Pune,SJVN Ltd.,434,9.1,3949.4,293.7,2672.6699999999996,1.3,3949.4,135.0,30,6,1,1.0,6.123233995736766e-17,0.4596527068437181,1,49.0,8.166666666666666,2.312535423847214,810.0,810.0,17.276470588235295
8,19.0,3.0,15.0,1.0,0,8,Noida,Adani Power Ltd.,419,8.2,3435.8,283.2,2322.24,1.3,3435.8,135.0,32,8,2,-0.8660254037844385,-0.5000000000000004,0.4766949152542373,1,46.0,7.666666666666667,2.2192034840549946,1080.0,1080.0,23.599999999999998
14,23.0,3.0,15.0,1.0,0,2,New Delhi,"Maha Transco – Maharashtra State Electricity Transmission Co, Ltd.",396,8.5,3366.0,313.8,2667.3,1.2619502868068833,3366.0,135.0,20,0,0,0.8660254037844386,0.5000000000000001,0.43021032504780116,1,56.0,9.333333333333334,2.2512917986064953,0.0,0.0,17.433333333333334
16,22.0,2.0,4.0,1.0,0,3,Hyderabad,Neueon Towers / Sujana Towers Ltd.,335,8.4,2814.0,235.5,1978.2,1.3,2814.0,90.0,30,6,1,1.0,6.123233995736766e-17,0.3821656050955414,0,45.0,7.5,2.2407096892759584,540.0,540.0,12.394736842105264
16,22.0,3.0,9.0,1.0,0,10,Chennai,"Maha Transco – Maharashtra State Electricity Transmission Co, Ltd.",438,8.8,3854.4,295.5,2600.4,1.3,3854.4,135.0,28,4,3,-0.8660254037844386,0.5000000000000001,0.45685279187817257,1,51.0,8.5,2.2823823856765264,540.0,540.0,14.775
17,22.0,3.0,8.0,1.0,0,12,Gurgaon,Optibelt Power Transmission India Private Limited,422,8.3,3502.6000000000004,294.6,2445.1800000000003,1.3,3502.6000000000004,135.0,20,0,0,-2.4492935982947064e-16,1.0,0.4582484725050916,1,51.0,8.5,2.2300144001592104,0.0,0.0,14.02857142857143
13,22.0,3.0,3.0,1.0,0,7,Ratnagiri,Bonfiglioli Transmission Pvt. Ltd.,363,7.4,2686.2000000000003,271.2,2006.88,1.3,2686.2000000000003,135.0,32,8,2,-0.4999999999999997,-0.8660254037844388,0.497787610619469,1,42.0,7.0,2.128231705849268,1080.0,1080.0,15.952941176470588
12,23.0,3.0,3.0,1.0,0,4,Chennai,Guj Ind Power,374,8.8,3291.2000000000003,273.6,2407.6800000000003,1.3,3291.2000000000003,135.0,30,6,1,0.8660254037844387,-0.4999999999999998,0.4934210526315789,1,42.0,7.0,2.2823823856765264,810.0,810.0,17.1
8,18.0,2.0,10.0,1.0,0,11,Gurgaon,NHPC,253,8.3,2099.9,218.7,1815.21,1.156835848193873,2099.9,90.0,28,4,3,-0.5000000000000004,0.8660254037844384,0.411522633744856,1,39.0,6.5,2.2300144001592104,360.0,360.0,19.88181818181818
5,19.0,2.0,18.0,1.0,0,5,Vadodara,Toshiba Transmission & Distribution Systems (India) Pvt. Ltd.,352,7.8,2745.6,240.9,1879.02,1.3,2745.6,90.0,38,14,1,0.49999999999999994,-0.8660254037844387,0.37359900373599003,0,45.0,7.5,2.174751721484161,1260.0,1260.0,30.1125
14,23.0,2.0,7.0,1.0,0,5,Chennai,Bonfiglioli Transmission Pvt. Ltd.,358,8.8,3150.4,244.8,2154.2400000000002,1.3,3150.4,90.0,38,14,1,0.49999999999999994,-0.8660254037844387,0.3676470588235294,0,47.0,7.833333333333333,2.2823823856765264,1260.0,1260.0,14.4
5,23.0,3.0,20.0,1.0,0,6,Gurgaon,Optibelt Power Transmission India Private Limited,437,8.3,3627.1,309.9,2572.17,1.3,3627.1,135.0,38,14,2,1.2246467991473532e-16,-1.0,0.43562439496611816,1,52.0,8.666666666666666,2.2300144001592104,1890.0,1890.0,34.43333333333333
6,18.0,2.0,11.0,1.0,0,2,Faridabad,Ratnagiri Gas and Power Pvt. Ltd. (RGPPL),234,8.1,1895.4,217.5,1761.75,1.0758620689655174,1895.4,90.0,20,0,0,0.8660254037844386,0.5000000000000001,0.41379310344827586,1,38.0,6.333333333333333,2.2082744135228043,0.0,0.0,24.166666666666668
12,23.0,1.0,5.0,1.0,0,6,Gurgaon,Jyoti Structure,280,8.3,2324.0,189.6,1573.68,1.3,2324.0,45.0,38,14,2,1.2246467991473532e-16,-1.0,0.23734177215189875,0,42.0,7.0,2.2300144001592104,630.0,630.0,13.542857142857143
9,17.0,3.0,9.0,7.0,0,8,Hyderabad,TransRail Lighting,370,8.4,3108.0,263.7,2215.08,1.3,3108.0,135.0,32,8,2,-0.8660254037844385,-0.5000000000000004,0.5119453924914676,1,45.0,7.5,2.2407096892759584,1080.0,1080.0,20.284615384615385
11,23.0,3.0,8.0,1.0,0,5,Faridabad,NHPC,392,8.1,3175.2,286.5,2320.65,1.3,3175.2,135.0,38,14,1,0.49999999999999994,-0.8660254037844387,0.4712041884816754,1,46.0,7.666666666666667,2.2082744135228043,1890.0,1890.0,19.1
17,23.0,2.0,16.0,1.0,0,2,Hyderabad,Sterlite Power Transmission Ltd,398,8.4,3343.2000000000003,278.1,2336.0400000000004,1.3,3343.2000000000003,90.0,20,0,0,0.8660254037844386,0.5000000000000001,0.32362459546925565,0,59.0,9.833333333333334,2.2407096892759584,0.0,0.0,13.905000000000001
5,17.0,3.0,3.0,1.0,0,10,Kolkata,Kalpataru Power,347,8.7,3018.9,231.9,2017.53,1.3,3018.9,135.0,28,4,3,-0.8660254037844386,0.5000000000000001,0.5821474773609314,1,29.0,4.833333333333333,2.272125885509337,540.0,540.0,25.766666666666666
18,22.0,3.0,7.0,1.0,0,7,Hyderabad,JSW Energy Ltd.,420,8.4,3528.0,293.7,2467.08,1.3,3528.0,135.0,32,8,2,-0.4999999999999997,-0.8660254037844388,0.4596527068437181,1,51.0,8.5,2.2407096892759584,1080.0,1080.0,13.35
13,22.0,3.0,11.0,1.0,0,4,Dahej,Unitech Power Transmission Ltd.,410,7.6,3116.0,295.2,2243.52,1.3,3116.0,135.0,30,6,1,0.8660254037844387,-0.4999999999999998,0.4573170731707317,1,50.0,8.333333333333334,2.151762203259462,810.0,810.0,17.36470588235294
11,23.0,3.0,3.0,1.0,0,1,Faridabad,Bonfiglioli Transmission Pvt. Ltd.,399,8.1,3231.9,271.5,2199.15,1.3,3231.9,135.0,20,0,0,0.49999999999999994,0.8660254037844387,0.4972375690607735,1,41.0,6.833333333333333,2.2082744135228043,0.0,0.0,18.1
9,18.0,3.0,17.0,1.0,0,12,New Delhi,Ringfeder Power Transmission India Pvt. Ltd.,416,8.5,3536.0,286.8,2437.8,1.3,3536.0,135.0,20,0,0,-2.4492935982947064e-16,1.0,0.4707112970711297,1,48.0,8.0,2.2512917986064953,0.0,0.0,22.06153846153846
9,21.0,3.0,12.0,1.0,0,12,New Delhi,Kalpataru Power,392,8.5,3332.0,285.3,2425.05,1.3,3332.0,135.0,20,0,0,-2.4492935982947064e-16,1.0,0.47318611987381703,1,46.0,7.666666666666667,2.2512917986064953,0.0,0.0,21.946153846153848
7,17.0,2.0,6.0,1.0,0,11,Navi Mumbai,Torrent Power Ltd.,261,9.3,2427.3,200.1,1860.93,1.3,2427.3,90.0,28,4,3,-0.5000000000000004,0.8660254037844384,0.4497751124437781,1,33.0,5.5,2.33214389523559,360.0,360.0,20.009999999999998
5,18.0,2.0,19.0,1.0,0,2,Ratnagiri,JSW Energy Ltd.,352,7.4,2604.8,239.4,1771.5600000000002,1.3,2604.8,90.0,20,0,0,0.8660254037844386,0.5000000000000001,0.37593984962406013,0,45.0,7.5,2.128231705849268,0.0,0.0,29.925
9,20.0,2.0,10.0,1.0,0,2,Navi Mumbai,Indowind Energy,274,9.3,2548.2000000000003,229.8,2137.1400000000003,1.1923411662315055,2548.2000000000003,90.0,20,0,0,0.8660254037844386,0.5000000000000001,0.39164490861618795,0,42.0,7.0,2.33214389523559,0.0,0.0,19.150000000000002
9,21.0,3.0,10.0,1.0,0,3,Faridabad,L&T Transmission & Distribution,356,8.1,2883.6,279.3,2262.33,1.2746151092015754,2883.6,135.0,30,6,1,1.0,6.123233995736766e-17,0.4833512352309345,1,44.0,7.333333333333333,2.2082744135228043,810.0,810.0,21.484615384615385
11,22.0,1.0,6.0,1.0,0,4,Ratnagiri,"Maha Transco – Maharashtra State Electricity Transmission Co, Ltd.",271,7.4,2005.4,186.0,1376.4,1.3,2005.4,45.0,30,6,1,0.8660254037844387,-0.4999999999999998,0.24193548387096775,0,41.0,6.833333333333333,2.128231705849268,270.0,270.0,14.307692307692308
6,23.0,3.0,19.0,1.0,0,11,Chennai,NHPC,439,8.8,3863.2,309.0,2719.2000000000003,1.3,3863.2,135.0,28,4,3,-0.5000000000000004,0.8660254037844384,0.4368932038834951,1,52.0,8.666666666666666,2.2823823856765264,540.0,540.0,30.9
6,18.0,3.0,19.0,1.0,0,6,Noida,Orient Green,352,8.2,2886.4,286.5,2349.2999999999997,1.2286212914485168,2886.4,135.0,38,14,2,1.2246467991473532e-16,-1.0,0.4712041884816754,1,47.0,7.833333333333333,2.2192034840549946,1890.0,1890.0,28.65
5,20.0,3.0,6.0,1.0,0,10,Ahmedabad,Toshiba Transmission & Distribution Systems (India) Pvt. Ltd.,323,7.9,2551.7000000000003,254.4,2009.7600000000002,1.2696540880503144,2551.7000000000003,135.0,28,4,3,-0.8660254037844386,0.5000000000000001,0.5306603773584906,1,35.0,5.833333333333333,2.186051276738094,540.0,540.0,28.266666666666666
8,23.0,3.0,8.0,1.0,0,5,Dahej,Guj Ind Power,394,7.6,2994.4,280.2,2129.52,1.3,2994.4,135.0,38,14,1,0.49999999999999994,-0.8660254037844387,0.48179871520342615,1,43.0,7.166666666666667,2.151762203259462,1890.0,1890.0,23.349999999999998
5,18.0,3.0,3.0,1.0,0,8,Navi Mumbai,Adani Power Ltd.,282,9.3,2622.6000000000004,236.4,2198.5200000000004,1.1928934010152283,2622.6000000000004,135.0,32,8,2,-0.8660254037844385,-0.5000000000000004,0.5710659898477157,1,30.0,5.0,2.33214389523559,1080.0,1080.0,26.266666666666666
10,20.0,2.0,3.0,1.0,0,11,Chennai,SJVN Ltd.,260,8.8,2288.0,210.9,1855.9200000000003,1.2328117591275485,2288.0,90.0,28,4,3,-0.5000000000000004,0.8660254037844384,0.4267425320056899,1,36.0,6.0,2.2823823856765264,360.0,360.0,16.223076923076924
23,22.0,2.0,6.0,1.0,0,6,Noida,SJVN Ltd.,371,8.2,3042.2,256.2,2100.8399999999997,1.3,3042.2,90.0,38,14,2,1.2246467991473532e-16,-1.0,0.351288056206089,0,54.0,9.0,2.2192034840549946,1260.0,1260.0,9.853846153846153
5,20.0,3.0,13.0,1.0,0,7,Pune,NHPC,346,9.1,3148.6,275.4,2506.14,1.2563543936092956,3148.6,135.0,32,8,2,-0.4999999999999997,-0.8660254037844388,0.4901960784313726,1,42.0,7.0,2.312535423847214,1080.0,1080.0,30.599999999999998
12,22.0,3.0,4.0,1.0,0,3,Navi Mumbai,Torrent Power Ltd.,366,9.3,3403.8,272.1,2530.53,1.3,3403.8,135.0,30,6,1,1.0,6.123233995736766e-17,0.496141124586549,1,42.0,7.0,2.33214389523559,810.0,810.0,17.00625
12,23.0,3.0,12.0,1.0,0,7,Nagpur,TransRail Lighting,438,8.9,3898.2,300.6,2675.34,1.3,3898.2,135.0,32,8,2,-0.4999999999999997,-0.8660254037844388,0.4491017964071856,1,51.0,8.5,2.2925347571405443,1080.0,1080.0,18.7875
7,20.0,3.0,5.0,7.0,0,3,Pune,Guj Ind Power,388,9.1,3530.8,261.0,2375.1,1.3,3530.8,135.0,30,6,1,1.0,6.123233995736766e-17,0.5172413793103449,1,42.0,7.0,2.312535423847214,810.0,810.0,23.727272727272727
7,20.0,3.0,21.0,1.0,0,9,Nagpur,Kalpataru Power,438,8.9,3898.2,303.6,2702.0400000000004,1.3,3898.2,135.0,32,8,2,-1.0,-1.8369701987210297e-16,0.44466403162055335,1,52.0,8.666666666666666,2.2925347571405443,1080.0,1080.0,27.6
6,19.0,3.0,19.0,1.0,0,6,Dahej,Reliance Energy,409,7.6,3108.4,291.0,2211.6,1.3,3108.4,135.0,38,14,2,1.2246467991473532e-16,-1.0,0.4639175257731959,1,48.0,8.0,2.151762203259462,1890.0,1890.0,29.1
21,23.0,3.0,19.0,1.0,0,2,Faridabad,Kalpataru Power,486,8.1,3936.6,340.5,2758.0499999999997,1.3,3936.6,135.0,20,0,0,0.8660254037844386,0.5000000000000001,0.3964757709251101,0,67.0,11.166666666666666,2.2082744135228043,0.0,0.0,13.62
7,17.0,2.0,14.0,1.0,0,5,Hyderabad,Bonfiglioli Transmission Pvt. Ltd.,315,8.4,2646.0,224.1,1882.44,1.3,2646.0,90.0,38,14,1,0.49999999999999994,-0.8660254037844387,0.40160642570281124,1,41.0,6.833333333333333,2.2407096892759584,1260.0,1260.0,22.41
11,22.0,3.0,18.0,1.0,0,9,Vadodara,Optibelt Power Transmission India Private Limited,456,7.8,3556.8,312.0,2433.6,1.3,3556.8,135.0,32,8,2,-1.0,-1.8369701987210297e-16,0.4326923076923077,1,55.0,9.166666666666666,2.174751721484161,1080.0,1080.0,20.8
8,18.0,2.0,3.0,1.0,0,5,Mumbai,Orient Green,277,9.2,2548.4,197.7,1818.8399999999997,1.3,2548.4,90.0,38,14,1,0.49999999999999994,-0.8660254037844387,0.45523520485584223,1,32.0,5.333333333333333,2.322387720290225,1260.0,1260.0,17.972727272727273
17,22.0,3.0,4.0,1.0,0,12,Noida,Ratnagiri Gas and Power Pvt. Ltd. (RGPPL),388,8.2,3181.6,282.6,2317.32,1.3,3181.6,135.0,20,0,0,-2.4492935982947064e-16,1.0,0.4777070063694267,1,47.0,7.833333333333333,2.2192034840549946,0.0,0.0,13.457142857142859
5,20.0,3.0,4.0,1.0,0,8,New Delhi,Optibelt Power Transmission India Private Limited,270,8.5,2295.0,248.4,2111.4,1.0869565217391304,2295.0,135.0,32,8,2,-0.8660254037844385,-0.5000000000000004,0.5434782608695652,1,33.0,5.5,2.2512917986064953,1080.0,1080.0,27.6
15,22.0,3.0,9.0,1.0,0,11,Mumbai,TransRail Lighting,376,9.2,3459.2,293.4,2699.2799999999997,1.281526925698705,3459.2,135.0,28,4,3,-0.5000000000000004,0.8660254037844384,0.4601226993865031,1,50.0,8.333333333333334,2.322387720290225,540.0,540.0,15.442105263157893
9,19.0,1.0,7.0,1.0,0,10,Mumbai,JSW Energy Ltd.,234,9.2,2152.8,171.3,1575.96,1.3,2152.8,45.0,28,4,3,-0.8660254037844386,0.5000000000000001,0.2626970227670753,0,37.0,6.166666666666667,2.322387720290225,180.0,180.0,15.572727272727274
16,23.0,3.0,10.0,1.0,0,8,New Delhi,Toshiba Transmission & Distribution Systems (India) Pvt. Ltd.,428,8.5,3638.0,303.0,2575.5,1.3,3638.0,135.0,32,8,2,-0.8660254037844385,-0.5000000000000004,0.44554455445544555,1,53.0,8.833333333333334,2.2512917986064953,1080.0,1080.0,15.15
9,21.0,2.0,7.0,1.0,0,10,Hyderabad,Jyoti Structure,334,8.4,2805.6,225.3,1892.5200000000002,1.3,2805.6,90.0,28,4,3,-0.8660254037844386,0.5000000000000001,0.3994673768308921,0,40.0,6.666666666666667,2.2407096892759584,360.0,360.0,18.775000000000002
23,22.0,2.0,15.0,1.0,0,2,Shimla,NTPC Pvt. Ltd.,419,7.7,3226.3,283.2,2180.64,1.3,3226.3,90.0,20,0,0,0.8660254037844386,0.5000000000000001,0.3177966101694915,0,63.0,10.5,2.163323025660538,0.0,0.0,10.892307692307693
5,20.0,3.0,5.0,1.0,0,9,Dahej,Sterlite Power Transmission Ltd,362,7.6,2751.2,251.4,1910.6399999999999,1.3,2751.2,135.0,32,8,2,-1.0,-1.8369701987210297e-16,0.5369928400954653,1,34.0,5.666666666666667,2.151762203259462,1080.0,1080.0,27.933333333333334
19,22.0,3.0,7.0,1.0,0,9,Navi Mumbai,Toshiba Transmission & Distribution Systems (India) Pvt. Ltd.,408,9.3,3794.4,295.8,2750.9400000000005,1.3,3794.4,135.0,32,8,2,-1.0,-1.8369701987210297e-16,0.4563894523326572,1,52.0,8.666666666666666,2.33214389523559,1080.0,1080.0,12.860869565217392
23,22.0,3.0,17.0,1.0,0,2,Hyderabad,SJVN Ltd.,464,8.4,3897.6,334.2,2807.28,1.3,3897.6,135.0,20,0,0,0.8660254037844386,0.5000000000000001,0.40394973070017953,1,66.0,11.0,2.2407096892759584,0.0,0.0,12.377777777777778
10,17.0,3.0,16.0,1.0,0,3,Faridabad,Orient Green,407,8.1,3296.7,281.4,2279.3399999999997,1.3,3296.7,135.0,30,6,1,1.0,6.123233995736766e-17,0.4797441364605544,1,47.0,7.833333333333333,2.2082744135228043,810.0,810.0,20.099999999999998
15,23.0,2.0,5.0,1.0,0,2,Kolkata,Ringfeder Power Transmission India Pvt. Ltd.,360,8.7,3131.9999999999995,240.9,2095.83,1.3,3131.9999999999995,90.0,20,0,0,0.8660254037844386,0.5000000000000001,0.37359900373599003,0,46.0,7.666666666666667,2.272125885509337,0.0,0.0,13.383333333333333
5,17.0,3.0,5.0,1.0,0,10,Faridabad,Tata Power Company Ltd.,319,8.1,2583.9,237.9,1926.99,1.3,2583.9,135.0,28,4,3,-0.8660254037844386,0.5000000000000001,0.5674653215636822,1,31.0,5.166666666666667,2.2082744135228043,540.0,540.0,26.433333333333334
12,22.0,3.0,7.0,1.0,0,2,New Delhi,"Maha Transco – Maharashtra State Electricity Transmission Co, Ltd.",382,8.5,3247.0,281.1,2389.3500000000004,1.3,3247.0,135.0,20,0,0,0.8660254037844386,0.5000000000000001,0.48025613660618993,1,45.0,7.5,2.2512917986064953,0.0,0.0,17.56875
13,23.0,3.0,5.0,1.0,0,5,Vadodara,SJVN Ltd.,396,7.8,3088.8,281.7,2197.2599999999998,1.3,3088.8,135.0,38,14,1,0.49999999999999994,-0.8660254037844387,0.4792332268370607,1,45.0,7.5,2.174751721484161,1890.0,1890.0,16.570588235294117
13,23.0,3.0,6.0,1.0,0,6,Faridabad,Sterlite Power Transmission Ltd,401,8.1,3248.1,284.7,2306.0699999999997,1.3,3248.1,135.0,38,14,2,1.2246467991473532e-16,-1.0,0.4741833508956797,1,46.0,7.666666666666667,2.2082744135228043,1890.0,1890.0,16.74705882352941
6,23.0,2.0,13.0,1.0,0,6,Dahej,"Maha Transco – Maharashtra State Electricity Transmission Co, Ltd.",343,7.6,2606.8,246.0,1869.6,1.3,2606.8,90.0,38,14,2,1.2246467991473532e-16,-1.0,0.36585365853658536,0,45.0,7.5,2.151762203259462,1260.0,1260.0,27.333333333333332
12,22.0,2.0,10.0,1.0,0,12,Gurgaon,Indowind Energy,362,8.3,3004.6000000000004,245.1,2034.3300000000002,1.3,3004.6000000000004,90.0,20,0,0,-2.4492935982947064e-16,1.0,0.36719706242350064,0,47.0,7.833333333333333,2.2300144001592104,0.0,0.0,16.34
19,23.0,3.0,7.0,1.0,0,1,Vadodara,Optibelt Power Transmission India Private Limited,435,7.8,3393.0,300.3,2342.34,1.3,3393.0,135.0,20,0,0,0.49999999999999994,0.8660254037844387,0.44955044955044954,1,53.0,8.833333333333334,2.174751721484161,0.0,0.0,13.056521739130435
21,23.0,3.0,6.0,1.0,0,11,Gurgaon,Jyoti Structure,410,8.3,3403.0000000000005,301.5,2502.4500000000003,1.3,3403.0000000000005,135.0,28,4,3,-0.5000000000000004,0.8660254037844384,0.44776119402985076,1,54.0,9.0,2.2300144001592104,540.0,540.0,12.06
15,22.0,3.0,15.0,1.0,0,9,Navi Mumbai,Kalpataru Power,439,9.3,4082.7,311.4,2896.02,1.3,4082.7,135.0,32,8,2,-1.0,-1.8369701987210297e-16,0.43352601156069365,1,56.0,9.333333333333334,2.33214389523559,1080.0,1080.0,16.389473684210525
13,23.0,3.0,3.0,1.0,0,11,Navi Mumbai,GE T&D India Limited,373,9.3,3468.9,275.7,2564.01,1.3,3468.9,135.0,28,4,3,-0.5000000000000004,0.8660254037844384,0.4896626768226333,1,43.0,7.166666666666667,2.33214389523559,540.0,540.0,16.21764705882353
6,19.0,2.0,12.0,1.0,0,7,Navi Mumbai,NHPC,327,9.3,3041.1000000000004,225.0,2092.5,1.3,3041.1000000000004,90.0,32,8,2,-0.4999999999999997,-0.8660254037844388,0.4,0,40.0,6.666666666666667,2.33214389523559,720.0,720.0,25.0
5,19.0,2.0,9.0,1.0,0,4,Ratnagiri,Toshiba Transmission & Distribution Systems (India) Pvt. Ltd.,278,7.4,2057.2000000000003,213.9,1582.8600000000001,1.299672744273025,2057.2000000000003,90.0,30,6,1,0.8660254037844387,-0.4999999999999998,0.42075736325385693,1,36.0,6.0,2.128231705849268,540.0,540.0,26.7375
12,22.0,2.0,4.0,1.0,0,12,Nagpur,Tata Power Company Ltd.,325,8.9,2892.5,227.1,2021.19,1.3,2892.5,90.0,20,0,0,-2.4492935982947064e-16,1.0,0.39630118890356675,0,41.0,6.833333333333333,2.2925347571405443,0.0,0.0,15.139999999999999
9,19.0,3.0,11.0,1.0,0,10,Shimla,TransRail Lighting,332,7.7,2556.4,273.3,2104.4100000000003,1.2147822905232344,2556.4,135.0,28,4,3,-0.8660254037844386,0.5000000000000001,0.49396267837541163,1,43.0,7.166666666666667,2.163323025660538,540.0,540.0,21.023076923076925
6,21.0,3.0,13.0,1.0,0,3,Kolkata,"Maha Transco – Maharashtra State Electricity Transmission Co, Ltd.",411,8.7,3575.7,282.0,2453.3999999999996,1.3,3575.7,135.0,30,6,1,1.0,6.123233995736766e-17,0.4787234042553192,1,44.0,7.333333333333333,2.272125885509337,810.0,810.0,28.2
8,21.0,3.0,10.0,1.0,0,7,Nagpur,Unitech Power Transmission Ltd.,387,8.9,3444.3,277.2,2467.08,1.3,3444.3,135.0,32,8,2,-0.4999999999999997,-0.8660254037844388,0.487012987012987,1,43.0,7.166666666666667,2.2925347571405443,1080.0,1080.0,23.099999999999998
12,23.0,3.0,7.0,1.0,0,4,Ratnagiri,GE T&D India Limited,416,7.4,3078.4,285.6,2113.44,1.3,3078.4,135.0,30,6,1,0.8660254037844387,-0.4999999999999998,0.4726890756302521,1,46.0,7.666666666666667,2.128231705849268,810.0,810.0,17.85
8,21.0,2.0,6.0,7.0,0,1,Vadodara,"Maha Transco – Maharashtra State Electricity Transmission Co, Ltd.",337,7.8,2628.6,225.6,1759.6799999999998,1.3,2628.6,90.0,20,0,0,0.49999999999999994,0.8660254037844387,0.39893617021276595,0,44.0,7.333333333333333,2.174751721484161,0.0,0.0,20.509090909090908
8,21.0,3.0,9.0,1.0,0,12,Vadodara,Ringfeder Power Transmission India Pvt. Ltd.,408,7.8,3182.4,274.2,2138.7599999999998,1.3,3182.4,135.0,20,0,0,-2.4492935982947064e-16,1.0,0.4923413566739606,1,42.0,7.0,2.174751721484161,0.0,0.0,22.849999999999998
9,17.0,3.0,8.0,1.0,0,3,Shimla,Toshiba Transmission & Distribution Systems (India) Pvt. Ltd.,381,7.7,2933.7000000000003,255.3,1965.8100000000002,1.3,2933.7000000000003,135.0,30,6,1,1.0,6.123233995736766e-17,0.5287896592244418,1,38.0,6.333333333333333,2.163323025660538,810.0,810.0,19.638461538461538
11,23.0,3.0,13.0,1.0,0,2,New Delhi,NLC India,429,8.5,3646.5,301.5,2562.75,1.3,3646.5,135.0,20,0,0,0.8660254037844386,0.5000000000000001,0.44776119402985076,1,51.0,8.5,2.2512917986064953,0.0,0.0,20.1
6,18.0,0.0,7.0,1.0,0,5,Pune,Adani Power Ltd.,170,9.1,1547.0,115.5,1051.05,1.3,1547.0,0.0,38,14,1,0.49999999999999994,-0.8660254037844387,0.0,0,32.0,5.333333333333333,2.312535423847214,0.0,0.0,16.5
9,22.0,2.0,8.0,1.0,0,6,New Delhi,Guj Ind Power,328,8.5,2788.0,232.8,1978.8000000000002,1.3,2788.0,90.0,38,14,2,1.2246467991473532e-16,-1.0,0.38659793814432986,0,42.0,7.0,2.2512917986064953,1260.0,1260.0,19.400000000000002
15,23.0,3.0,16.0,1.0,0,4,Shimla,Reliance Power,461,7.7,3549.7000000000003,318.9,2455.5299999999997,1.3,3549.7000000000003,135.0,30,6,1,0.8660254037844387,-0.4999999999999998,0.42333019755409224,1,58.0,9.666666666666666,2.163323025660538,810.0,810.0,16.78421052631579
18,23.0,2.0,4.0,1.0,0,10,Ahmedabad,Reliance Power,352,7.9,2780.8,244.2,1929.18,1.3,2780.8,90.0,28,4,3,-0.8660254037844386,0.5000000000000001,0.36855036855036855,0,48.0,8.0,2.186051276738094,360.0,360.0,11.628571428571428
7,18.0,2.0,21.0,1.0,0,6,Chennai,Jyoti Structure,360,8.8,3168.0000000000005,249.6,2196.48,1.3,3168.0000000000005,90.0,38,14,2,1.2246467991473532e-16,-1.0,0.3605769230769231,0,49.0,8.166666666666666,2.2823823856765264,1260.0,1260.0,24.96
12,23.0,1.0,4.0,1.0,0,2,Ratnagiri,Tata Power Company Ltd.,274,7.4,2027.6,186.6,1380.84,1.3,2027.6,45.0,20,0,0,0.8660254037844386,0.5000000000000001,0.24115755627009647,0,41.0,6.833333333333333,2.128231705849268,0.0,0.0,13.328571428571427
8,18.0,1.0,3.0,1.0,0,3,Nagpur,L&T Transmission & Distribution,225,8.9,2002.5,152.7,1359.03,1.3,2002.5,45.0,30,6,1,1.0,6.123233995736766e-17,0.29469548133595286,0,31.0,5.166666666666667,2.2925347571405443,270.0,270.0,15.27
5,21.0,1.0,6.0,1.0,0,6,Shimla,Optibelt Power Transmission India Private Limited,227,7.7,1747.9,168.9,1300.53,1.3,1747.9,45.0,38,14,2,1.2246467991473532e-16,-1.0,0.2664298401420959,0,34.0,5.666666666666667,2.163323025660538,630.0,630.0,24.12857142857143
8,17.0,3.0,13.0,1.0,0,6,Pune,KEC International,377,9.1,3430.7,268.2,2440.62,1.3,3430.7,135.0,38,14,2,1.2246467991473532e-16,-1.0,0.5033557046979866,1,42.0,7.0,2.312535423847214,1890.0,1890.0,22.349999999999998
12,22.0,2.0,7.0,1.0,0,4,Ratnagiri,Power Grid Corp,318,7.4,2353.2000000000003,236.1,1747.14,1.3,2353.2000000000003,90.0,30,6,1,0.8660254037844387,-0.4999999999999998,0.3811944091486658,0,44.0,7.333333333333333,2.128231705849268,540.0,540.0,15.74
5,20.0,3.0,6.0,7.0,0,12,Ahmedabad,Ringfeder Power Transmission India Pvt. Ltd.,370,7.9,2923.0,259.8,2052.42,1.3,2923.0,135.0,20,0,0,-2.4492935982947064e-16,1.0,0.5196304849884527,1,41.0,6.833333333333333,2.186051276738094,0.0,0.0,28.866666666666667
6,22.0,3.0,22.0,1.0,0,2,Chennai,NLC India,406,8.8,3572.8,313.5,2758.8,1.2950558213716108,3572.8,135.0,20,0,0,0.8660254037844386,0.5000000000000001,0.430622009569378,1,54.0,9.0,2.2823823856765264,0.0,0.0,31.35
9,21.0,3.0,5.0,1.0,0,4,Noida,NHPC,352,8.2,2886.4,264.3,2167.2599999999998,1.3,2886.4,135.0,30,6,1,0.8660254037844387,-0.4999999999999998,0.510783200908059,1,39.0,6.5,2.2192034840549946,810.0,810.0,20.33076923076923
5,22.0,3.0,6.0,1.0,0,2,Hyderabad,Guj Ind Power,294,8.4,2469.6,263.4,2212.56,1.1161731207289294,2469.6,135.0,20,0,0,0.8660254037844386,0.5000000000000001,0.5125284738041003,1,37.0,6.166666666666667,2.2407096892759584,0.0,0.0,29.266666666666666
6,21.0,3.0,3.0,1.0,0,2,Ahmedabad,Torrent Power Ltd.,338,7.9,2670.2000000000003,252.0,1990.8000000000002,1.3,2670.2000000000003,135.0,20,0,0,0.8660254037844386,0.5000000000000001,0.5357142857142857,1,34.0,5.666666666666667,2.186051276738094,0.0,0.0,25.2
11,23.0,3.0,7.0,1.0,0,1,Hyderabad,Sunil Hitech Eng,371,8.4,3116.4,283.5,2381.4,1.3,3116.4,135.0,20,0,0,0.49999999999999994,0.8660254037844387,0.47619047619047616,1,45.0,7.5,2.2407096892759584,0.0,0.0,18.9
6,19.0,3.0,14.0,1.0,0,12,Dahej,Bonfiglioli Transmission Pvt. Ltd.,340,7.6,2584.0,276.0,2097.6,1.2318840579710146,2584.0,135.0,20,0,0,-2.4492935982947064e-16,1.0,0.4891304347826087,1,43.0,7.166666666666667,2.151762203259462,0.0,0.0,27.6
23,22.0,3.0,5.0,1.0,0,1,Gurgaon,Guj Ind Power,427,8.3,3544.1000000000004,298.2,2475.06,1.3,3544.1000000000004,135.0,20,0,0,0.49999999999999994,0.8660254037844387,0.45271629778672035,1,54.0,9.0,2.2300144001592104,0.0,0.0,11.044444444444444
8,18.0,3.0,12.0,7.0,0,6,Hyderabad,Torrent Power Ltd.,374,8.4,3141.6,275.1,2310.84,1.3,3141.6,135.0,38,14,2,1.2246467991473532e-16,-1.0,0.4907306434023991,1,48.0,8.0,2.2407096892759584,1890.0,1890.0,22.925
6,17.0,2.0,12.0,1.0,0,3,Ratnagiri,Tata Power Company Ltd.,319,7.4,2360.6,216.0,1598.4,1.3,2360.6,90.0,30,6,1,1.0,6.123233995736766e-17,0.4166666666666667,1,38.0,6.333333333333333,2.128231705849268,540.0,540.0,24.0
10,17.0,0.0,12.0,1.0,0,2,Faridabad,Reliance Energy,187,8.1,1514.7,134.4,1088.64,1.3,1514.7,0.0,20,0,0,0.8660254037844386,0.5000000000000001,0.0,0,40.0,6.666666666666667,2.2082744135228043,0.0,0.0,12.218181818181819
5,17.0,2.0,9.0,7.0,0,2,Faridabad,TransRail Lighting,282,8.1,2284.2,210.3,1703.43,1.3,2284.2,90.0,20,0,0,0.8660254037844386,0.5000000000000001,0.42796005706134094,1,40.0,6.666666666666667,2.2082744135228043,0.0,0.0,26.2875
6,18.0,3.0,8.0,1.0,0,12,Vadodara,Neueon Towers / Sujana Towers Ltd.,297,7.8,2316.6,253.5,1977.3,1.1715976331360947,2316.6,135.0,20,0,0,-2.4492935982947064e-16,1.0,0.5325443786982249,1,36.0,6.0,2.174751721484161,0.0,0.0,25.35
9,17.0,3.0,18.0,1.0,0,5,Nagpur,NTPC Pvt. Ltd.,382,8.9,3399.8,285.3,2539.17,1.3,3399.8,135.0,38,14,1,0.49999999999999994,-0.8660254037844387,0.47318611987381703,1,48.0,8.0,2.2925347571405443,1890.0,1890.0,21.946153846153848
7,19.0,3.0,17.0,1.0,0,2,Chennai,Guj Ind Power,354,8.8,3115.2000000000003,287.1,2526.4800000000005,1.2330198537095087,3115.2000000000003,135.0,20,0,0,0.8660254037844386,0.5000000000000001,0.47021943573667707,1,47.0,7.833333333333333,2.2823823856765264,0.0,0.0,26.1
5,19.0,2.0,8.0,1.0,0,5,New Delhi,Sterlite Power Transmission Ltd,303,8.5,2575.5,210.9,1792.65,1.3,2575.5,90.0,38,14,1,0.49999999999999994,-0.8660254037844387,0.4267425320056899,1,35.0,5.833333333333333,2.2512917986064953,1260.0,1260.0,26.3625
10,20.0,3.0,8.0,1.0,0,2,Faridabad,CESC,308,8.1,2494.8,270.9,2194.2899999999995,1.1369509043927652,2494.8,135.0,20,0,0,0.8660254037844386,0.5000000000000001,0.49833887043189373,1,42.0,7.0,2.2082744135228043,0.0,0.0,19.349999999999998
10,19.0,3.0,15.0,1.0,0,12,Nagpur,Tata Power Company Ltd.,408,8.9,3631.2,287.4,2557.8599999999997,1.3,3631.2,135.0,20,0,0,-2.4492935982947064e-16,1.0,0.4697286012526096,1,48.0,8.0,2.2925347571405443,0.0,0.0,20.52857142857143
5,21.0,3.0,14.0,7.0,0,8,Vadodara,KEC International,420,7.8,3276.0,288.3,2248.7400000000002,1.3,3276.0,135.0,32,8,2,-0.8660254037844385,-0.5000000000000004,0.46826222684703434,1,50.0,8.333333333333334,2.174751721484161,1080.0,1080.0,32.03333333333333
6,20.0,2.0,13.0,1.0,0,4,Hyderabad,Jyoti Structure,327,8.4,2746.8,232.5,1953.0,1.3,2746.8,90.0,30,6,1,0.8660254037844387,-0.4999999999999998,0.3870967741935484,0,42.0,7.0,2.2407096892759584,540.0,540.0,25.833333333333332
5,18.0,2.0,3.0,1.0,0,9,New Delhi,Ringfeder Power Transmission India Pvt. Ltd.,261,8.5,2218.5,191.4,1626.9,1.3,2218.5,90.0,32,8,2,-1.0,-1.8369701987210297e-16,0.4702194357366771,1,29.0,4.833333333333333,2.2512917986064953,720.0,720.0,23.925
18,23.0,3.0,3.0,1.0,0,2,Ratnagiri,Jyoti Structure,363,7.4,2686.2000000000003,286.2,2117.88,1.2683438155136268,2686.2000000000003,135.0,20,0,0,0.8660254037844386,0.5000000000000001,0.4716981132075472,1,48.0,8.0,2.128231705849268,0.0,0.0,13.009090909090908
18,22.0,3.0,6.0,1.0,0,3,Chennai,Kalpataru Power,418,8.8,3678.4,290.7,2558.1600000000003,1.3,3678.4,135.0,30,6,1,1.0,6.123233995736766e-17,0.4643962848297214,1,50.0,8.333333333333334,2.2823823856765264,810.0,810.0,13.213636363636363
10,19.0,1.0,5.0,1.0,0,6,Gurgaon,Ratnagiri Gas and Power Pvt. Ltd. (RGPPL),214,8.3,1776.2,167.4,1389.42,1.2783751493428912,1776.2,45.0,38,14,2,1.2246467991473532e-16,-1.0,0.26881720430107525,0,36.0,6.0,2.2300144001592104,630.0,630.0,13.950000000000001
13,23.0,2.0,9.0,1.0,0,3,Vadodara,Power Grid Corp,370,7.8,2886.0,248.7,1939.86,1.3,2886.0,90.0,30,6,1,1.0,6.123233995736766e-17,0.3618817852834741,0,48.0,8.0,2.174751721484161,540.0,540.0,15.54375
23,22.0,3.0,4.0,1.0,0,3,Ratnagiri,NHPC,411,7.4,3041.4,295.2,2184.48,1.3,3041.4,135.0,30,6,1,1.0,6.123233995736766e-17,0.4573170731707317,1,53.0,8.833333333333334,2.128231705849268,810.0,810.0,10.933333333333334
5,17.0,3.0,15.0,1.0,0,11,Pune,L&T Transmission & Distribution,364,9.1,3312.4,267.9,2437.89,1.3,3312.4,135.0,28,4,3,-0.5000000000000004,0.8660254037844384,0.503919372900336,1,41.0,6.833333333333333,2.312535423847214,540.0,540.0,29.766666666666666
5,20.0,3.0,16.0,1.0,0,1,Hyderabad,GE T&D India Limited,410,8.4,3444.0,284.4,2388.96,1.3,3444.0,135.0,20,0,0,0.49999999999999994,0.8660254037844387,0.4746835443037975,1,45.0,7.5,2.2407096892759584,0.0,0.0,31.599999999999998
14,22.0,2.0,5.0,1.0,0,8,Mumbai,Sterlite Power Transmission Ltd,342,9.2,3146.4,234.3,2155.56,1.3,3146.4,90.0,32,8,2,-0.8660254037844385,-0.5000000000000004,0.3841229193341869,0,44.0,7.333333333333333,2.322387720290225,720.0,720.0,13.782352941176471
8,20.0,2.0,5.0,1.0,0,10,Ahmedabad,Toshiba Transmission & Distribution Systems (India) Pvt. Ltd.,312,7.9,2464.8,212.7,1680.33,1.3,2464.8,90.0,28,4,3,-0.8660254037844386,0.5000000000000001,0.4231311706629055,1,36.0,6.0,2.186051276738094,360.0,360.0,19.336363636363636
23,23.0,2.0,4.0,1.0,0,2,Kolkata,Ratnagiri Gas and Power Pvt. Ltd. (RGPPL),370,8.7,3218.9999999999995,254.7,2215.89,1.3,3218.9999999999995,90.0,20,0,0,0.8660254037844386,0.5000000000000001,0.35335689045936397,0,53.0,8.833333333333334,2.272125885509337,0.0,0.0,9.796153846153846
10,21.0,1.0,6.0,1.0,0,1,Shimla,KEC International,267,7.7,2055.9,179.4,1381.38,1.3,2055.9,45.0,20,0,0,0.49999999999999994,0.8660254037844387,0.2508361204013378,0,39.0,6.5,2.163323025660538,0.0,0.0,14.950000000000001
10,22.0,3.0,16.0,1.0,0,2,Gurgaon,Jaiprakash Power,415,8.3,3444.5000000000005,303.9,2522.37,1.3,3444.5000000000005,135.0,20,0,0,0.8660254037844386,0.5000000000000001,0.4442250740375124,1,52.0,8.666666666666666,2.2300144001592104,0.0,0.0,21.707142857142856
5,17.0,3.0,15.0,1.0,0,6,Vadodara,Bonfiglioli Transmission Pvt. Ltd.,375,7.8,2925.0,267.9,2089.62,1.3,2925.0,135.0,38,14,2,1.2246467991473532e-16,-1.0,0.503919372900336,1,41.0,6.833333333333333,2.174751721484161,1890.0,1890.0,29.766666666666666
13,22.0,3.0,4.0,1.0,0,8,Ratnagiri,KEC International,385,7.4,2849.0,274.2,2029.08,1.3,2849.0,135.0,32,8,2,-0.8660254037844385,-0.5000000000000004,0.4923413566739606,1,43.0,7.166666666666667,2.128231705849268,1080.0,1080.0,16.129411764705882
5,17.0,3.0,7.0,1.0,0,8,New Delhi,Neueon Towers / Sujana Towers Ltd.,277,8.5,2354.5,243.9,2073.15,1.135711357113571,2354.5,135.0,32,8,2,-0.8660254037844385,-0.5000000000000004,0.5535055350553505,1,33.0,5.5,2.2512917986064953,1080.0,1080.0,27.1
10,18.0,3.0,19.0,1.0,0,2,Nagpur,Jaiprakash Power,367,8.9,3266.3,294.9,2624.61,1.2444896575110207,3266.3,135.0,20,0,0,0.8660254037844386,0.5000000000000001,0.45778229908443546,1,51.0,8.5,2.2925347571405443,0.0,0.0,21.064285714285713
21,22.0,2.0,9.0,1.0,0,4,Faridabad,Toshiba Transmission & Distribution Systems (India) Pvt. Ltd.,389,8.1,3150.9,261.0,2114.1,1.3,3150.9,90.0,30,6,1,0.8660254037844387,-0.4999999999999998,0.3448275862068966,0,55.0,9.166666666666666,2.2082744135228043,540.0,540.0,10.875
6,21.0,2.0,19.0,1.0,0,9,Ratnagiri,GE T&D India Limited,381,7.4,2819.4,255.0,1887.0,1.3,2819.4,90.0,32,8,2,-1.0,-1.8369701987210297e-16,0.35294117647058826,0,49.0,8.166666666666666,2.128231705849268,720.0,720.0,28.333333333333332
7,20.0,1.0,3.0,1.0,0,8,New Delhi,Kalpataru Power,210,8.5,1785.0,159.6,1356.6,1.3,1785.0,45.0,32,8,2,-0.8660254037844385,-0.5000000000000004,0.2819548872180451,0,32.0,5.333333333333333,2.2512917986064953,360.0,360.0,17.733333333333334
9,17.0,2.0,3.0,1.0,0,10,Pune,Reliance Power,199,9.1,1810.9,195.3,1777.23,1.0189452124935996,1810.9,90.0,28,4,3,-0.8660254037844386,0.5000000000000001,0.46082949308755755,1,32.0,5.333333333333333,2.312535423847214,360.0,360.0,16.275000000000002
6,21.0,2.0,14.0,1.0,0,6,Ahmedabad,KEC International,337,7.9,2662.3,240.0,1896.0,1.3,2662.3,90.0,38,14,2,1.2246467991473532e-16,-1.0,0.375,0,44.0,7.333333333333333,2.186051276738094,1260.0,1260.0,26.666666666666668
10,17.0,3.0,7.0,1.0,0,4,Kolkata,Kalpataru Power,365,8.7,3175.4999999999995,254.4,2213.2799999999997,1.3,3175.4999999999995,135.0,30,6,1,0.8660254037844387,-0.4999999999999998,0.5306603773584906,1,38.0,6.333333333333333,2.272125885509337,810.0,810.0,18.17142857142857
8,21.0,3.0,9.0,1.0,0,12,Pune,GE T&D India Limited,377,9.1,3430.7,274.2,2495.22,1.3,3430.7,135.0,20,0,0,-2.4492935982947064e-16,1.0,0.4923413566739606,1,42.0,7.0,2.312535423847214,0.0,0.0,22.849999999999998
17,22.0,3.0,14.0,1.0,0,2,Hyderabad,"Maha Transco – Maharashtra State Electricity Transmission Co, Ltd.",439,8.4,3687.6,312.6,2625.84,1.3,3687.6,135.0,20,0,0,0.8660254037844386,0.5000000000000001,0.43186180422264875,1,57.0,9.5,2.2407096892759584,0.0,0.0,14.885714285714286
9,19.0,3.0,22.0,1.0,0,11,Kolkata,Unitech Power Transmission Ltd.,445,8.7,3871.5,306.3,2664.81,1.3,3871.5,135.0,28,4,3,-0.5000000000000004,0.8660254037844384,0.44074436826640545,1,54.0,9.0,2.272125885509337,540.0,540.0,23.56153846153846
7,20.0,2.0,5.0,1.0,0,12,Mumbai,Sunil Hitech Eng,301,9.2,2769.2,210.6,1937.5199999999998,1.3,2769.2,90.0,20,0,0,-2.4492935982947064e-16,1.0,0.4273504273504274,1,35.0,5.833333333333333,2.322387720290225,0.0,0.0,21.06
9,23.0,2.0,5.0,1.0,0,5,Shimla,GE T&D India Limited,317,7.7,2440.9,228.3,1757.91,1.3,2440.9,90.0,38,14,1,0.49999999999999994,-0.8660254037844387,0.39421813403416556,0,40.0,6.666666666666667,2.163323025660538,1260.0,1260.0,19.025000000000002
17,23.0,3.0,11.0,1.0,0,6,Hyderabad,JSW Energy Ltd.,449,8.4,3771.6,308.1,2588.0400000000004,1.3,3771.6,135.0,38,14,2,1.2246467991473532e-16,-1.0,0.43816942551119764,1,55.0,9.166666666666666,2.2407096892759584,1890.0,1890.0,14.671428571428573
8,17.0,1.0,9.0,1.0,0,1,Noida,Sterlite Power Transmission Ltd,247,8.2,2025.4,166.2,1362.8399999999997,1.3,2025.4,45.0,20,0,0,0.49999999999999994,0.8660254037844387,0.27075812274368233,0,36.0,6.0,2.2192034840549946,0.0,0.0,16.619999999999997
21,23.0,2.0,4.0,1.0,0,9,Chennai,Reliance Power,352,8.8,3097.6000000000004,250.5,2204.4,1.3,3097.6000000000004,90.0,32,8,2,-1.0,-1.8369701987210297e-16,0.3592814371257485,0,51.0,8.5,2.2823823856765264,720.0,720.0,10.4375
5,17.0,3.0,6.0,1.0,0,11,Vadodara,Jyoti Structure,277,7.8,2160.6,240.9,1879.02,1.1498547114985471,2160.6,135.0,28,4,3,-0.5000000000000004,0.8660254037844384,0.5603985056039851,1,32.0,5.333333333333333,2.174751721484161,540.0,540.0,26.766666666666666
13,23.0,3.0,10.0,1.0,0,1,Ahmedabad,Jaiprakash Power,413,7.9,3262.7000000000003,296.7,2343.93,1.3,3262.7000000000003,135.0,20,0,0,0.49999999999999994,0.8660254037844387,0.45500505561172905,1,50.0,8.333333333333334,2.186051276738094,0.0,0.0,17.45294117647059
7,23.0,3.0,18.0,1.0,0,9,Ratnagiri,Orient Green,435,7.4,3219.0,308.1,2279.94,1.3,3219.0,135.0,32,8,2,-1.0,-1.8369701987210297e-16,0.43816942551119764,1,52.0,8.666666666666666,2.128231705849268,1080.0,1080.0,28.00909090909091
5,22.0,3.0,11.0,1.0,0,11,Shimla,Power Grid Corp,386,7.7,2972.2000000000003,278.4,2143.68,1.3,2972.2000000000003,135.0,28,4,3,-0.5000000000000004,0.8660254037844384,0.48491379310344834,1,42.0,7.0,2.163323025660538,540.0,540.0,30.93333333333333
7,19.0,3.0,9.0,1.0,0,1,Navi Mumbai,Torrent Power Ltd.,300,9.3,2790.0,263.1,2446.8300000000004,1.1402508551881412,2790.0,135.0,20,0,0,0.49999999999999994,0.8660254037844387,0.5131128848346636,1,39.0,6.5,2.33214389523559,0.0,0.0,23.91818181818182
9,19.0,3.0,15.0,1.0,0,4,Mumbai,"Maha Transco – Maharashtra State Electricity Transmission Co, Ltd.",375,9.2,3449.9999999999995,285.3,2624.7599999999998,1.3,3449.9999999999995,135.0,30,6,1,0.8660254037844387,-0.4999999999999998,0.47318611987381703,1,47.0,7.833333333333333,2.322387720290225,810.0,810.0,21.946153846153848
5,22.0,3.0,13.0,1.0,0,4,Nagpur,Neueon Towers / Sujana Towers Ltd.,400,8.9,3560.0,284.4,2531.16,1.3,3560.0,135.0,30,6,1,0.8660254037844387,-0.4999999999999998,0.4746835443037975,1,44.0,7.333333333333333,2.2925347571405443,810.0,810.0,31.599999999999998
10,17.0,2.0,19.0,1.0,0,11,Kolkata,Orient Green,331,8.7,2879.7,245.4,2134.98,1.3,2879.7,90.0,28,4,3,-0.5000000000000004,0.8660254037844384,0.3667481662591687,0,49.0,8.166666666666666,2.272125885509337,360.0,360.0,18.876923076923077
9,17.0,3.0,17.0,1.0,0,1,Ratnagiri,Ringfeder Power Transmission India Pvt. Ltd.,423,7.4,3130.2000000000003,282.3,2089.02,1.3,3130.2000000000003,135.0,20,0,0,0.49999999999999994,0.8660254037844387,0.4782146652497343,1,47.0,7.833333333333333,2.128231705849268,0.0,0.0,21.715384615384615
8,20.0,3.0,5.0,1.0,0,6,Hyderabad,Orient Green,349,8.4,2931.6,257.7,2164.68,1.3,2931.6,135.0,38,14,2,1.2246467991473532e-16,-1.0,0.5238649592549476,1,37.0,6.166666666666667,2.2407096892759584,1890.0,1890.0,21.474999999999998
5,18.0,2.0,7.0,1.0,0,12,Pune,Neueon Towers / Sujana Towers Ltd.,279,9.1,2538.9,203.4,1850.94,1.3,2538.9,90.0,20,0,0,-2.4492935982947064e-16,1.0,0.44247787610619466,1,33.0,5.5,2.312535423847214,0.0,0.0,25.425
8,17.0,3.0,4.0,1.0,0,4,Mumbai,Tata Power Company Ltd.,227,9.2,2088.4,241.2,2219.0399999999995,0.9411276948590384,2088.4,135.0,30,6,1,0.8660254037844387,-0.4999999999999998,0.5597014925373135,1,33.0,5.5,2.322387720290225,810.0,810.0,20.099999999999998
13,22.0,3.0,14.0,1.0,0,1,Kolkata,Toshiba Transmission & Distribution Systems (India) Pvt. Ltd.,440,8.7,3828.0,304.2,2646.5399999999995,1.3,3828.0,135.0,20,0,0,0.49999999999999994,0.8660254037844387,0.4437869822485207,1,53.0,8.833333333333334,2.272125885509337,0.0,0.0,17.894117647058824
7,19.0,2.0,6.0,1.0,0,1,Mumbai,GE T&D India Limited,263,9.2,2419.6,209.1,1923.7199999999998,1.2577714012434242,2419.6,90.0,20,0,0,0.49999999999999994,0.8660254037844387,0.430416068866571,1,35.0,5.833333333333333,2.322387720290225,0.0,0.0,20.91
10,23.0,3.0,14.0,1.0,0,9,Navi Mumbai,Reliance Power,437,9.3,4064.1,302.4,2812.32,1.3,4064.1,135.0,32,8,2,-1.0,-1.8369701987210297e-16,0.44642857142857145,1,51.0,8.5,2.33214389523559,1080.0,1080.0,21.599999999999998
7,20.0,3.0,8.0,7.0,0,7,Gurgaon,Power Grid Corp,382,8.3,3170.6000000000004,270.0,2241.0,1.3,3170.6000000000004,135.0,32,8,2,-0.4999999999999997,-0.8660254037844388,0.5,1,45.0,7.5,2.2300144001592104,1080.0,1080.0,24.545454545454547
7,21.0,2.0,11.0,1.0,0,2,Gurgaon,L&T Transmission & Distribution,305,8.3,2531.5,233.1,1934.73,1.3,2531.5,90.0,20,0,0,0.8660254037844386,0.5000000000000001,0.3861003861003861,0,42.0,7.0,2.2300144001592104,0.0,0.0,23.31
17,23.0,3.0,3.0,1.0,0,6,Vadodara,NLC India,405,7.8,3159.0,284.1,2215.98,1.3,3159.0,135.0,38,14,2,1.2246467991473532e-16,-1.0,0.4751847940865892,1,47.0,7.833333333333333,2.174751721484161,1890.0,1890.0,13.52857142857143
10,18.0,3.0,10.0,1.0,0,3,Navi Mumbai,NHPC,353,9.3,3282.9,267.9,2491.47,1.3,3282.9,135.0,30,6,1,1.0,6.123233995736766e-17,0.503919372900336,1,42.0,7.0,2.33214389523559,810.0,810.0,19.135714285714283
18,22.0,2.0,3.0,1.0,0,4,Nagpur,Bonfiglioli Transmission Pvt. Ltd.,345,8.9,3070.5,236.7,2106.63,1.3,3070.5,90.0,30,6,1,0.8660254037844387,-0.4999999999999998,0.3802281368821293,0,46.0,7.666666666666667,2.2925347571405443,540.0,540.0,11.27142857142857
20,22.0,3.0,5.0,1.0,0,8,Gurgaon,"Maha Transco – Maharashtra State Electricity Transmission Co, Ltd.",418,8.3,3469.4,291.9,2422.77,1.3,3469.4,135.0,32,8,2,-0.8660254037844385,-0.5000000000000004,0.4624871531346352,1,51.0,8.5,2.2300144001592104,1080.0,1080.0,12.1625
12,23.0,3.0,9.0,1.0,0,2,Faridabad,TransRail Lighting,393,8.1,3183.3,291.6,2361.96,1.3,3183.3,135.0,20,0,0,0.8660254037844386,0.5000000000000001,0.4629629629629629,1,48.0,8.0,2.2082744135228043,0.0,0.0,18.225
5,19.0,2.0,8.0,1.0,0,9,Mumbai,Power Grid Corp,240,9.2,2208.0,210.9,1940.28,1.1379800853485065,2208.0,90.0,32,8,2,-1.0,-1.8369701987210297e-16,0.4267425320056899,1,35.0,5.833333333333333,2.322387720290225,720.0,720.0,26.3625
8,18.0,1.0,6.0,1.0,0,11,Kolkata,NLC India,197,8.7,1713.9,161.7,1406.7899999999997,1.21830550401979,1713.9,45.0,28,4,3,-0.5000000000000004,0.8660254037844384,0.2782931354359926,0,34.0,5.666666666666667,2.272125885509337,180.0,180.0,16.169999999999998
17,22.0,3.0,7.0,1.0,0,6,Nagpur,Toshiba Transmission & Distribution Systems (India) Pvt. Ltd.,428,8.9,3809.2,291.6,2595.2400000000002,1.3,3809.2,135.0,38,14,2,1.2246467991473532e-16,-1.0,0.4629629629629629,1,50.0,8.333333333333334,2.2925347571405443,1890.0,1890.0,13.885714285714286
6,17.0,1.0,19.0,1.0,0,6,Pune,Optibelt Power Transmission India Private Limited,284,9.1,2584.4,192.0,1747.1999999999998,1.3,2584.4,45.0,38,14,2,1.2246467991473532e-16,-1.0,0.234375,0,44.0,7.333333333333333,2.312535423847214,630.0,630.0,24.0
9,18.0,2.0,18.0,1.0,0,6,Mumbai,Reliance Energy,364,9.2,3348.8,244.8,2252.16,1.3,3348.8,90.0,38,14,2,1.2246467991473532e-16,-1.0,0.3676470588235294,0,48.0,8.0,2.322387720290225,1260.0,1260.0,20.400000000000002
7,17.0,1.0,4.0,1.0,0,6,Faridabad,Tata Power Company Ltd.,171,8.1,1385.1,149.1,1207.7099999999998,1.1468812877263583,1385.1,45.0,38,14,2,1.2246467991473532e-16,-1.0,0.3018108651911469,0,30.0,5.0,2.2082744135228043,630.0,630.0,16.566666666666666
5,20.0,3.0,4.0,1.0,0,1,Kolkata,Reliance Power,332,8.7,2888.4,248.4,2161.08,1.3,2888.4,135.0,20,0,0,0.49999999999999994,0.8660254037844387,0.5434782608695652,1,33.0,5.5,2.272125885509337,0.0,0.0,27.6
8,22.0,3.0,11.0,1.0,0,2,Ahmedabad,Toshiba Transmission & Distribution Systems (India) Pvt. Ltd.,351,7.9,2772.9,284.7,2249.13,1.2328767123287672,2772.9,135.0,20,0,0,0.8660254037844386,0.5000000000000001,0.4741833508956797,1,45.0,7.5,2.186051276738094,0.0,0.0,23.724999999999998
5,20.0,2.0,3.0,1.0,0,3,Kolkata,Optibelt Power Transmission India Private Limited,276,8.7,2401.2,200.4,1743.48,1.3,2401.2,90.0,30,6,1,1.0,6.123233995736766e-17,0.4491017964071856,1,31.0,5.166666666666667,2.272125885509337,540.0,540.0,25.05
8,18.0,3.0,3.0,1.0,0,10,New Delhi,Unitech Power Transmission Ltd.,330,8.5,2805.0,242.7,2062.95,1.3,2805.0,135.0,28,4,3,-0.8660254037844386,0.5000000000000001,0.5562422744128555,1,33.0,5.5,2.2512917986064953,540.0,540.0,20.224999999999998
8,18.0,3.0,3.0,1.0,0,1,Pune,Ringfeder Power Transmission India Pvt. Ltd.,280,9.1,2548.0,242.7,2208.5699999999997,1.1536876802637002,2548.0,135.0,20,0,0,0.49999999999999994,0.8660254037844387,0.5562422744128555,1,33.0,5.5,2.312535423847214,0.0,0.0,20.224999999999998
5,20.0,3.0,11.0,1.0,0,3,Navi Mumbai,Ringfeder Power Transmission India Pvt. Ltd.,392,9.3,3645.6,269.4,2505.42,1.3,3645.6,135.0,30,6,1,1.0,6.123233995736766e-17,0.5011135857461025,1,40.0,6.666666666666667,2.33214389523559,810.0,810.0,29.93333333333333
10,19.0,3.0,22.0,1.0,0,8,Noida,NTPC Pvt. Ltd.,441,8.2,3616.2,308.4,2528.8799999999997,1.3,3616.2,135.0,32,8,2,-0.8660254037844385,-0.5000000000000004,0.43774319066147865,1,55.0,9.166666666666666,2.2192034840549946,1080.0,1080.0,22.02857142857143
8,19.0,3.0,3.0,1.0,0,10,Vadodara,"Maha Transco – Maharashtra State Electricity Transmission Co, Ltd.",370,7.8,2886.0,247.2,1928.1599999999999,1.3,2886.0,135.0,28,4,3,-0.8660254037844386,0.5000000000000001,0.5461165048543689,1,34.0,5.666666666666667,2.174751721484161,540.0,540.0,20.599999999999998
10,19.0,2.0,13.0,1.0,0,10,Gurgaon,"Maha Transco – Maharashtra State Electricity Transmission Co, Ltd.",351,8.3,2913.3,236.4,1962.1200000000001,1.3,2913.3,90.0,28,4,3,-0.8660254037844386,0.5000000000000001,0.38071065989847713,0,45.0,7.5,2.2300144001592104,360.0,360.0,18.184615384615384
12,22.0,2.0,3.0,1.0,0,10,New Delhi,Toshiba Transmission & Distribution Systems (India) Pvt. Ltd.,331,8.5,2813.5,224.1,1904.85,1.3,2813.5,90.0,28,4,3,-0.8660254037844386,0.5000000000000001,0.40160642570281124,1,40.0,6.666666666666667,2.2512917986064953,360.0,360.0,14.94
13,22.0,3.0,8.0,1.0,0,8,New Delhi,Ringfeder Power Transmission India Pvt. Ltd.,409,8.5,3476.5,286.2,2432.7,1.3,3476.5,135.0,32,8,2,-0.8660254037844385,-0.5000000000000004,0.4716981132075472,1,47.0,7.833333333333333,2.2512917986064953,1080.0,1080.0,16.83529411764706
7,21.0,3.0,8.0,1.0,0,7,Hyderabad,Ringfeder Power Transmission India Pvt. Ltd.,403,8.4,3385.2000000000003,269.1,2260.4400000000005,1.3,3385.2000000000003,135.0,32,8,2,-0.4999999999999997,-0.8660254037844388,0.5016722408026756,1,40.0,6.666666666666667,2.2407096892759584,1080.0,1080.0,24.463636363636365
21,22.0,3.0,11.0,1.0,0,6,Chennai,Sunil Hitech Eng,436,8.8,3836.8,312.0,2745.6000000000004,1.3,3836.8,135.0,38,14,2,1.2246467991473532e-16,-1.0,0.4326923076923077,1,58.0,9.666666666666666,2.2823823856765264,1890.0,1890.0,12.48
22,22.0,3.0,8.0,1.0,0,3,Nagpur,Neueon Towers / Sujana Towers Ltd.,437,8.9,3889.3,305.1,2715.3900000000003,1.3,3889.3,135.0,30,6,1,1.0,6.123233995736766e-17,0.44247787610619466,1,56.0,9.333333333333334,2.2925347571405443,810.0,810.0,11.734615384615385
20,22.0,2.0,12.0,1.0,0,2,Chennai,Adani Power Ltd.,368,8.8,3238.4,267.9,2357.52,1.3,3238.4,90.0,20,0,0,0.8660254037844386,0.5000000000000001,0.335946248600224,0,57.0,9.5,2.2823823856765264,0.0,0.0,11.64782608695652
9,18.0,1.0,21.0,1.0,0,2,Vadodara,Toshiba Transmission & Distribution Systems (India) Pvt. Ltd.,300,7.8,2340.0,208.8,1628.64,1.3,2340.0,45.0,20,0,0,0.8660254037844386,0.5000000000000001,0.21551724137931033,0,50.0,8.333333333333334,2.174751721484161,0.0,0.0,18.981818181818184
19,22.0,2.0,11.0,1.0,0,2,Ratnagiri,Indowind Energy,349,7.4,2582.6,262.8,1944.7200000000003,1.3,2582.6,90.0,20,0,0,0.8660254037844386,0.5000000000000001,0.3424657534246575,0,55.0,9.166666666666666,2.128231705849268,0.0,0.0,11.945454545454545
5,17.0,2.0,15.0,1.0,0,7,Gurgaon,NTPC Pvt. Ltd.,329,8.3,2730.7000000000003,222.9,1850.0700000000002,1.3,2730.7000000000003,90.0,32,8,2,-0.4999999999999997,-0.8660254037844388,0.4037685060565276,1,40.0,6.666666666666667,2.2300144001592104,720.0,720.0,27.8625
5,18.0,3.0,4.0,1.0,0,3,Nagpur,Torrent Power Ltd.,321,8.9,2856.9,239.4,2130.6600000000003,1.3,2856.9,135.0,30,6,1,1.0,6.123233995736766e-17,0.5639097744360902,1,31.0,5.166666666666667,2.2925347571405443,810.0,810.0,26.6
16,23.0,3.0,9.0,1.0,0,2,Shimla,Unitech Power Transmission Ltd.,381,7.7,2933.7000000000003,300.0,2310.0,1.27,2933.7000000000003,135.0,20,0,0,0.8660254037844386,0.5000000000000001,0.45,1,52.0,8.666666666666666,2.163323025660538,0.0,0.0,15.0
8,20.0,3.0,18.0,1.0,0,2,Mumbai,SJVN Ltd.,368,9.2,3385.6,296.7,2729.64,1.2403100775193798,3385.6,135.0,20,0,0,0.8660254037844386,0.5000000000000001,0.45500505561172905,1,50.0,8.333333333333334,2.322387720290225,0.0,0.0,24.724999999999998
16,23.0,3.0,6.0,1.0,0,5,Gurgaon,KEC International,409,8.3,3394.7000000000003,291.0,2415.3,1.3,3394.7000000000003,135.0,38,14,1,0.49999999999999994,-0.8660254037844387,0.4639175257731959,1,49.0,8.166666666666666,2.2300144001592104,1890.0,1890.0,14.55
16,23.0,3.0,5.0,1.0,0,9,Faridabad,Ratnagiri Gas and Power Pvt. Ltd. (RGPPL),399,8.1,3231.9,288.0,2332.7999999999997,1.3,3231.9,135.0,32,8,2,-1.0,-1.8369701987210297e-16,0.46875,1,48.0,8.0,2.2082744135228043,1080.0,1080.0,14.4
6,17.0,3.0,11.0,1.0,0,2,Ratnagiri,Sterlite Power Transmission Ltd,263,7.4,1946.2,258.0,1909.2,1.0193798449612403,1946.2,135.0,20,0,0,0.8660254037844386,0.5000000000000001,0.5232558139534884,1,38.0,6.333333333333333,2.128231705849268,0.0,0.0,25.8
8,17.0,2.0,10.0,1.0,0,12,Kolkata,GE T&D India Limited,269,8.7,2340.3,214.2,1863.5399999999997,1.2558356676003737,2340.3,90.0,20,0,0,-2.4492935982947064e-16,1.0,0.42016806722689076,1,38.0,6.333333333333333,2.272125885509337,0.0,0.0,19.472727272727273
11,22.0,3.0,3.0,1.0,0,10,Kolkata,Sunil Hitech Eng,398,8.7,3462.6,267.0,2322.8999999999996,1.3,3462.6,135.0,28,4,3,-0.8660254037844386,0.5000000000000001,0.5056179775280899,1,40.0,6.666666666666667,2.272125885509337,540.0,540.0,17.8
8,22.0,3.0,5.0,1.0,0,9,Ratnagiri,SJVN Ltd.,340,7.4,2516.0,266.7,1973.58,1.2748406449193852,2516.0,135.0,32,8,2,-1.0,-1.8369701987210297e-16,0.5061867266591676,1,39.0,6.5,2.128231705849268,1080.0,1080.0,22.224999999999998
7,20.0,3.0,10.0,1.0,0,6,Ratnagiri,Sterlite Power Transmission Ltd,374,7.4,2767.6,270.6,2002.4400000000003,1.3,2767.6,135.0,38,14,2,1.2246467991473532e-16,-1.0,0.4988913525498891,1,41.0,6.833333333333333,2.128231705849268,1890.0,1890.0,24.6
19,23.0,3.0,7.0,1.0,0,8,Vadodara,GE T&D India Limited,444,7.8,3463.2,300.3,2342.34,1.3,3463.2,135.0,32,8,2,-0.8660254037844385,-0.5000000000000004,0.44955044955044954,1,53.0,8.833333333333334,2.174751721484161,1080.0,1080.0,13.056521739130435
9,17.0,0.0,8.0,1.0,0,2,Noida,Ratnagiri Gas and Power Pvt. Ltd. (RGPPL),178,8.2,1459.6,120.3,986.4599999999999,1.3,1459.6,0.0,20,0,0,0.8660254037844386,0.5000000000000001,0.0,0,35.0,5.833333333333333,2.2192034840549946,0.0,0.0,12.03
8,22.0,3.0,5.0,1.0,0,5,Mumbai,CESC,372,9.2,3422.4,266.7,2453.64,1.3,3422.4,135.0,38,14,1,0.49999999999999994,-0.8660254037844387,0.5061867266591676,1,39.0,6.5,2.322387720290225,1890.0,1890.0,22.224999999999998
18,23.0,3.0,3.0,1.0,0,7,Ahmedabad,Guj Ind Power,394,7.9,3112.6000000000004,286.2,2260.98,1.3,3112.6000000000004,135.0,32,8,2,-0.4999999999999997,-0.8660254037844388,0.4716981132075472,1,48.0,8.0,2.186051276738094,1080.0,1080.0,13.009090909090908
11,22.0,2.0,18.0,1.0,0,2,Dahej,KEC International,398,7.6,3024.8,267.0,2029.1999999999998,1.3,3024.8,90.0,20,0,0,0.8660254037844386,0.5000000000000001,0.33707865168539325,0,54.0,9.0,2.151762203259462,0.0,0.0,19.071428571428573
8,21.0,3.0,4.0,7.0,0,3,Faridabad,Ratnagiri Gas and Power Pvt. Ltd. (RGPPL),388,8.1,3142.8,264.6,2143.26,1.3,3142.8,135.0,30,6,1,1.0,6.123233995736766e-17,0.5102040816326531,1,43.0,7.166666666666667,2.2082744135228043,810.0,810.0,22.05
5,20.0,2.0,3.0,1.0,0,6,Faridabad,JSW Energy Ltd.,204,8.1,1652.4,200.4,1623.24,1.0179640718562875,1652.4,90.0,38,14,2,1.2246467991473532e-16,-1.0,0.4491017964071856,1,31.0,5.166666666666667,2.2082744135228043,1260.0,1260.0,25.05
10,23.0,3.0,15.0,1.0,0,7,Nagpur,JSW Energy Ltd.,453,8.9,4031.7,305.4,2718.06,1.3,4031.7,135.0,32,8,2,-0.4999999999999997,-0.8660254037844388,0.4420432220039293,1,52.0,8.666666666666666,2.2925347571405443,1080.0,1080.0,21.814285714285713
5,20.0,3.0,9.0,1.0,0,7,Faridabad,Tata Power Company Ltd.,305,8.1,2470.5,263.4,2133.5399999999995,1.1579347000759304,2470.5,135.0,32,8,2,-0.4999999999999997,-0.8660254037844388,0.5125284738041003,1,38.0,6.333333333333333,2.2082744135228043,1080.0,1080.0,29.266666666666666
15,22.0,2.0,3.0,1.0,0,9,Shimla,Toshiba Transmission & Distribution Systems (India) Pvt. Ltd.,313,7.7,2410.1,230.4,1774.0800000000002,1.3,2410.1,90.0,32,8,2,-1.0,-1.8369701987210297e-16,0.390625,0,43.0,7.166666666666667,2.163323025660538,720.0,720.0,12.8
9,23.0,3.0,16.0,1.0,0,12,Shimla,Guj Ind Power,440,7.7,3388.0,306.3,2358.51,1.3,3388.0,135.0,20,0,0,-2.4492935982947064e-16,1.0,0.44074436826640545,1,52.0,8.666666666666666,2.163323025660538,0.0,0.0,23.56153846153846
10,23.0,3.0,9.0,1.0,0,8,Pune,KEC International,398,9.1,3621.8,287.4,2615.3399999999997,1.3,3621.8,135.0,32,8,2,-0.8660254037844385,-0.5000000000000004,0.4697286012526096,1,46.0,7.666666666666667,2.312535423847214,1080.0,1080.0,20.52857142857143
19,23.0,2.0,15.0,1.0,0,2,Kolkata,Orient Green,409,8.7,3558.3,279.3,2429.91,1.3,3558.3,90.0,20,0,0,0.8660254037844386,0.5000000000000001,0.32223415682062295,0,60.0,10.0,2.272125885509337,0.0,0.0,12.695454545454545
17,23.0,3.0,13.0,1.0,0,2,New Delhi,Sunil Hitech Eng,405,8.5,3442.5,314.1,2669.8500000000004,1.2893982808022921,3442.5,135.0,20,0,0,0.8660254037844386,0.5000000000000001,0.4297994269340974,1,57.0,9.5,2.2512917986064953,0.0,0.0,14.957142857142859
19,22.0,3.0,5.0,1.0,0,11,Shimla,Neueon Towers / Sujana Towers Ltd.,388,7.7,2987.6,289.8,2231.46,1.3,2987.6,135.0,28,4,3,-0.5000000000000004,0.8660254037844384,0.4658385093167702,1,50.0,8.333333333333334,2.163323025660538,540.0,540.0,12.6
18,23.0,2.0,3.0,1.0,0,2,Kolkata,Kalpataru Power,348,8.7,3027.6,241.2,2098.4399999999996,1.3,3027.6,90.0,20,0,0,0.8660254037844386,0.5000000000000001,0.373134328358209,0,47.0,7.833333333333333,2.272125885509337,0.0,0.0,11.485714285714286
6,17.0,1.0,8.0,1.0,0,6,Mumbai,L&T Transmission & Distribution,193,9.2,1775.6,159.0,1462.8,1.2138364779874213,1775.6,45.0,38,14,2,1.2246467991473532e-16,-1.0,0.2830188679245283,0,33.0,5.5,2.322387720290225,630.0,630.0,19.875
7,21.0,3.0,7.0,7.0,0,9,Mumbai,GE T&D India Limited,402,9.2,3698.4,271.5,2497.7999999999997,1.3,3698.4,135.0,32,8,2,-1.0,-1.8369701987210297e-16,0.4972375690607735,1,45.0,7.5,2.322387720290225,1080.0,1080.0,24.681818181818183
6,17.0,3.0,22.0,1.0,0,11,Chennai,Optibelt Power Transmission India Private Limited,412,8.8,3625.6,291.0,2560.8,1.3,3625.6,135.0,28,4,3,-0.5000000000000004,0.8660254037844384,0.4639175257731959,1,49.0,8.166666666666666,2.2823823856765264,540.0,540.0,29.1
12,22.0,3.0,3.0,1.0,0,4,Vadodara,Reliance Power,325,7.8,2535.0,269.1,2098.98,1.2077294685990339,2535.0,135.0,30,6,1,0.8660254037844387,-0.4999999999999998,0.5016722408026756,1,41.0,6.833333333333333,2.174751721484161,810.0,810.0,16.81875
18,23.0,3.0,6.0,1.0,0,3,Faridabad,Torrent Power Ltd.,432,8.1,3499.2,295.2,2391.12,1.3,3499.2,135.0,30,6,1,1.0,6.123233995736766e-17,0.4573170731707317,1,51.0,8.5,2.2082744135228043,810.0,810.0,13.418181818181818
17,23.0,2.0,5.0,1.0,0,4,Hyderabad,NLC India,355,8.4,2982.0,245.1,2058.84,1.3,2982.0,90.0,30,6,1,0.8660254037844387,-0.4999999999999998,0.36719706242350064,0,48.0,8.0,2.2407096892759584,540.0,540.0,12.254999999999999
5,17.0,3.0,10.0,1.0,0,9,Pune,Indowind Energy,306,9.1,2784.6,252.9,2301.39,1.209964412811388,2784.6,135.0,32,8,2,-1.0,-1.8369701987210297e-16,0.5338078291814946,1,36.0,6.0,2.312535423847214,1080.0,1080.0,28.1
5,23.0,3.0,9.0,1.0,0,11,Faridabad,Bonfiglioli Transmission Pvt. Ltd.,356,8.1,2883.6,276.9,2242.89,1.2856626941133984,2883.6,135.0,28,4,3,-0.5000000000000004,0.8660254037844384,0.48754062838569884,1,41.0,6.833333333333333,2.2082744135228043,540.0,540.0,30.766666666666666
15,22.0,2.0,9.0,1.0,0,11,Faridabad,NLC India,349,8.1,2826.9,248.4,2012.04,1.3,2826.9,90.0,28,4,3,-0.5000000000000004,0.8660254037844384,0.36231884057971014,0,49.0,8.166666666666666,2.2082744135228043,360.0,360.0,13.8
5,18.0,1.0,5.0,1.0,0,7,Pune,Unitech Power Transmission Ltd.,195,9.1,1774.5,152.4,1386.84,1.2795275590551183,1774.5,45.0,32,8,2,-0.4999999999999997,-0.8660254037844388,0.2952755905511811,0,30.0,5.0,2.312535423847214,360.0,360.0,21.771428571428572
9,23.0,3.0,9.0,1.0,0,6,Faridabad,Sunil Hitech Eng,374,8.1,3029.4,285.3,2310.93,1.3,3029.4,135.0,38,14,2,1.2246467991473532e-16,-1.0,0.47318611987381703,1,45.0,7.5,2.2082744135228043,1890.0,1890.0,21.946153846153848
8,21.0,3.0,11.0,1.0,0,8,Pune,Sunil Hitech Eng,385,9.1,3503.5,280.2,2549.8199999999997,1.3,3503.5,135.0,32,8,2,-0.8660254037844385,-0.5000000000000004,0.48179871520342615,1,44.0,7.333333333333333,2.312535423847214,1080.0,1080.0,23.349999999999998
6,20.0,3.0,22.0,1.0,0,9,Chennai,JSW Energy Ltd.,422,8.8,3713.6,304.5,2679.6000000000004,1.3,3713.6,135.0,32,8,2,-1.0,-1.8369701987210297e-16,0.4433497536945813,1,52.0,8.666666666666666,2.2823823856765264,1080.0,1080.0,30.45
11,23.0,3.0,10.0,1.0,0,8,Faridabad,Jaiprakash Power,400,8.1,3240.0,292.5,2369.25,1.3,3240.0,135.0,32,8,2,-0.8660254037844385,-0.5000000000000004,0.46153846153846156,1,48.0,8.0,2.2082744135228043,1080.0,1080.0,19.5
6,18.0,2.0,9.0,1.0,0,5,New Delhi,Unitech Power Transmission Ltd.,277,8.5,2354.5,211.5,1797.75,1.3,2354.5,90.0,38,14,1,0.49999999999999994,-0.8660254037844387,0.425531914893617,1,36.0,6.0,2.2512917986064953,1260.0,1260.0,23.5
6,18.0,3.0,6.0,1.0,0,1,Noida,Neueon Towers / Sujana Towers Ltd.,289,8.2,2369.8,247.5,2029.4999999999998,1.1676767676767679,2369.8,135.0,20,0,0,0.49999999999999994,0.8660254037844387,0.5454545454545454,1,34.0,5.666666666666667,2.2192034840549946,0.0,0.0,24.75
14,22.0,2.0,11.0,1.0,0,11,Pune,Orient Green,377,9.1,3430.7,252.3,2295.93,1.3,3430.7,90.0,28,4,3,-0.5000000000000004,0.8660254037844384,0.356718192627824,0,50.0,8.333333333333334,2.312535423847214,360.0,360.0,14.841176470588236
8,17.0,3.0,10.0,1.0,0,2,Hyderabad,Orient Green,244,8.4,2049.6,259.2,2177.28,0.9413580246913579,2049.6,135.0,20,0,0,0.8660254037844386,0.5000000000000001,0.5208333333333334,1,39.0,6.5,2.2407096892759584,0.0,0.0,21.599999999999998
7,17.0,2.0,11.0,1.0,0,9,Hyderabad,Jaiprakash Power,268,8.4,2251.2000000000003,215.1,1806.84,1.2459321245932127,2251.2000000000003,90.0,32,8,2,-1.0,-1.8369701987210297e-16,0.4184100418410042,1,38.0,6.333333333333333,2.2407096892759584,720.0,720.0,21.509999999999998
7,17.0,2.0,20.0,1.0,0,6,Noida,Sunil Hitech Eng,325,8.2,2664.9999999999995,242.1,1985.2199999999998,1.3,2664.9999999999995,90.0,38,14,2,1.2246467991473532e-16,-1.0,0.3717472118959108,0,47.0,7.833333333333333,2.2192034840549946,1260.0,1260.0,24.21
10,20.0,2.0,3.0,1.0,0,3,Faridabad,Sterlite Power Transmission Ltd,280,8.1,2268.0,210.9,1708.29,1.3,2268.0,90.0,30,6,1,1.0,6.123233995736766e-17,0.4267425320056899,1,36.0,6.0,2.2082744135228043,540.0,540.0,16.223076923076924
20,23.0,3.0,4.0,1.0,0,10,Navi Mumbai,NLC India,428,9.3,3980.4,293.4,2728.62,1.3,3980.4,135.0,28,4,3,-0.8660254037844386,0.5000000000000001,0.4601226993865031,1,51.0,8.5,2.33214389523559,540.0,540.0,12.225
7,17.0,3.0,3.0,1.0,0,9,Shimla,Bonfiglioli Transmission Pvt. Ltd.,326,7.7,2510.2000000000003,236.1,1817.97,1.3,2510.2000000000003,135.0,32,8,2,-1.0,-1.8369701987210297e-16,0.5717916137229987,1,31.0,5.166666666666667,2.163323025660538,1080.0,1080.0,21.463636363636365
9,22.0,3.0,8.0,1.0,0,5,Navi Mumbai,Jaiprakash Power,410,9.3,3813.000000000001,277.8,2583.5400000000004,1.3,3813.000000000001,135.0,38,14,1,0.49999999999999994,-0.8660254037844387,0.48596112311015116,1,43.0,7.166666666666667,2.33214389523559,1890.0,1890.0,21.36923076923077
22,23.0,2.0,4.0,1.0,0,12,Noida,GE T&D India Limited,377,8.2,3091.4,252.6,2071.3199999999997,1.3,3091.4,90.0,20,0,0,-2.4492935982947064e-16,1.0,0.35629453681710216,0,52.0,8.666666666666666,2.2192034840549946,0.0,0.0,10.104
20,22.0,3.0,5.0,1.0,0,1,Shimla,L&T Transmission & Distribution,434,7.7,3341.8,291.9,2247.6299999999997,1.3,3341.8,135.0,20,0,0,0.49999999999999994,0.8660254037844387,0.4624871531346352,1,51.0,8.5,2.163323025660538,0.0,0.0,12.1625
8,17.0,2.0,7.0,1.0,0,4,Gurgaon,Sterlite Power Transmission Ltd,227,8.3,1884.1,205.2,1703.16,1.1062378167641325,1884.1,90.0,30,6,1,0.8660254037844387,-0.4999999999999998,0.4385964912280702,1,35.0,5.833333333333333,2.2300144001592104,540.0,540.0,18.654545454545453
18,22.0,3.0,16.0,1.0,0,2,Nagpur,KEC International,474,8.9,4218.6,320.7,2854.23,1.3,4218.6,135.0,20,0,0,0.8660254037844386,0.5000000000000001,0.42095416276894293,1,60.0,10.0,2.2925347571405443,0.0,0.0,14.577272727272726
9,17.0,3.0,6.0,1.0,0,5,Gurgaon,L&T Transmission & Distribution,307,8.3,2548.1000000000004,249.3,2069.19,1.2314480545527478,2548.1000000000004,135.0,38,14,1,0.49999999999999994,-0.8660254037844387,0.5415162454873645,1,36.0,6.0,2.2300144001592104,1890.0,1890.0,19.176923076923078
13,23.0,3.0,7.0,1.0,0,7,Mumbai,Kalpataru Power,403,9.2,3707.6,287.7,2646.8399999999997,1.3,3707.6,135.0,32,8,2,-0.4999999999999997,-0.8660254037844388,0.46923879040667366,1,47.0,7.833333333333333,2.322387720290225,1080.0,1080.0,16.923529411764704
14,22.0,3.0,3.0,1.0,0,11,Navi Mumbai,Jyoti Structure,375,9.3,3487.5000000000005,273.3,2541.6900000000005,1.3,3487.5000000000005,135.0,28,4,3,-0.5000000000000004,0.8660254037844384,0.49396267837541163,1,43.0,7.166666666666667,2.33214389523559,540.0,540.0,15.183333333333334
19,22.0,2.0,9.0,1.0,0,2,Gurgaon,Power Grid Corp,354,8.3,2938.2000000000003,256.8,2131.44,1.3,2938.2000000000003,90.0,20,0,0,0.8660254037844386,0.5000000000000001,0.35046728971962615,0,53.0,8.833333333333334,2.2300144001592104,0.0,0.0,11.672727272727274
7,22.0,2.0,5.0,1.0,0,12,Nagpur,Power Grid Corp,314,8.9,2794.6,219.6,1954.44,1.3,2794.6,90.0,20,0,0,-2.4492935982947064e-16,1.0,0.4098360655737705,1,37.0,6.166666666666667,2.2925347571405443,0.0,0.0,21.96
5,18.0,3.0,7.0,1.0,0,1,Navi Mumbai,L&T Transmission & Distribution,270,9.3,2511.0,248.4,2310.1200000000003,1.0869565217391304,2511.0,135.0,20,0,0,0.49999999999999994,0.8660254037844387,0.5434782608695652,1,34.0,5.666666666666667,2.33214389523559,0.0,0.0,27.6
9,20.0,3.0,9.0,1.0,0,6,New Delhi,Orient Green,375,8.5,3187.5,271.8,2310.3,1.3,3187.5,135.0,38,14,2,1.2246467991473532e-16,-1.0,0.4966887417218543,1,42.0,7.0,2.2512917986064953,1890.0,1890.0,20.907692307692308
9,18.0,3.0,7.0,1.0,0,10,Mumbai,Unitech Power Transmission Ltd.,282,9.2,2594.4,256.8,2362.56,1.0981308411214954,2594.4,135.0,28,4,3,-0.8660254037844386,0.5000000000000001,0.5257009345794392,1,38.0,6.333333333333333,2.322387720290225,540.0,540.0,19.753846153846155
8,17.0,3.0,16.0,1.0,0,4,Nagpur,Toshiba Transmission & Distribution Systems (India) Pvt. Ltd.,389,8.9,3462.1000000000004,277.2,2467.08,1.3,3462.1000000000004,135.0,30,6,1,0.8660254037844387,-0.4999999999999998,0.487012987012987,1,45.0,7.5,2.2925347571405443,810.0,810.0,23.099999999999998
12,22.0,3.0,16.0,1.0,0,9,Chennai,Jaiprakash Power,456,8.8,4012.8,308.1,2711.28,1.3,4012.8,135.0,32,8,2,-1.0,-1.8369701987210297e-16,0.43816942551119764,1,54.0,9.0,2.2823823856765264,1080.0,1080.0,19.25625
7,19.0,3.0,11.0,1.0,0,6,Gurgaon,Reliance Energy,334,8.3,2772.2000000000003,269.1,2233.53,1.2411742846525455,2772.2000000000003,135.0,38,14,2,1.2246467991473532e-16,-1.0,0.5016722408026756,1,41.0,6.833333333333333,2.2300144001592104,1890.0,1890.0,24.463636363636365
21,22.0,2.0,5.0,1.0,0,2,Noida,Bonfiglioli Transmission Pvt. Ltd.,342,8.2,2804.4,249.0,2041.7999999999997,1.3,2804.4,90.0,20,0,0,0.8660254037844386,0.5000000000000001,0.3614457831325301,0,51.0,8.5,2.2192034840549946,0.0,0.0,10.375
10,17.0,2.0,12.0,1.0,0,4,Ahmedabad,Ratnagiri Gas and Power Pvt. Ltd. (RGPPL),314,7.9,2480.6,224.4,1772.7600000000002,1.3,2480.6,90.0,30,6,1,0.8660254037844387,-0.4999999999999998,0.40106951871657753,1,42.0,7.0,2.186051276738094,540.0,540.0,17.26153846153846
8,23.0,3.0,13.0,7.0,0,2,Ahmedabad,NHPC,395,7.9,3120.5,300.6,2374.7400000000002,1.3,3120.5,135.0,20,0,0,0.8660254037844386,0.5000000000000001,0.4491017964071856,1,54.0,9.0,2.186051276738094,0.0,0.0,25.05
5,23.0,3.0,5.0,1.0,0,11,New Delhi,NTPC Pvt. Ltd.,387,8.5,3289.5,264.9,2251.6499999999996,1.3,3289.5,135.0,28,4,3,-0.5000000000000004,0.8660254037844384,0.5096262740656852,1,37.0,6.166666666666667,2.2512917986064953,540.0,540.0,29.43333333333333
8,17.0,1.0,11.0,1.0,0,2,Gurgaon,NTPC Pvt. Ltd.,202,8.3,1676.6,172.2,1429.26,1.173054587688734,1676.6,45.0,20,0,0,0.8660254037844386,0.5000000000000001,0.2613240418118467,0,38.0,6.333333333333333,2.2300144001592104,0.0,0.0,17.22
9,17.0,3.0,10.0,1.0,0,4,Dahej,Optibelt Power Transmission India Private Limited,287,7.6,2181.2,261.3,1985.8799999999999,1.0983543819364714,2181.2,135.0,30,6,1,0.8660254037844387,-0.4999999999999998,0.5166475315729047,1,40.0,6.666666666666667,2.151762203259462,810.0,810.0,20.1
11,22.0,3.0,4.0,12.0,0,2,Ratnagiri,Reliance Energy,369,7.4,2730.6,279.9,2071.2599999999998,1.3,2730.6,135.0,20,0,0,0.8660254037844386,0.5000000000000001,0.482315112540193,1,52.0,8.666666666666666,2.128231705849268,0.0,0.0,18.66
18,22.0,3.0,8.0,1.0,0,6,Pune,SJVN Ltd.,442,9.1,4022.2,296.7,2699.97,1.3,4022.2,135.0,38,14,2,1.2246467991473532e-16,-1.0,0.45500505561172905,1,52.0,8.666666666666666,2.312535423847214,1890.0,1890.0,13.486363636363636
19,22.0,3.0,12.0,1.0,0,2,Ahmedabad,CESC,410,7.9,3239.0,310.8,2455.32,1.3,3239.0,135.0,20,0,0,0.8660254037844386,0.5000000000000001,0.4343629343629343,1,57.0,9.5,2.186051276738094,0.0,0.0,13.51304347826087
6,19.0,2.0,6.0,1.0,0,12,Navi Mumbai,KEC International,302,9.3,2808.6000000000004,207.0,1925.1000000000001,1.3,2808.6000000000004,90.0,20,0,0,-2.4492935982947064e-16,1.0,0.43478260869565216,1,34.0,5.666666666666667,2.33214389523559,0.0,0.0,23.0
5,17.0,3.0,12.0,7.0,0,4,Ratnagiri,Optibelt Power Transmission India Private Limited,329,7.4,2434.6,264.3,1955.8200000000002,1.2447975785092695,2434.6,135.0,30,6,1,0.8660254037844387,-0.4999999999999998,0.510783200908059,1,44.0,7.333333333333333,2.128231705849268,810.0,810.0,29.366666666666667
8,20.0,2.0,9.0,1.0,0,6,Ahmedabad,Optibelt Power Transmission India Private Limited,311,7.9,2456.9,224.7,1775.1299999999999,1.3,2456.9,90.0,38,14,2,1.2246467991473532e-16,-1.0,0.4005340453938585,1,40.0,6.666666666666667,2.186051276738094,1260.0,1260.0,20.427272727272726
9,17.0,2.0,18.0,1.0,0,12,Shimla,Tata Power Company Ltd.,344,7.7,2648.8,240.3,1850.3100000000002,1.3,2648.8,90.0,20,0,0,-2.4492935982947064e-16,1.0,0.3745318352059925,0,47.0,7.833333333333333,2.163323025660538,0.0,0.0,20.025000000000002
6,21.0,3.0,7.0,1.0,0,12,Noida,Jyoti Structure,317,8.2,2599.4,264.0,2164.7999999999997,1.200757575757576,2599.4,135.0,20,0,0,-2.4492935982947064e-16,1.0,0.5113636363636364,1,38.0,6.333333333333333,2.2192034840549946,0.0,0.0,26.4
7,18.0,1.0,8.0,1.0,0,7,Dahej,NTPC Pvt. Ltd.,221,7.6,1679.6,165.6,1258.56,1.3,1679.6,45.0,32,8,2,-0.4999999999999997,-0.8660254037844388,0.2717391304347826,0,35.0,5.833333333333333,2.151762203259462,360.0,360.0,18.4
19,22.0,3.0,4.0,1.0,0,2,Chennai,Ratnagiri Gas and Power Pvt. Ltd. (RGPPL),325,8.8,2860.0000000000005,286.8,2523.84,1.1331938633193865,2860.0000000000005,135.0,20,0,0,0.8660254037844386,0.5000000000000001,0.4707112970711297,1,49.0,8.166666666666666,2.2823823856765264,0.0,0.0,12.469565217391304
20,22.0,3.0,6.0,1.0,0,8,Mumbai,Reliance Power,423,9.2,3891.6,294.9,2713.0799999999995,1.3,3891.6,135.0,32,8,2,-0.8660254037844385,-0.5000000000000004,0.45778229908443546,1,52.0,8.666666666666666,2.322387720290225,1080.0,1080.0,12.2875
6,18.0,2.0,10.0,1.0,0,7,Pune,Bonfiglioli Transmission Pvt. Ltd.,286,9.1,2602.6,214.5,1951.9499999999998,1.3,2602.6,90.0,32,8,2,-0.4999999999999997,-0.8660254037844388,0.4195804195804196,1,37.0,6.166666666666667,2.312535423847214,720.0,720.0,23.833333333333332
12,22.0,2.0,3.0,1.0,0,2,Pune,Guj Ind Power,326,9.1,2966.6,224.1,2039.31,1.3,2966.6,90.0,20,0,0,0.8660254037844386,0.5000000000000001,0.40160642570281124,1,40.0,6.666666666666667,2.312535423847214,0.0,0.0,14.94
17,23.0,3.0,3.0,1.0,0,12,Dahej,Adani Power Ltd.,387,7.6,2941.2,284.1,2159.16,1.3,2941.2,135.0,20,0,0,-2.4492935982947064e-16,1.0,0.4751847940865892,1,47.0,7.833333333333333,2.151762203259462,0.0,0.0,13.52857142857143
7,22.0,3.0,3.0,1.0,0,5,Navi Mumbai,Unitech Power Transmission Ltd.,368,9.3,3422.4,258.6,2404.9800000000005,1.3,3422.4,135.0,38,14,1,0.49999999999999994,-0.8660254037844387,0.5220417633410672,1,36.0,6.0,2.33214389523559,1890.0,1890.0,23.50909090909091
6,21.0,3.0,11.0,1.0,0,2,Mumbai,JSW Energy Ltd.,324,9.2,2980.8,276.0,2539.2,1.173913043478261,2980.8,135.0,20,0,0,0.8660254037844386,0.5000000000000001,0.4891304347826087,1,42.0,7.0,2.322387720290225,0.0,0.0,27.6
11,23.0,3.0,14.0,1.0,0,11,Ahmedabad,L&T Transmission & Distribution,456,7.9,3602.4,304.5,2405.55,1.3,3602.4,135.0,28,4,3,-0.5000000000000004,0.8660254037844384,0.4433497536945813,1,52.0,8.666666666666666,2.186051276738094,540.0,540.0,20.3
5,18.0,3.0,10.0,1.0,0,6,Navi Mumbai,Sterlite Power Transmission Ltd,375,9.3,3487.5000000000005,257.4,2393.82,1.3,3487.5000000000005,135.0,38,14,2,1.2246467991473532e-16,-1.0,0.5244755244755245,1,37.0,6.166666666666667,2.33214389523559,1890.0,1890.0,28.599999999999998
7,20.0,3.0,7.0,1.0,0,6,Mumbai,Orient Green,385,9.2,3541.9999999999995,261.6,2406.72,1.3,3541.9999999999995,135.0,38,14,2,1.2246467991473532e-16,-1.0,0.5160550458715596,1,38.0,6.333333333333333,2.322387720290225,1890.0,1890.0,23.781818181818185
9,18.0,3.0,4.0,1.0,0,8,Gurgaon,L&T Transmission & Distribution,345,8.3,2863.5000000000005,247.8,2056.7400000000002,1.3,2863.5000000000005,135.0,32,8,2,-0.8660254037844385,-0.5000000000000004,0.5447941888619855,1,35.0,5.833333333333333,2.2300144001592104,1080.0,1080.0,19.06153846153846
10,18.0,1.0,13.0,1.0,0,9,Hyderabad,Kalpataru Power,278,8.4,2335.2000000000003,186.9,1569.96,1.3,2335.2000000000003,45.0,32,8,2,-1.0,-1.8369701987210297e-16,0.2407704654895666,0,43.0,7.166666666666667,2.2407096892759584,360.0,360.0,15.575000000000001
8,20.0,3.0,13.0,1.0,0,11,New Delhi,KEC International,398,8.5,3383.0,281.7,2394.45,1.3,3383.0,135.0,28,4,3,-0.5000000000000004,0.8660254037844384,0.4792332268370607,1,45.0,7.5,2.2512917986064953,540.0,540.0,23.474999999999998
20,22.0,3.0,11.0,1.0,0,10,Shimla,TransRail Lighting,463,7.7,3565.1,309.9,2386.23,1.3,3565.1,135.0,28,4,3,-0.8660254037844386,0.5000000000000001,0.43562439496611816,1,57.0,9.5,2.163323025660538,540.0,540.0,12.9125
9,21.0,3.0,15.0,1.0,0,12,Shimla,Neueon Towers / Sujana Towers Ltd.,407,7.7,3133.9,294.3,2266.11,1.3,3133.9,135.0,20,0,0,-2.4492935982947064e-16,1.0,0.4587155963302752,1,49.0,8.166666666666666,2.163323025660538,0.0,0.0,22.638461538461538
9,18.0,1.0,5.0,1.0,0,3,Ratnagiri,Unitech Power Transmission Ltd.,230,7.4,1702.0,160.8,1189.92,1.3,1702.0,45.0,30,6,1,1.0,6.123233995736766e-17,0.2798507462686567,0,34.0,5.666666666666667,2.128231705849268,270.0,270.0,14.618181818181819
12,23.0,3.0,6.0,1.0,0,6,Navi Mumbai,Sterlite Power Transmission Ltd,385,9.3,3580.5000000000005,282.6,2628.1800000000003,1.3,3580.5000000000005,135.0,38,14,2,1.2246467991473532e-16,-1.0,0.4777070063694267,1,45.0,7.5,2.33214389523559,1890.0,1890.0,17.6625
11,22.0,3.0,8.0,1.0,0,4,Mumbai,"Maha Transco – Maharashtra State Electricity Transmission Co, Ltd.",348,9.2,3201.6,282.0,2594.3999999999996,1.2340425531914896,3201.6,135.0,30,6,1,0.8660254037844387,-0.4999999999999998,0.4787234042553192,1,45.0,7.5,2.322387720290225,810.0,810.0,18.8
5,18.0,3.0,7.0,1.0,0,12,Mumbai,GE T&D India Limited,368,9.2,3385.6,248.4,2285.2799999999997,1.3,3385.6,135.0,20,0,0,-2.4492935982947064e-16,1.0,0.5434782608695652,1,34.0,5.666666666666667,2.322387720290225,0.0,0.0,27.6
8,17.0,3.0,21.0,1.0,0,7,Hyderabad,"Maha Transco – Maharashtra State Electricity Transmission Co, Ltd.",434,8.4,3645.6,292.2,2454.48,1.3,3645.6,135.0,32,8,2,-0.4999999999999997,-0.8660254037844388,0.4620123203285421,1,50.0,8.333333333333334,2.2407096892759584,1080.0,1080.0,24.349999999999998
15,22.0,1.0,6.0,1.0,0,2,Chennai,Bonfiglioli Transmission Pvt. Ltd.,289,8.8,2543.2000000000003,194.4,1710.7200000000003,1.3,2543.2000000000003,45.0,20,0,0,0.8660254037844386,0.5000000000000001,0.23148148148148148,0,45.0,7.5,2.2823823856765264,0.0,0.0,11.435294117647059
5,22.0,3.0,20.0,1.0,0,5,Faridabad,Ratnagiri Gas and Power Pvt. Ltd. (RGPPL),448,8.1,3628.8,305.4,2473.74,1.3,3628.8,135.0,38,14,1,0.49999999999999994,-0.8660254037844387,0.4420432220039293,1,51.0,8.5,2.2082744135228043,1890.0,1890.0,33.93333333333333
5,19.0,3.0,17.0,1.0,0,2,Ahmedabad,Neueon Towers / Sujana Towers Ltd.,309,7.9,2441.1,282.9,2234.91,1.0922587486744433,2441.1,135.0,20,0,0,0.8660254037844386,0.5000000000000001,0.47720042417815484,1,45.0,7.5,2.186051276738094,0.0,0.0,31.43333333333333
8,18.0,3.0,7.0,1.0,0,10,Hyderabad,TransRail Lighting,338,8.4,2839.2000000000003,254.7,2139.48,1.3,2839.2000000000003,135.0,28,4,3,-0.8660254037844386,0.5000000000000001,0.5300353356890459,1,37.0,6.166666666666667,2.2407096892759584,540.0,540.0,21.224999999999998
13,22.0,3.0,19.0,1.0,0,2,Hyderabad,TransRail Lighting,478,8.4,4015.2,319.2,2681.28,1.3,4015.2,135.0,20,0,0,0.8660254037844386,0.5000000000000001,0.42293233082706766,1,58.0,9.666666666666666,2.2407096892759584,0.0,0.0,18.776470588235295
11,22.0,3.0,12.0,1.0,0,2,Noida,JSW Energy Ltd.,406,8.2,3329.2,294.0,2410.7999999999997,1.3,3329.2,135.0,20,0,0,0.8660254037844386,0.5000000000000001,0.45918367346938777,1,49.0,8.166666666666666,2.2192034840549946,0.0,0.0,19.6
7,18.0,1.0,7.0,1.0,0,4,New Delhi,GE T&D India Limited,223,8.5,1895.5,162.6,1382.1,1.3,1895.5,45.0,30,6,1,0.8660254037844387,-0.4999999999999998,0.2767527675276753,0,34.0,5.666666666666667,2.2512917986064953,270.0,270.0,18.066666666666666
6,19.0,3.0,7.0,1.0,0,2,Pune,Sunil Hitech Eng,312,9.1,2839.2,255.0,2320.5,1.2235294117647058,2839.2,135.0,20,0,0,0.8660254037844386,0.5000000000000001,0.5294117647058824,1,36.0,6.0,2.312535423847214,0.0,0.0,25.5
15,22.0,2.0,5.0,1.0,0,2,Faridabad,Unitech Power Transmission Ltd.,310,8.1,2511.0,236.4,1914.84,1.3,2511.0,90.0,20,0,0,0.8660254037844386,0.5000000000000001,0.38071065989847713,0,45.0,7.5,2.2082744135228043,0.0,0.0,13.133333333333333
10,21.0,3.0,4.0,7.0,0,9,Nagpur,Power Grid Corp,382,8.9,3399.8,268.8,2392.32,1.3,3399.8,135.0,32,8,2,-1.0,-1.8369701987210297e-16,0.5022321428571428,1,45.0,7.5,2.2925347571405443,1080.0,1080.0,19.2
6,19.0,2.0,15.0,1.0,0,9,Faridabad,KEC International,317,8.1,2567.7,234.0,1895.3999999999999,1.3,2567.7,90.0,32,8,2,-1.0,-1.8369701987210297e-16,0.38461538461538464,0,43.0,7.166666666666667,2.2082744135228043,720.0,720.0,26.0
13,22.0,3.0,3.0,1.0,0,6,Faridabad,GE T&D India Limited,401,8.1,3248.1,271.2,2196.72,1.3,3248.1,135.0,38,14,2,1.2246467991473532e-16,-1.0,0.497787610619469,1,42.0,7.0,2.2082744135228043,1890.0,1890.0,15.952941176470588
13,22.0,3.0,11.0,1.0,0,2,Shimla,Jyoti Structure,434,7.7,3341.8,295.2,2273.04,1.3,3341.8,135.0,20,0,0,0.8660254037844386,0.5000000000000001,0.4573170731707317,1,50.0,8.333333333333334,2.163323025660538,0.0,0.0,17.36470588235294
14,23.0,2.0,6.0,1.0,0,5,Shimla,KEC International,358,7.7,2756.6,241.8,1861.8600000000001,1.3,2756.6,90.0,38,14,1,0.49999999999999994,-0.8660254037844387,0.3722084367245657,0,46.0,7.666666666666667,2.163323025660538,1260.0,1260.0,14.223529411764707
8,18.0,3.0,8.0,1.0,0,8,Hyderabad,TransRail Lighting,303,8.4,2545.2000000000003,257.7,2164.68,1.1757857974388826,2545.2000000000003,135.0,32,8,2,-0.8660254037844385,-0.5000000000000004,0.5238649592549476,1,38.0,6.333333333333333,2.2407096892759584,1080.0,1080.0,21.474999999999998
14,23.0,3.0,5.0,1.0,0,1,Navi Mumbai,Toshiba Transmission & Distribution Systems (India) Pvt. Ltd.,370,9.3,3441.0000000000005,283.8,2639.34,1.3,3441.0000000000005,135.0,20,0,0,0.49999999999999994,0.8660254037844387,0.47568710359408034,1,46.0,7.666666666666667,2.33214389523559,0.0,0.0,15.766666666666667
20,23.0,3.0,10.0,1.0,0,6,Noida,Jyoti Structure,446,8.2,3657.2,311.4,2553.4799999999996,1.3,3657.2,135.0,38,14,2,1.2246467991473532e-16,-1.0,0.43352601156069365,1,57.0,9.5,2.2192034840549946,1890.0,1890.0,12.975
10,18.0,3.0,21.0,1.0,0,2,Navi Mumbai,Neueon Towers / Sujana Towers Ltd.,401,9.3,3729.3,300.9,2798.37,1.3,3729.3,135.0,20,0,0,0.8660254037844386,0.5000000000000001,0.448654037886341,1,53.0,8.833333333333334,2.33214389523559,0.0,0.0,21.49285714285714
23,22.0,3.0,8.0,1.0,0,2,Faridabad,Orient Green,406,8.1,3288.6,307.2,2488.3199999999997,1.3,3288.6,135.0,20,0,0,0.8660254037844386,0.5000000000000001,0.439453125,1,57.0,9.5,2.2082744135228043,0.0,0.0,11.377777777777778
14,23.0,3.0,4.0,1.0,0,2,Noida,Reliance Energy,367,8.2,3009.4,280.8,2302.56,1.3,3009.4,135.0,20,0,0,0.8660254037844386,0.5000000000000001,0.4807692307692307,1,45.0,7.5,2.2192034840549946,0.0,0.0,15.600000000000001
8,20.0,3.0,9.0,1.0,0,4,Dahej,Jyoti Structure,350,7.6,2660.0,269.7,2049.72,1.2977382276603635,2660.0,135.0,30,6,1,0.8660254037844387,-0.4999999999999998,0.5005561735261401,1,41.0,6.833333333333333,2.151762203259462,810.0,810.0,22.474999999999998
13,22.0,3.0,6.0,1.0,0,9,Ratnagiri,Jaiprakash Power,379,7.4,2804.6,280.2,2073.48,1.3,2804.6,135.0,32,8,2,-1.0,-1.8369701987210297e-16,0.48179871520342615,1,45.0,7.5,2.128231705849268,1080.0,1080.0,16.48235294117647
9,18.0,3.0,12.0,1.0,0,8,Mumbai,Torrent Power Ltd.,355,9.2,3265.9999999999995,271.8,2500.56,1.3,3265.9999999999995,135.0,32,8,2,-0.8660254037844385,-0.5000000000000004,0.4966887417218543,1,43.0,7.166666666666667,2.322387720290225,1080.0,1080.0,20.907692307692308
11,23.0,3.0,14.0,1.0,0,6,Gurgaon,Jaiprakash Power,439,8.3,3643.7,304.5,2527.3500000000004,1.3,3643.7,135.0,38,14,2,1.2246467991473532e-16,-1.0,0.4433497536945813,1,52.0,8.666666666666666,2.2300144001592104,1890.0,1890.0,20.3
7,19.0,2.0,8.0,1.0,0,8,Chennai,L&T Transmission & Distribution,287,8.8,2525.6000000000004,215.1,1892.88,1.3,2525.6000000000004,90.0,32,8,2,-0.8660254037844385,-0.5000000000000004,0.4184100418410042,1,37.0,6.166666666666667,2.2823823856765264,720.0,720.0,21.509999999999998
8,20.0,3.0,11.0,1.0,0,1,Ratnagiri,Sterlite Power Transmission Ltd,379,7.4,2804.6,275.7,2040.18,1.3,2804.6,135.0,20,0,0,0.49999999999999994,0.8660254037844387,0.4896626768226333,1,43.0,7.166666666666667,2.128231705849268,0.0,0.0,22.974999999999998
15,23.0,2.0,8.0,1.0,0,2,Hyderabad,JSW Energy Ltd.,357,8.4,2998.8,249.9,2099.1600000000003,1.3,2998.8,90.0,20,0,0,0.8660254037844386,0.5000000000000001,0.3601440576230492,0,49.0,8.166666666666666,2.2407096892759584,0.0,0.0,13.883333333333333
8,21.0,3.0,10.0,1.0,0,8,Hyderabad,Reliance Energy,367,8.4,3082.8,277.2,2328.48,1.3,3082.8,135.0,32,8,2,-0.8660254037844385,-0.5000000000000004,0.487012987012987,1,43.0,7.166666666666667,2.2407096892759584,1080.0,1080.0,23.099999999999998
6,19.0,2.0,3.0,1.0,0,9,Shimla,SJVN Ltd.,213,7.7,1640.1,198.0,1524.6000000000001,1.0757575757575757,1640.1,90.0,32,8,2,-1.0,-1.8369701987210297e-16,0.45454545454545453,1,31.0,5.166666666666667,2.163323025660538,720.0,720.0,22.0
6,22.0,2.0,6.0,1.0,0,10,Dahej,Tata Power Company Ltd.,325,7.6,2470.0,220.5,1675.8,1.3,2470.0,90.0,28,4,3,-0.8660254037844386,0.5000000000000001,0.40816326530612246,1,37.0,6.166666666666667,2.151762203259462,360.0,360.0,24.5
12,23.0,2.0,12.0,1.0,0,2,Hyderabad,Ringfeder Power Transmission India Pvt. Ltd.,380,8.4,3192.0,255.6,2147.04,1.3,3192.0,90.0,20,0,0,0.8660254037844386,0.5000000000000001,0.35211267605633806,0,50.0,8.333333333333334,2.2407096892759584,0.0,0.0,17.04
7,17.0,2.0,18.0,1.0,0,4,Mumbai,Sunil Hitech Eng,328,9.2,3017.6,236.1,2172.12,1.3,3017.6,90.0,30,6,1,0.8660254037844387,-0.4999999999999998,0.3811944091486658,0,45.0,7.5,2.322387720290225,540.0,540.0,23.61
5,17.0,3.0,14.0,7.0,0,1,Vadodara,NTPC Pvt. Ltd.,374,7.8,2917.2,270.3,2108.34,1.3,2917.2,135.0,20,0,0,0.49999999999999994,0.8660254037844387,0.49944506104328523,1,46.0,7.666666666666667,2.174751721484161,0.0,0.0,30.033333333333335
9,21.0,2.0,19.0,1.0,0,2,Ratnagiri,Sterlite Power Transmission Ltd,381,7.4,2819.4,261.3,1933.6200000000001,1.3,2819.4,90.0,20,0,0,0.8660254037844386,0.5000000000000001,0.3444316877152698,0,52.0,8.666666666666666,2.128231705849268,0.0,0.0,21.775000000000002
9,17.0,3.0,15.0,1.0,0,2,Kolkata,Guj Ind Power,292,8.7,2540.4,276.3,2403.81,1.056822294607311,2540.4,135.0,20,0,0,0.8660254037844386,0.5000000000000001,0.48859934853420195,1,45.0,7.5,2.272125885509337,0.0,0.0,21.253846153846155
20,22.0,3.0,20.0,1.0,0,2,Shimla,Adani Power Ltd.,471,7.7,3626.7,336.9,2594.13,1.3,3626.7,135.0,20,0,0,0.8660254037844386,0.5000000000000001,0.40071237756010686,1,66.0,11.0,2.163323025660538,0.0,0.0,14.0375
7,23.0,3.0,6.0,1.0,0,10,Chennai,Tata Power Company Ltd.,399,8.8,3511.2000000000003,272.1,2394.4800000000005,1.3,3511.2000000000003,135.0,28,4,3,-0.8660254037844386,0.5000000000000001,0.496141124586549,1,40.0,6.666666666666667,2.2823823856765264,540.0,540.0,24.736363636363638
21,22.0,3.0,14.0,1.0,0,2,Vadodara,Unitech Power Transmission Ltd.,418,7.8,3260.4,321.0,2503.7999999999997,1.3,3260.4,135.0,20,0,0,0.8660254037844386,0.5000000000000001,0.4205607476635514,1,61.0,10.166666666666666,2.174751721484161,0.0,0.0,12.84
6,19.0,2.0,5.0,1.0,0,9,Vadodara,Optibelt Power Transmission India Private Limited,215,7.8,1677.0,204.0,1591.2,1.053921568627451,1677.0,90.0,32,8,2,-1.0,-1.8369701987210297e-16,0.4411764705882353,1,33.0,5.5,2.174751721484161,720.0,720.0,22.666666666666668
18,22.0,3.0,6.0,1.0,0,7,Pune,Sterlite Power Transmission Ltd,405,9.1,3685.5,290.7,2645.37,1.3,3685.5,135.0,32,8,2,-0.4999999999999997,-0.8660254037844388,0.4643962848297214,1,50.0,8.333333333333334,2.312535423847214,1080.0,1080.0,13.213636363636363
15,23.0,1.0,10.0,1.0,0,2,New Delhi,Optibelt Power Transmission India Private Limited,311,8.5,2643.5,210.9,1792.65,1.3,2643.5,45.0,20,0,0,0.8660254037844386,0.5000000000000001,0.21337126600284495,0,50.0,8.333333333333334,2.2512917986064953,0.0,0.0,12.405882352941177
7,17.0,3.0,6.0,1.0,0,4,Shimla,KEC International,367,7.7,2825.9,245.1,1887.27,1.3,2825.9,135.0,30,6,1,0.8660254037844387,-0.4999999999999998,0.5507955936352509,1,34.0,5.666666666666667,2.163323025660538,810.0,810.0,22.28181818181818
18,22.0,3.0,6.0,1.0,0,9,Noida,"Maha Transco – Maharashtra State Electricity Transmission Co, Ltd.",391,8.2,3206.2,290.7,2383.74,1.3,3206.2,135.0,32,8,2,-1.0,-1.8369701987210297e-16,0.4643962848297214,1,50.0,8.333333333333334,2.2192034840549946,1080.0,1080.0,13.213636363636363
5,19.0,3.0,4.0,1.0,0,9,Pune,JSW Energy Ltd.,243,9.1,2211.3,243.9,2219.49,0.9963099630996312,2211.3,135.0,32,8,2,-1.0,-1.8369701987210297e-16,0.5535055350553505,1,32.0,5.333333333333333,2.312535423847214,1080.0,1080.0,27.1
5,22.0,2.0,4.0,1.0,0,9,Dahej,Indowind Energy,270,7.6,2052.0,212.4,1614.24,1.271186440677966,2052.0,90.0,32,8,2,-1.0,-1.8369701987210297e-16,0.423728813559322,1,34.0,5.666666666666667,2.151762203259462,720.0,720.0,26.55
17,23.0,3.0,16.0,1.0,0,11,Hyderabad,Unitech Power Transmission Ltd.,482,8.4,4048.8,323.1,2714.0400000000004,1.3,4048.8,135.0,28,4,3,-0.5000000000000004,0.8660254037844384,0.41782729805013924,1,60.0,10.0,2.2407096892759584,540.0,540.0,15.385714285714286
12,22.0,3.0,6.0,1.0,0,7,Chennai,GE T&D India Limited,369,8.8,3247.2000000000003,278.1,2447.28,1.3,3247.2000000000003,135.0,32,8,2,-0.4999999999999997,-0.8660254037844388,0.48543689320388345,1,44.0,7.333333333333333,2.2823823856765264,1080.0,1080.0,17.38125
11,22.0,3.0,5.0,1.0,0,5,Gurgaon,NHPC,364,8.3,3021.2000000000003,273.0,2265.9,1.3,3021.2000000000003,135.0,38,14,1,0.49999999999999994,-0.8660254037844387,0.4945054945054945,1,42.0,7.0,2.2300144001592104,1890.0,1890.0,18.2
5,22.0,3.0,4.0,1.0,0,5,Noida,SJVN Ltd.,297,8.2,2435.4,257.4,2110.68,1.153846153846154,2435.4,135.0,38,14,1,0.49999999999999994,-0.8660254037844387,0.5244755244755245,1,35.0,5.833333333333333,2.2192034840549946,1890.0,1890.0,28.599999999999998
15,23.0,3.0,10.0,1.0,0,4,Pune,"Maha Transco – Maharashtra State Electricity Transmission Co, Ltd.",436,9.1,3967.6,300.9,2738.1899999999996,1.3,3967.6,135.0,30,6,1,0.8660254037844387,-0.4999999999999998,0.448654037886341,1,52.0,8.666666666666666,2.312535423847214,810.0,810.0,15.836842105263157
8,18.0,3.0,3.0,1.0,0,9,Hyderabad,NTPC Pvt. Ltd.,301,8.4,2528.4,242.7,2038.68,1.2402142562834775,2528.4,135.0,32,8,2,-1.0,-1.8369701987210297e-16,0.5562422744128555,1,33.0,5.5,2.2407096892759584,1080.0,1080.0,20.224999999999998
7,23.0,2.0,15.0,1.0,0,9,Ahmedabad,NLC India,373,7.9,2946.7000000000003,254.1,2007.39,1.3,2946.7000000000003,90.0,32,8,2,-1.0,-1.8369701987210297e-16,0.3541912632821724,0,48.0,8.0,2.186051276738094,720.0,720.0,25.41
5,18.0,3.0,12.0,7.0,0,11,Ahmedabad,Jaiprakash Power,403,7.9,3183.7000000000003,268.8,2123.52,1.3,3183.7000000000003,135.0,28,4,3,-0.5000000000000004,0.8660254037844384,0.5022321428571428,1,45.0,7.5,2.186051276738094,540.0,540.0,29.866666666666667
19,23.0,3.0,5.0,1.0,0,11,Ratnagiri,Power Grid Corp,383,7.4,2834.2000000000003,294.3,2177.82,1.3,2834.2000000000003,135.0,28,4,3,-0.5000000000000004,0.8660254037844384,0.4587155963302752,1,51.0,8.5,2.128231705849268,540.0,540.0,12.795652173913044
18,22.0,3.0,5.0,1.0,0,10,Gurgaon,Kalpataru Power,415,8.3,3444.5000000000005,287.7,2387.9100000000003,1.3,3444.5000000000005,135.0,28,4,3,-0.8660254037844386,0.5000000000000001,0.46923879040667366,1,49.0,8.166666666666666,2.2300144001592104,540.0,540.0,13.077272727272726
7,18.0,3.0,3.0,1.0,0,3,Hyderabad,TransRail Lighting,258,8.4,2167.2000000000003,240.6,2021.04,1.0723192019950125,2167.2000000000003,135.0,30,6,1,1.0,6.123233995736766e-17,0.5610972568578554,1,32.0,5.333333333333333,2.2407096892759584,810.0,810.0,21.87272727272727
8,23.0,3.0,3.0,1.0,0,10,Shimla,Neueon Towers / Sujana Towers Ltd.,355,7.7,2733.5,265.2,2042.04,1.3,2733.5,135.0,28,4,3,-0.8660254037844386,0.5000000000000001,0.5090497737556561,1,38.0,6.333333333333333,2.163323025660538,540.0,540.0,22.099999999999998
9,19.0,1.0,6.0,1.0,0,2,Ratnagiri,Ringfeder Power Transmission India Pvt. Ltd.,193,7.4,1428.2,168.3,1245.42,1.1467617349970292,1428.2,45.0,20,0,0,0.8660254037844386,0.5000000000000001,0.267379679144385,0,36.0,6.0,2.128231705849268,0.0,0.0,15.3
16,22.0,3.0,10.0,1.0,0,1,Navi Mumbai,JSW Energy Ltd.,419,9.3,3896.7,298.5,2776.05,1.3,3896.7,135.0,20,0,0,0.49999999999999994,0.8660254037844387,0.45226130653266333,1,52.0,8.666666666666666,2.33214389523559,0.0,0.0,14.925
16,23.0,3.0,7.0,1.0,0,2,Chennai,SJVN Ltd.,364,8.8,3203.2000000000003,294.0,2587.2000000000003,1.2380952380952381,3203.2000000000003,135.0,20,0,0,0.8660254037844386,0.5000000000000001,0.45918367346938777,1,50.0,8.333333333333334,2.2823823856765264,0.0,0.0,14.7
5,17.0,1.0,11.0,1.0,0,2,Chennai,JSW Energy Ltd.,181,8.8,1592.8000000000002,165.9,1459.92,1.091018685955395,1592.8000000000002,45.0,20,0,0,0.8660254037844386,0.5000000000000001,0.27124773960216997,0,35.0,5.833333333333333,2.2823823856765264,0.0,0.0,23.7
5,17.0,2.0,10.0,1.0,0,2,Faridabad,Jaiprakash Power,289,8.1,2340.9,207.9,1683.99,1.3,2340.9,90.0,20,0,0,0.8660254037844386,0.5000000000000001,0.4329004329004329,1,35.0,5.833333333333333,2.2082744135228043,0.0,0.0,25.9875
5,23.0,3.0,12.0,1.0,0,1,Shimla,GE T&D India Limited,408,7.7,3141.6,285.9,2201.43,1.3,3141.6,135.0,20,0,0,0.49999999999999994,0.8660254037844387,0.472193074501574,1,44.0,7.333333333333333,2.163323025660538,0.0,0.0,31.766666666666666
11,22.0,2.0,10.0,1.0,0,6,Noida,KEC International,362,8.2,2968.4,243.0,1992.6,1.3,2968.4,90.0,38,14,2,1.2246467991473532e-16,-1.0,0.37037037037037035,0,46.0,7.666666666666667,2.2192034840549946,1260.0,1260.0,17.357142857142858
19,23.0,3.0,7.0,1.0,0,6,Mumbai,SJVN Ltd.,446,9.2,4103.2,300.3,2762.7599999999998,1.3,4103.2,135.0,38,14,2,1.2246467991473532e-16,-1.0,0.44955044955044954,1,53.0,8.833333333333334,2.322387720290225,1890.0,1890.0,13.056521739130435
9,17.0,3.0,9.0,7.0,0,5,Dahej,Tata Power Company Ltd.,360,7.6,2736.0,263.7,2004.12,1.3,2736.0,135.0,38,14,1,0.49999999999999994,-0.8660254037844387,0.5119453924914676,1,45.0,7.5,2.151762203259462,1890.0,1890.0,20.284615384615385
6,20.0,2.0,13.0,1.0,0,2,Navi Mumbai,Reliance Energy,299,9.3,2780.7000000000003,232.5,2162.25,1.2860215053763442,2780.7000000000003,90.0,20,0,0,0.8660254037844386,0.5000000000000001,0.3870967741935484,0,42.0,7.0,2.33214389523559,0.0,0.0,25.833333333333332
8,18.0,1.0,4.0,1.0,0,11,Hyderabad,Kalpataru Power,194,8.4,1629.6,155.7,1307.8799999999999,1.2459858702633269,1629.6,45.0,28,4,3,-0.5000000000000004,0.8660254037844384,0.28901734104046245,0,32.0,5.333333333333333,2.2407096892759584,180.0,180.0,15.569999999999999
10,17.0,3.0,15.0,1.0,0,9,Ahmedabad,Kalpataru Power,325,7.9,2567.5,278.4,2199.36,1.1673850574712643,2567.5,135.0,32,8,2,-1.0,-1.8369701987210297e-16,0.48491379310344834,1,46.0,7.666666666666667,2.186051276738094,1080.0,1080.0,19.885714285714283
5,23.0,3.0,9.0,1.0,0,2,Kolkata,Torrent Power Ltd.,383,8.7,3332.1,276.9,2409.0299999999997,1.3,3332.1,135.0,20,0,0,0.8660254037844386,0.5000000000000001,0.48754062838569884,1,41.0,6.833333333333333,2.272125885509337,0.0,0.0,30.766666666666666
5,22.0,3.0,16.0,1.0,0,9,Chennai,JSW Energy Ltd.,403,8.8,3546.4,293.4,2581.92,1.3,3546.4,135.0,32,8,2,-1.0,-1.8369701987210297e-16,0.4601226993865031,1,47.0,7.833333333333333,2.2823823856765264,1080.0,1080.0,32.599999999999994
5,21.0,2.0,14.0,1.0,0,1,Hyderabad,Jyoti Structure,335,8.4,2814.0,237.9,1998.3600000000001,1.3,2814.0,90.0,20,0,0,0.49999999999999994,0.8660254037844387,0.37831021437578816,0,43.0,7.166666666666667,2.2407096892759584,0.0,0.0,29.7375
5,20.0,3.0,12.0,1.0,0,5,Chennai,JSW Energy Ltd.,333,8.8,2930.4,272.4,2397.12,1.222466960352423,2930.4,135.0,38,14,1,0.49999999999999994,-0.8660254037844387,0.4955947136563877,1,41.0,6.833333333333333,2.2823823856765264,1890.0,1890.0,30.266666666666666
8,21.0,3.0,4.0,1.0,0,11,Ratnagiri,Bonfiglioli Transmission Pvt. Ltd.,362,7.4,2678.8,259.2,1918.08,1.3,2678.8,135.0,28,4,3,-0.5000000000000004,0.8660254037844384,0.5208333333333334,1,37.0,6.166666666666667,2.128231705849268,540.0,540.0,21.599999999999998
5,17.0,3.0,9.0,1.0,0,4,Nagpur,Unitech Power Transmission Ltd.,290,8.9,2581.0,249.9,2224.11,1.1604641856742697,2581.0,135.0,30,6,1,0.8660254037844387,-0.4999999999999998,0.5402160864345739,1,35.0,5.833333333333333,2.2925347571405443,810.0,810.0,27.766666666666666
6,18.0,3.0,5.0,1.0,0,4,Ratnagiri,Reliance Power,360,7.4,2664.0,244.5,1809.3000000000002,1.3,2664.0,135.0,30,6,1,0.8660254037844387,-0.4999999999999998,0.5521472392638037,1,33.0,5.5,2.128231705849268,810.0,810.0,24.45
5,22.0,3.0,6.0,7.0,0,4,Dahej,Toshiba Transmission & Distribution Systems (India) Pvt. Ltd.,386,7.6,2933.6,268.8,2042.8799999999999,1.3,2933.6,135.0,30,6,1,0.8660254037844387,-0.4999999999999998,0.5022321428571428,1,43.0,7.166666666666667,2.151762203259462,810.0,810.0,29.866666666666667
14,22.0,2.0,20.0,1.0,0,2,Ratnagiri,Neueon Towers / Sujana Towers Ltd.,395,7.4,2923.0,279.3,2066.82,1.3,2923.0,90.0,20,0,0,0.8660254037844386,0.5000000000000001,0.32223415682062295,0,59.0,9.833333333333334,2.128231705849268,0.0,0.0,16.429411764705883
7,21.0,3.0,4.0,1.0,0,11,Dahej,"Maha Transco – Maharashtra State Electricity Transmission Co, Ltd.",271,7.6,2059.6,257.1,1953.96,1.0540645663166082,2059.6,135.0,28,4,3,-0.5000000000000004,0.8660254037844384,0.5250875145857642,1,36.0,6.0,2.151762203259462,540.0,540.0,23.372727272727275
18,23.0,3.0,10.0,1.0,0,2,Chennai,NLC India,418,8.8,3678.4,307.2,2703.36,1.3,3678.4,135.0,20,0,0,0.8660254037844386,0.5000000000000001,0.439453125,1,55.0,9.166666666666666,2.2823823856765264,0.0,0.0,13.963636363636363
12,23.0,3.0,3.0,1.0,0,9,Faridabad,L&T Transmission & Distribution,348,8.1,2818.8,273.6,2216.1600000000003,1.2719298245614035,2818.8,135.0,32,8,2,-1.0,-1.8369701987210297e-16,0.4934210526315789,1,42.0,7.0,2.2082744135228043,1080.0,1080.0,17.1
6,17.0,2.0,4.0,1.0,0,2,Ahmedabad,NTPC Pvt. Ltd.,209,7.9,1651.1,192.0,1516.8000000000002,1.0885416666666665,1651.1,90.0,20,0,0,0.8660254037844386,0.5000000000000001,0.46875,1,30.0,5.0,2.186051276738094,0.0,0.0,21.333333333333332
10,21.0,2.0,7.0,1.0,0,10,Chennai,NTPC Pvt. Ltd.,307,8.8,2701.6000000000004,227.4,2001.1200000000001,1.3,2701.6000000000004,90.0,28,4,3,-0.8660254037844386,0.5000000000000001,0.39577836411609496,0,41.0,6.833333333333333,2.2823823856765264,360.0,360.0,17.492307692307694
10,19.0,3.0,9.0,1.0,0,4,Noida,Toshiba Transmission & Distribution Systems (India) Pvt. Ltd.,336,8.2,2755.2,269.4,2209.0799999999995,1.2472160356347441,2755.2,135.0,30,6,1,0.8660254037844387,-0.4999999999999998,0.5011135857461025,1,42.0,7.0,2.2192034840549946,810.0,810.0,19.24285714285714
18,23.0,3.0,10.0,1.0,0,11,Noida,Indowind Energy,452,8.2,3706.4,307.2,2519.0399999999995,1.3,3706.4,135.0,28,4,3,-0.5000000000000004,0.8660254037844384,0.439453125,1,55.0,9.166666666666666,2.2192034840549946,540.0,540.0,13.963636363636363
18,22.0,3.0,10.0,1.0,0,6,Kolkata,Orient Green,429,8.7,3732.3,302.7,2633.49,1.3,3732.3,135.0,38,14,2,1.2246467991473532e-16,-1.0,0.445986124876115,1,54.0,9.0,2.272125885509337,1890.0,1890.0,13.759090909090908
5,20.0,2.0,16.0,1.0,0,6,Kolkata,Ringfeder Power Transmission India Pvt. Ltd.,334,8.7,2905.8,239.4,2082.7799999999997,1.3,2905.8,90.0,38,14,2,1.2246467991473532e-16,-1.0,0.37593984962406013,0,44.0,7.333333333333333,2.272125885509337,1260.0,1260.0,29.925
6,17.0,3.0,18.0,1.0,0,10,Noida,Toshiba Transmission & Distribution Systems (India) Pvt. Ltd.,352,8.2,2886.4,279.0,2287.7999999999997,1.2616487455197134,2886.4,135.0,28,4,3,-0.8660254037844386,0.5000000000000001,0.4838709677419355,1,45.0,7.5,2.2192034840549946,540.0,540.0,27.9
15,22.0,3.0,12.0,1.0,0,2,Shimla,Guj Ind Power,436,7.7,3357.2000000000003,302.4,2328.48,1.3,3357.2000000000003,135.0,20,0,0,0.8660254037844386,0.5000000000000001,0.44642857142857145,1,53.0,8.833333333333334,2.163323025660538,0.0,0.0,15.915789473684208
8,22.0,1.0,16.0,1.0,0,2,Mumbai,TransRail Lighting,306,9.2,2815.2,209.7,1929.2399999999998,1.3,2815.2,45.0,20,0,0,0.8660254037844386,0.5000000000000001,0.2145922746781116,0,48.0,8.0,2.322387720290225,0.0,0.0,20.97
6,17.0,3.0,8.0,1.0,0,9,Ahmedabad,Bonfiglioli Transmission Pvt. Ltd.,314,7.9,2480.6,249.0,1967.1000000000001,1.2610441767068272,2480.6,135.0,32,8,2,-1.0,-1.8369701987210297e-16,0.5421686746987951,1,35.0,5.833333333333333,2.186051276738094,1080.0,1080.0,24.9
12,22.0,3.0,9.0,1.0,0,5,Ahmedabad,Orient Green,408,7.9,3223.2000000000003,287.1,2268.09,1.3,3223.2000000000003,135.0,38,14,1,0.49999999999999994,-0.8660254037844387,0.47021943573667707,1,47.0,7.833333333333333,2.186051276738094,1890.0,1890.0,17.94375
11,23.0,3.0,18.0,1.0,0,6,Chennai,Reliance Energy,452,8.8,3977.6,316.5,2785.2000000000003,1.3,3977.6,135.0,38,14,2,1.2246467991473532e-16,-1.0,0.4265402843601896,1,56.0,9.333333333333334,2.2823823856765264,1890.0,1890.0,21.1
6,18.0,3.0,17.0,1.0,0,9,Dahej,Reliance Power,380,7.6,2888.0,280.5,2131.7999999999997,1.3,2888.0,135.0,32,8,2,-1.0,-1.8369701987210297e-16,0.48128342245989303,1,45.0,7.5,2.151762203259462,1080.0,1080.0,28.05
7,17.0,1.0,3.0,1.0,0,9,Mumbai,Bonfiglioli Transmission Pvt. Ltd.,191,9.2,1757.1999999999998,146.1,1344.12,1.3,1757.1999999999998,45.0,32,8,2,-1.0,-1.8369701987210297e-16,0.3080082135523614,0,29.0,4.833333333333333,2.322387720290225,360.0,360.0,16.233333333333334
10,17.0,3.0,13.0,7.0,0,12,Noida,JSW Energy Ltd.,413,8.2,3386.6,277.8,2277.96,1.3,3386.6,135.0,20,0,0,-2.4492935982947064e-16,1.0,0.48596112311015116,1,50.0,8.333333333333334,2.2192034840549946,0.0,0.0,19.842857142857145
5,23.0,2.0,8.0,1.0,0,7,Hyderabad,JSW Energy Ltd.,342,8.4,2872.8,228.9,1922.7600000000002,1.3,2872.8,90.0,32,8,2,-0.4999999999999997,-0.8660254037844388,0.3931847968545216,0,39.0,6.5,2.2407096892759584,720.0,720.0,28.6125
7,20.0,2.0,8.0,1.0,0,6,Pune,CESC,286,9.1,2602.6,219.6,1998.36,1.3,2602.6,90.0,38,14,2,1.2246467991473532e-16,-1.0,0.4098360655737705,1,38.0,6.333333333333333,2.312535423847214,1260.0,1260.0,21.96
23,22.0,3.0,6.0,1.0,0,12,Nagpur,NHPC,419,8.9,3729.1,301.2,2680.68,1.3,3729.1,135.0,20,0,0,-2.4492935982947064e-16,1.0,0.448207171314741,1,55.0,9.166666666666666,2.2925347571405443,0.0,0.0,11.155555555555555
10,17.0,1.0,5.0,1.0,0,4,Hyderabad,L&T Transmission & Distribution,226,8.4,1898.4,158.4,1330.5600000000002,1.3,1898.4,45.0,30,6,1,0.8660254037844387,-0.4999999999999998,0.28409090909090906,0,34.0,5.666666666666667,2.2407096892759584,270.0,270.0,13.200000000000001
5,19.0,3.0,6.0,1.0,0,7,Navi Mumbai,Bonfiglioli Transmission Pvt. Ltd.,330,9.3,3069.0000000000005,249.9,2324.07,1.3,3069.0000000000005,135.0,32,8,2,-0.4999999999999997,-0.8660254037844388,0.5402160864345739,1,34.0,5.666666666666667,2.33214389523559,1080.0,1080.0,27.766666666666666
23,22.0,3.0,4.0,1.0,0,8,Faridabad,NLC India,437,8.1,3539.7,295.2,2391.12,1.3,3539.7,135.0,32,8,2,-0.8660254037844385,-0.5000000000000004,0.4573170731707317,1,53.0,8.833333333333334,2.2082744135228043,1080.0,1080.0,10.933333333333334
14,22.0,3.0,10.0,1.0,0,1,Shimla,KEC International,414,7.7,3187.8,294.3,2266.11,1.3,3187.8,135.0,20,0,0,0.49999999999999994,0.8660254037844387,0.4587155963302752,1,50.0,8.333333333333334,2.163323025660538,0.0,0.0,16.35
6,17.0,3.0,10.0,7.0,0,5,Shimla,CESC,390,7.7,3003.0,260.4,2005.08,1.3,3003.0,135.0,38,14,1,0.49999999999999994,-0.8660254037844387,0.5184331797235023,1,43.0,7.166666666666667,2.163323025660538,1890.0,1890.0,26.04
12,23.0,3.0,11.0,1.0,0,2,Chennai,Neueon Towers / Sujana Towers Ltd.,418,8.8,3678.4,297.6,2618.8800000000006,1.3,3678.4,135.0,20,0,0,0.8660254037844386,0.5000000000000001,0.4536290322580645,1,50.0,8.333333333333334,2.2823823856765264,0.0,0.0,18.6
13,22.0,3.0,6.0,1.0,0,8,Faridabad,Optibelt Power Transmission India Private Limited,393,8.1,3183.3,280.2,2269.62,1.3,3183.3,135.0,32,8,2,-0.8660254037844385,-0.5000000000000004,0.48179871520342615,1,45.0,7.5,2.2082744135228043,1080.0,1080.0,16.48235294117647
18,22.0,3.0,9.0,1.0,0,6,Hyderabad,Guj Ind Power,447,8.4,3754.8,299.7,2517.48,1.3,3754.8,135.0,38,14,2,1.2246467991473532e-16,-1.0,0.45045045045045046,1,53.0,8.833333333333334,2.2407096892759584,1890.0,1890.0,13.622727272727273
8,20.0,2.0,14.0,1.0,0,11,Kolkata,Sunil Hitech Eng,351,8.7,3053.7,239.7,2085.39,1.3,3053.7,90.0,28,4,3,-0.5000000000000004,0.8660254037844384,0.37546933667083854,0,45.0,7.5,2.272125885509337,360.0,360.0,21.79090909090909
11,23.0,3.0,4.0,1.0,0,9,Shimla,Sunil Hitech Eng,338,7.7,2602.6,274.5,2113.65,1.2313296903460837,2602.6,135.0,32,8,2,-1.0,-1.8369701987210297e-16,0.4918032786885246,1,42.0,7.0,2.163323025660538,1080.0,1080.0,18.3
10,21.0,2.0,6.0,1.0,0,7,Pune,Guj Ind Power,293,9.1,2666.3,224.4,2042.04,1.3,2666.3,90.0,32,8,2,-0.4999999999999997,-0.8660254037844388,0.40106951871657753,1,40.0,6.666666666666667,2.312535423847214,720.0,720.0,17.26153846153846
20,22.0,3.0,3.0,1.0,0,11,Ahmedabad,JSW Energy Ltd.,399,7.9,3152.1000000000004,285.9,2258.61,1.3,3152.1000000000004,135.0,28,4,3,-0.5000000000000004,0.8660254037844384,0.472193074501574,1,49.0,8.166666666666666,2.186051276738094,540.0,540.0,11.9125
22,22.0,2.0,5.0,1.0,0,2,Hyderabad,NTPC Pvt. Ltd.,367,8.4,3082.8,251.1,2109.2400000000002,1.3,3082.8,90.0,20,0,0,0.8660254037844386,0.5000000000000001,0.35842293906810035,0,52.0,8.666666666666666,2.2407096892759584,0.0,0.0,10.044
23,23.0,3.0,5.0,1.0,0,10,New Delhi,Unitech Power Transmission Ltd.,429,8.5,3646.5,302.7,2572.95,1.3,3646.5,135.0,28,4,3,-0.8660254037844386,0.5000000000000001,0.445986124876115,1,55.0,9.166666666666666,2.2512917986064953,540.0,540.0,11.21111111111111
7,18.0,2.0,11.0,1.0,0,3,Faridabad,CESC,321,8.1,2600.1,219.6,1778.7599999999998,1.3,2600.1,90.0,30,6,1,1.0,6.123233995736766e-17,0.4098360655737705,1,39.0,6.5,2.2082744135228043,540.0,540.0,21.96
13,23.0,3.0,12.0,1.0,0,12,Faridabad,Guj Ind Power,436,8.1,3531.6,302.7,2451.87,1.3,3531.6,135.0,20,0,0,-2.4492935982947064e-16,1.0,0.445986124876115,1,52.0,8.666666666666666,2.2082744135228043,0.0,0.0,17.805882352941175
9,19.0,3.0,3.0,1.0,0,9,Nagpur,Reliance Energy,278,8.9,2474.2000000000003,249.3,2218.77,1.1151223425591659,2474.2000000000003,135.0,32,8,2,-1.0,-1.8369701987210297e-16,0.5415162454873645,1,35.0,5.833333333333333,2.2925347571405443,1080.0,1080.0,19.176923076923078
12,23.0,3.0,10.0,1.0,0,5,Chennai,L&T Transmission & Distribution,420,8.8,3696.000000000001,294.6,2592.4800000000005,1.3,3696.000000000001,135.0,38,14,1,0.49999999999999994,-0.8660254037844387,0.4582484725050916,1,49.0,8.166666666666666,2.2823823856765264,1890.0,1890.0,18.4125
8,17.0,3.0,3.0,1.0,0,2,Ahmedabad,Adani Power Ltd.,259,7.9,2046.1,238.2,1881.78,1.0873215785054575,2046.1,135.0,20,0,0,0.8660254037844386,0.5000000000000001,0.5667506297229219,1,32.0,5.333333333333333,2.186051276738094,0.0,0.0,19.849999999999998
5,21.0,3.0,11.0,1.0,0,11,Nagpur,Sterlite Power Transmission Ltd,408,8.9,3631.2,273.9,2437.71,1.3,3631.2,135.0,28,4,3,-0.5000000000000004,0.8660254037844384,0.49288061336254113,1,41.0,6.833333333333333,2.2925347571405443,540.0,540.0,30.43333333333333
9,19.0,3.0,19.0,1.0,0,11,Mumbai,JSW Energy Ltd.,407,9.2,3744.4,297.3,2735.16,1.3,3744.4,135.0,28,4,3,-0.5000000000000004,0.8660254037844384,0.45408678102926336,1,51.0,8.5,2.322387720290225,540.0,540.0,22.86923076923077
5,17.0,2.0,5.0,1.0,0,10,Navi Mumbai,NLC India,268,9.3,2492.4,192.9,1793.9700000000003,1.3,2492.4,90.0,28,4,3,-0.8660254037844386,0.5000000000000001,0.4665629860031104,1,30.0,5.0,2.33214389523559,360.0,360.0,24.1125
15,22.0,3.0,9.0,1.0,0,4,Faridabad,L&T Transmission & Distribution,430,8.1,3483.0,293.4,2376.5399999999995,1.3,3483.0,135.0,30,6,1,0.8660254037844387,-0.4999999999999998,0.4601226993865031,1,50.0,8.333333333333334,2.2082744135228043,810.0,810.0,15.442105263157893
16,22.0,3.0,6.0,1.0,0,3,Ratnagiri,L&T Transmission & Distribution,389,7.4,2878.6000000000004,286.5,2120.1,1.3,2878.6000000000004,135.0,30,6,1,1.0,6.123233995736766e-17,0.4712041884816754,1,48.0,8.0,2.128231705849268,810.0,810.0,14.325
20,22.0,3.0,11.0,1.0,0,2,Shimla,Ratnagiri Gas and Power Pvt. Ltd. (RGPPL),421,7.7,3241.7000000000003,309.9,2386.23,1.3,3241.7000000000003,135.0,20,0,0,0.8660254037844386,0.5000000000000001,0.43562439496611816,1,57.0,9.5,2.163323025660538,0.0,0.0,12.9125
21,22.0,3.0,8.0,1.0,0,12,Kolkata,Optibelt Power Transmission India Private Limited,447,8.7,3888.9,303.0,2636.1,1.3,3888.9,135.0,20,0,0,-2.4492935982947064e-16,1.0,0.44554455445544555,1,55.0,9.166666666666666,2.272125885509337,0.0,0.0,12.12
7,20.0,2.0,3.0,7.0,0,12,Dahej,Torrent Power Ltd.,305,7.6,2318.0,210.0,1596.0,1.3,2318.0,90.0,20,0,0,-2.4492935982947064e-16,1.0,0.42857142857142855,1,39.0,6.5,2.151762203259462,0.0,0.0,21.0
6,20.0,3.0,22.0,1.0,0,4,Kolkata,NTPC Pvt. Ltd.,449,8.7,3906.3,304.5,2649.1499999999996,1.3,3906.3,135.0,30,6,1,0.8660254037844387,-0.4999999999999998,0.4433497536945813,1,52.0,8.666666666666666,2.272125885509337,810.0,810.0,30.45
16,22.0,3.0,9.0,1.0,0,8,Faridabad,Unitech Power Transmission Ltd.,408,8.1,3304.8,295.5,2393.5499999999997,1.3,3304.8,135.0,32,8,2,-0.8660254037844385,-0.5000000000000004,0.45685279187817257,1,51.0,8.5,2.2082744135228043,1080.0,1080.0,14.775
11,22.0,3.0,6.0,1.0,0,11,New Delhi,Reliance Power,359,8.5,3051.5,276.0,2346.0,1.3,3051.5,135.0,28,4,3,-0.5000000000000004,0.8660254037844384,0.4891304347826087,1,43.0,7.166666666666667,2.2512917986064953,540.0,540.0,18.4
18,22.0,2.0,11.0,1.0,0,2,Shimla,Sterlite Power Transmission Ltd,347,7.7,2671.9,260.7,2007.3899999999999,1.3,2671.9,90.0,20,0,0,0.8660254037844386,0.5000000000000001,0.34522439585730724,0,54.0,9.0,2.163323025660538,0.0,0.0,12.414285714285715
12,23.0,3.0,9.0,1.0,0,4,Ratnagiri,Guj Ind Power,420,7.4,3108.0,291.6,2157.84,1.3,3108.0,135.0,30,6,1,0.8660254037844387,-0.4999999999999998,0.4629629629629629,1,48.0,8.0,2.128231705849268,810.0,810.0,18.225
11,22.0,2.0,7.0,1.0,0,11,Kolkata,Tata Power Company Ltd.,341,8.7,2966.7,234.0,2035.7999999999997,1.3,2966.7,90.0,28,4,3,-0.5000000000000004,0.8660254037844384,0.38461538461538464,0,43.0,7.166666666666667,2.272125885509337,360.0,360.0,16.714285714285715
9,17.0,3.0,4.0,1.0,0,1,Dahej,L&T Transmission & Distribution,269,7.6,2044.4,243.3,1849.08,1.1056309083436089,2044.4,135.0,20,0,0,0.49999999999999994,0.8660254037844387,0.5548705302096177,1,34.0,5.666666666666667,2.151762203259462,0.0,0.0,18.715384615384615
10,19.0,3.0,10.0,1.0,0,11,Ratnagiri,Ringfeder Power Transmission India Pvt. Ltd.,328,7.4,2427.2000000000003,272.4,2015.76,1.2041116005873715,2427.2000000000003,135.0,28,4,3,-0.5000000000000004,0.8660254037844384,0.4955947136563877,1,43.0,7.166666666666667,2.128231705849268,540.0,540.0,19.457142857142856
6,17.0,3.0,15.0,1.0,0,4,Ratnagiri,Jyoti Structure,370,7.4,2738.0,270.0,1998.0,1.3,2738.0,135.0,30,6,1,0.8660254037844387,-0.4999999999999998,0.5,1,42.0,7.0,2.128231705849268,810.0,810.0,27.0
8,22.0,3.0,15.0,1.0,0,9,Dahej,Kalpataru Power,435,7.6,3306.0,296.7,2254.9199999999996,1.3,3306.0,135.0,32,8,2,-1.0,-1.8369701987210297e-16,0.45500505561172905,1,49.0,8.166666666666666,2.151762203259462,1080.0,1080.0,24.724999999999998
14,23.0,3.0,17.0,1.0,0,2,Dahej,Indowind Energy,438,7.6,3328.8,319.8,2430.48,1.3,3328.8,135.0,20,0,0,0.8660254037844386,0.5000000000000001,0.4221388367729831,1,58.0,9.666666666666666,2.151762203259462,0.0,0.0,17.766666666666666
14,22.0,3.0,7.0,1.0,0,4,Hyderabad,KEC International,391,8.4,3284.4,285.3,2396.52,1.3,3284.4,135.0,30,6,1,0.8660254037844387,-0.4999999999999998,0.47318611987381703,1,47.0,7.833333333333333,2.2407096892759584,810.0,810.0,15.850000000000001
5,17.0,3.0,7.0,7.0,0,2,Chennai,Neueon Towers / Sujana Towers Ltd.,369,8.8,3247.2000000000003,249.3,2193.84,1.3,3247.2000000000003,135.0,20,0,0,0.8660254037844386,0.5000000000000001,0.5415162454873645,1,39.0,6.5,2.2823823856765264,0.0,0.0,27.700000000000003
10,19.0,2.0,4.0,1.0,0,8,Dahej,GE T&D India Limited,308,7.6,2340.8,209.4,1591.44,1.3,2340.8,90.0,32,8,2,-0.8660254037844385,-0.5000000000000004,0.4297994269340974,1,36.0,6.0,2.151762203259462,720.0,720.0,16.107692307692307
6,21.0,3.0,13.0,1.0,0,11,Shimla,Ringfeder Power Transmission India Pvt. Ltd.,406,7.7,3126.2000000000003,282.0,2171.4,1.3,3126.2000000000003,135.0,28,4,3,-0.5000000000000004,0.8660254037844384,0.4787234042553192,1,44.0,7.333333333333333,2.163323025660538,540.0,540.0,28.2
9,17.0,2.0,3.0,1.0,0,3,Hyderabad,KEC International,291,8.4,2444.4,195.3,1640.5200000000002,1.3,2444.4,90.0,30,6,1,1.0,6.123233995736766e-17,0.46082949308755755,1,32.0,5.333333333333333,2.2407096892759584,540.0,540.0,16.275000000000002
11,23.0,2.0,4.0,1.0,0,9,Hyderabad,Neueon Towers / Sujana Towers Ltd.,342,8.4,2872.8,229.5,1927.8000000000002,1.3,2872.8,90.0,32,8,2,-1.0,-1.8369701987210297e-16,0.39215686274509803,0,41.0,6.833333333333333,2.2407096892759584,720.0,720.0,16.392857142857142
16,23.0,3.0,7.0,1.0,0,12,New Delhi,JSW Energy Ltd.,430,8.5,3655.0,294.0,2499.0,1.3,3655.0,135.0,20,0,0,-2.4492935982947064e-16,1.0,0.45918367346938777,1,50.0,8.333333333333334,2.2512917986064953,0.0,0.0,14.7
6,20.0,1.0,10.0,1.0,0,10,Chennai,NHPC,257,8.8,2261.6000000000004,178.5,1570.8000000000002,1.3,2261.6000000000004,45.0,28,4,3,-0.8660254037844386,0.5000000000000001,0.25210084033613445,0,38.0,6.333333333333333,2.2823823856765264,180.0,180.0,22.3125
15,23.0,3.0,15.0,1.0,0,9,Ahmedabad,NLC India,462,7.9,3649.8,315.9,2495.61,1.3,3649.8,135.0,32,8,2,-1.0,-1.8369701987210297e-16,0.4273504273504274,1,57.0,9.5,2.186051276738094,1080.0,1080.0,16.626315789473683
13,22.0,3.0,22.0,1.0,0,6,Hyderabad,Ringfeder Power Transmission India Pvt. Ltd.,485,8.4,4074.0,328.2,2756.88,1.3,4074.0,135.0,38,14,2,1.2246467991473532e-16,-1.0,0.4113345521023766,1,61.0,10.166666666666666,2.2407096892759584,1890.0,1890.0,19.305882352941175
12,22.0,3.0,20.0,1.0,0,9,Vadodara,CESC,458,7.8,3572.4,320.1,2496.78,1.3,3572.4,135.0,32,8,2,-1.0,-1.8369701987210297e-16,0.42174320524835984,1,58.0,9.666666666666666,2.174751721484161,1080.0,1080.0,20.00625
6,17.0,2.0,7.0,1.0,0,4,Ratnagiri,Reliance Power,260,7.4,1924.0,201.0,1487.4,1.2935323383084576,1924.0,90.0,30,6,1,0.8660254037844387,-0.4999999999999998,0.44776119402985076,1,33.0,5.5,2.128231705849268,540.0,540.0,22.333333333333332
7,22.0,3.0,13.0,1.0,0,5,Noida,GE T&D India Limited,399,8.2,3271.8,288.6,2366.52,1.3,3271.8,135.0,38,14,1,0.49999999999999994,-0.8660254037844387,0.46777546777546775,1,46.0,7.666666666666667,2.2192034840549946,1890.0,1890.0,26.236363636363638
19,22.0,3.0,5.0,1.0,0,5,Pune,Toshiba Transmission & Distribution Systems (India) Pvt. Ltd.,421,9.1,3831.1,289.8,2637.18,1.3,3831.1,135.0,38,14,1,0.49999999999999994,-0.8660254037844387,0.4658385093167702,1,50.0,8.333333333333334,2.312535423847214,1890.0,1890.0,12.6
8,17.0,3.0,16.0,1.0,0,1,Navi Mumbai,Sunil Hitech Eng,415,9.3,3859.500000000001,277.2,2577.96,1.3,3859.500000000001,135.0,20,0,0,0.49999999999999994,0.8660254037844387,0.487012987012987,1,45.0,7.5,2.33214389523559,0.0,0.0,23.099999999999998
8,17.0,3.0,8.0,1.0,0,9,Ahmedabad,NTPC Pvt. Ltd.,276,7.9,2180.4,253.2,2000.28,1.090047393364929,2180.4,135.0,32,8,2,-1.0,-1.8369701987210297e-16,0.533175355450237,1,37.0,6.166666666666667,2.186051276738094,1080.0,1080.0,21.099999999999998
9,19.0,3.0,15.0,1.0,0,2,Dahej,Ringfeder Power Transmission India Pvt. Ltd.,348,7.6,2644.8,285.3,2168.28,1.2197686645636172,2644.8,135.0,20,0,0,0.8660254037844386,0.5000000000000001,0.47318611987381703,1,47.0,7.833333333333333,2.151762203259462,0.0,0.0,21.946153846153848
8,22.0,3.0,8.0,1.0,0,2,Noida,Torrent Power Ltd.,311,8.2,2550.2,275.7,2260.74,1.1280377221617701,2550.2,135.0,20,0,0,0.8660254037844386,0.5000000000000001,0.4896626768226333,1,42.0,7.0,2.2192034840549946,0.0,0.0,22.974999999999998
17,23.0,3.0,12.0,1.0,0,1,Ratnagiri,NHPC,462,7.4,3418.8,311.1,2302.1400000000003,1.3,3418.8,135.0,20,0,0,0.49999999999999994,0.8660254037844387,0.43394406943105107,1,56.0,9.333333333333334,2.128231705849268,0.0,0.0,14.814285714285715
6,17.0,2.0,19.0,1.0,0,4,Pune,Jyoti Structure,313,9.1,2848.3,237.0,2156.7,1.3,2848.3,90.0,30,6,1,0.8660254037844387,-0.4999999999999998,0.379746835443038,0,45.0,7.5,2.312535423847214,540.0,540.0,26.333333333333332
14,22.0,3.0,4.0,1.0,0,3,Hyderabad,"Maha Transco – Maharashtra State Electricity Transmission Co, Ltd.",395,8.4,3318.0,276.3,2320.92,1.3,3318.0,135.0,30,6,1,1.0,6.123233995736766e-17,0.48859934853420195,1,44.0,7.333333333333333,2.2407096892759584,810.0,810.0,15.350000000000001
6,19.0,3.0,8.0,1.0,0,8,Vadodara,NHPC,374,7.8,2917.2,258.0,2012.3999999999999,1.3,2917.2,135.0,32,8,2,-0.8660254037844385,-0.5000000000000004,0.5232558139534884,1,37.0,6.166666666666667,2.174751721484161,1080.0,1080.0,25.8
10,18.0,3.0,19.0,1.0,0,6,New Delhi,SJVN Ltd.,415,8.5,3527.5,294.9,2506.6499999999996,1.3,3527.5,135.0,38,14,2,1.2246467991473532e-16,-1.0,0.45778229908443546,1,51.0,8.5,2.2512917986064953,1890.0,1890.0,21.064285714285713
6,19.0,3.0,13.0,1.0,0,6,Ahmedabad,TransRail Lighting,360,7.9,2844.0,273.0,2156.7000000000003,1.3,2844.0,135.0,38,14,2,1.2246467991473532e-16,-1.0,0.4945054945054945,1,42.0,7.0,2.186051276738094,1890.0,1890.0,27.3
10,19.0,3.0,10.0,1.0,0,5,Mumbai,Neueon Towers / Sujana Towers Ltd.,398,9.2,3661.6,272.4,2506.0799999999995,1.3,3661.6,135.0,38,14,1,0.49999999999999994,-0.8660254037844387,0.4955947136563877,1,43.0,7.166666666666667,2.322387720290225,1890.0,1890.0,19.457142857142856
16,22.0,1.0,5.0,1.0,0,2,Dahej,TransRail Lighting,284,7.6,2158.4,193.5,1470.6,1.3,2158.4,45.0,20,0,0,0.8660254037844386,0.5000000000000001,0.23255813953488372,0,45.0,7.5,2.151762203259462,0.0,0.0,10.75
9,21.0,3.0,12.0,1.0,0,1,Gurgaon,NLC India,393,8.3,3261.9,285.3,2367.9900000000002,1.3,3261.9,135.0,20,0,0,0.49999999999999994,0.8660254037844387,0.47318611987381703,1,46.0,7.666666666666667,2.2300144001592104,0.0,0.0,21.946153846153848
10,19.0,3.0,6.0,1.0,0,4,Kolkata,KEC International,364,8.7,3166.8,260.4,2265.4799999999996,1.3,3166.8,135.0,30,6,1,0.8660254037844387,-0.4999999999999998,0.5184331797235023,1,39.0,6.5,2.272125885509337,810.0,810.0,18.599999999999998
10,18.0,2.0,16.0,1.0,0,8,Faridabad,SJVN Ltd.,361,8.1,2924.1,240.9,1951.29,1.3,2924.1,90.0,32,8,2,-0.8660254037844385,-0.5000000000000004,0.37359900373599003,0,47.0,7.833333333333333,2.2082744135228043,720.0,720.0,18.53076923076923
17,23.0,3.0,9.0,1.0,0,9,Pune,Jaiprakash Power,433,9.1,3940.3,302.1,2749.11,1.3,3940.3,135.0,32,8,2,-1.0,-1.8369701987210297e-16,0.44687189672293937,1,53.0,8.833333333333334,2.312535423847214,1080.0,1080.0,14.385714285714286
9,18.0,3.0,11.0,1.0,0,9,Kolkata,SJVN Ltd.,325,8.7,2827.4999999999995,268.8,2338.56,1.2090773809523807,2827.4999999999995,135.0,32,8,2,-1.0,-1.8369701987210297e-16,0.5022321428571428,1,42.0,7.0,2.272125885509337,1080.0,1080.0,20.676923076923078
11,22.0,2.0,10.0,1.0,0,11,Hyderabad,CESC,358,8.4,3007.2000000000003,243.0,2041.2,1.3,3007.2000000000003,90.0,28,4,3,-0.5000000000000004,0.8660254037844384,0.37037037037037035,0,46.0,7.666666666666667,2.2407096892759584,360.0,360.0,17.357142857142858
9,21.0,3.0,5.0,1.0,0,6,Faridabad,Bonfiglioli Transmission Pvt. Ltd.,336,8.1,2721.6,264.3,2140.83,1.271282633371169,2721.6,135.0,38,14,2,1.2246467991473532e-16,-1.0,0.510783200908059,1,39.0,6.5,2.2082744135228043,1890.0,1890.0,20.33076923076923
12,23.0,3.0,16.0,1.0,0,9,Hyderabad,SJVN Ltd.,442,8.4,3712.8,312.6,2625.84,1.3,3712.8,135.0,32,8,2,-1.0,-1.8369701987210297e-16,0.43186180422264875,1,55.0,9.166666666666666,2.2407096892759584,1080.0,1080.0,19.5375
8,23.0,3.0,11.0,7.0,0,6,Chennai,Reliance Power,426,8.8,3748.8,294.6,2592.4800000000005,1.3,3748.8,135.0,38,14,2,1.2246467991473532e-16,-1.0,0.4582484725050916,1,52.0,8.666666666666666,2.2823823856765264,1890.0,1890.0,24.55
21,23.0,3.0,5.0,1.0,0,3,Navi Mumbai,Sterlite Power Transmission Ltd,435,9.3,4045.500000000001,298.5,2776.05,1.3,4045.500000000001,135.0,30,6,1,1.0,6.123233995736766e-17,0.45226130653266333,1,53.0,8.833333333333334,2.33214389523559,810.0,810.0,11.94
7,18.0,3.0,21.0,1.0,0,2,Faridabad,Ratnagiri Gas and Power Pvt. Ltd. (RGPPL),362,8.1,2932.2,294.6,2386.26,1.228784792939579,2932.2,135.0,20,0,0,0.8660254037844386,0.5000000000000001,0.4582484725050916,1,50.0,8.333333333333334,2.2082744135228043,0.0,0.0,26.781818181818185
5,23.0,2.0,4.0,1.0,0,2,Nagpur,Sterlite Power Transmission Ltd,251,8.9,2233.9,216.9,1930.41,1.1572153065929,2233.9,90.0,20,0,0,0.8660254037844386,0.5000000000000001,0.41493775933609955,1,35.0,5.833333333333333,2.2925347571405443,0.0,0.0,27.1125
16,23.0,3.0,8.0,1.0,0,11,Ahmedabad,Optibelt Power Transmission India Private Limited,392,7.9,3096.8,297.0,2346.3,1.3,3096.8,135.0,28,4,3,-0.5000000000000004,0.8660254037844384,0.45454545454545453,1,51.0,8.5,2.186051276738094,540.0,540.0,14.85
9,18.0,2.0,21.0,1.0,0,2,Hyderabad,NLC India,350,8.4,2940.0,253.8,2131.92,1.3,2940.0,90.0,20,0,0,0.8660254037844386,0.5000000000000001,0.35460992907801414,0,51.0,8.5,2.2407096892759584,0.0,0.0,21.150000000000002
10,18.0,2.0,5.0,1.0,0,1,Ratnagiri,TransRail Lighting,288,7.4,2131.2000000000003,207.9,1538.46,1.3,2131.2000000000003,90.0,20,0,0,0.49999999999999994,0.8660254037844387,0.4329004329004329,1,36.0,6.0,2.128231705849268,0.0,0.0,15.992307692307692
5,19.0,3.0,16.0,1.0,0,11,Shimla,Indowind Energy,375,7.7,2887.5,279.9,2155.23,1.3,2887.5,135.0,28,4,3,-0.5000000000000004,0.8660254037844384,0.482315112540193,1,44.0,7.333333333333333,2.163323025660538,540.0,540.0,31.099999999999998
7,18.0,3.0,3.0,1.0,0,2,New Delhi,Adani Power Ltd.,244,8.5,2074.0,240.6,2045.1,1.0141313383208646,2074.0,135.0,20,0,0,0.8660254037844386,0.5000000000000001,0.5610972568578554,1,32.0,5.333333333333333,2.2512917986064953,0.0,0.0,21.87272727272727
9,17.0,0.0,7.0,1.0,0,11,Navi Mumbai,NTPC Pvt. Ltd.,168,9.3,1562.4,117.3,1090.89,1.3,1562.4,0.0,28,4,3,-0.5000000000000004,0.8660254037844384,0.0,0,34.0,5.666666666666667,2.33214389523559,0.0,0.0,11.73
12,22.0,3.0,6.0,1.0,0,7,New Delhi,Tata Power Company Ltd.,369,8.5,3136.5,278.1,2363.8500000000004,1.3,3136.5,135.0,32,8,2,-0.4999999999999997,-0.8660254037844388,0.48543689320388345,1,44.0,7.333333333333333,2.2512917986064953,1080.0,1080.0,17.38125
8,18.0,1.0,8.0,1.0,0,8,Navi Mumbai,Reliance Power,228,9.3,2120.4,167.7,1559.61,1.3,2120.4,45.0,32,8,2,-0.8660254037844385,-0.5000000000000004,0.2683363148479428,0,36.0,6.0,2.33214389523559,360.0,360.0,16.77
6,18.0,3.0,9.0,7.0,0,5,Vadodara,Kalpataru Power,381,7.8,2971.8,261.9,2042.8199999999997,1.3,2971.8,135.0,38,14,1,0.49999999999999994,-0.8660254037844387,0.5154639175257733,1,43.0,7.166666666666667,2.174751721484161,1890.0,1890.0,26.189999999999998
9,20.0,3.0,6.0,1.0,0,9,Noida,Sunil Hitech Eng,348,8.2,2853.6,262.8,2154.96,1.3,2853.6,135.0,32,8,2,-1.0,-1.8369701987210297e-16,0.5136986301369862,1,39.0,6.5,2.2192034840549946,1080.0,1080.0,20.215384615384615
8,22.0,3.0,6.0,1.0,0,2,Ahmedabad,Sterlite Power Transmission Ltd,273,7.9,2156.7000000000003,269.7,2130.63,1.0122358175750834,2156.7000000000003,135.0,20,0,0,0.8660254037844386,0.5000000000000001,0.5005561735261401,1,40.0,6.666666666666667,2.186051276738094,0.0,0.0,22.474999999999998
9,22.0,2.0,7.0,1.0,0,5,New Delhi,Guj Ind Power,315,8.5,2677.5,229.8,1953.3000000000002,1.3,2677.5,90.0,38,14,1,0.49999999999999994,-0.8660254037844387,0.39164490861618795,0,41.0,6.833333333333333,2.2512917986064953,1260.0,1260.0,19.150000000000002
8,17.0,1.0,6.0,1.0,0,12,Faridabad,Adani Power Ltd.,216,8.1,1749.6,157.2,1273.32,1.3,1749.6,45.0,20,0,0,-2.4492935982947064e-16,1.0,0.28625954198473286,0,33.0,5.5,2.2082744135228043,0.0,0.0,15.719999999999999
14,23.0,3.0,20.0,1.0,0,2,Mumbai,Bonfiglioli Transmission Pvt. Ltd.,449,9.2,4130.799999999999,328.8,3024.96,1.3,4130.799999999999,135.0,20,0,0,0.8660254037844386,0.5000000000000001,0.4105839416058394,1,61.0,10.166666666666666,2.322387720290225,0.0,0.0,18.266666666666666
7,18.0,2.0,11.0,1.0,0,8,Dahej,TransRail Lighting,303,7.6,2302.8,219.6,1668.9599999999998,1.3,2302.8,90.0,32,8,2,-0.8660254037844385,-0.5000000000000004,0.4098360655737705,1,39.0,6.5,2.151762203259462,720.0,720.0,21.96
10,17.0,2.0,6.0,7.0,0,12,Nagpur,NTPC Pvt. Ltd.,317,8.9,2821.3,211.8,1885.0200000000002,1.3,2821.3,90.0,20,0,0,-2.4492935982947064e-16,1.0,0.4249291784702549,1,42.0,7.0,2.2925347571405443,0.0,0.0,16.292307692307695
8,19.0,1.0,3.0,1.0,0,9,Mumbai,Reliance Energy,224,9.2,2060.8,157.2,1446.2399999999998,1.3,2060.8,45.0,32,8,2,-1.0,-1.8369701987210297e-16,0.28625954198473286,0,32.0,5.333333333333333,2.322387720290225,360.0,360.0,15.719999999999999
9,18.0,3.0,14.0,1.0,0,12,Noida,Tata Power Company Ltd.,350,8.2,2869.9999999999995,277.8,2277.96,1.2598992080633546,2869.9999999999995,135.0,20,0,0,-2.4492935982947064e-16,1.0,0.48596112311015116,1,45.0,7.5,2.2192034840549946,0.0,0.0,21.36923076923077
8,17.0,2.0,3.0,1.0,0,6,Gurgaon,Sterlite Power Transmission Ltd,234,8.3,1942.2000000000005,193.2,1603.56,1.2111801242236029,1942.2000000000005,90.0,38,14,2,1.2246467991473532e-16,-1.0,0.46583850931677023,1,31.0,5.166666666666667,2.2300144001592104,1260.0,1260.0,17.563636363636363
15,22.0,3.0,14.0,1.0,0,12,Chennai,"Maha Transco – Maharashtra State Electricity Transmission Co, Ltd.",455,8.8,4004.000000000001,308.4,2713.92,1.3,4004.000000000001,135.0,20,0,0,-2.4492935982947064e-16,1.0,0.43774319066147865,1,55.0,9.166666666666666,2.2823823856765264,0.0,0.0,16.23157894736842
17,23.0,3.0,14.0,1.0,0,2,Ratnagiri,JSW Energy Ltd.,442,7.4,3270.8,317.1,2346.5400000000004,1.3,3270.8,135.0,20,0,0,0.8660254037844386,0.5000000000000001,0.4257332071901608,1,58.0,9.666666666666666,2.128231705849268,0.0,0.0,15.100000000000001
10,21.0,2.0,6.0,1.0,0,1,Mumbai,Reliance Energy,318,9.2,2925.6,224.4,2064.48,1.3,2925.6,90.0,20,0,0,0.49999999999999994,0.8660254037844387,0.40106951871657753,1,40.0,6.666666666666667,2.322387720290225,0.0,0.0,17.26153846153846
13,22.0,3.0,4.0,12.0,0,6,Faridabad,Jaiprakash Power,426,8.1,3450.6,284.1,2301.21,1.3,3450.6,135.0,38,14,2,1.2246467991473532e-16,-1.0,0.4751847940865892,1,54.0,9.0,2.2082744135228043,1890.0,1890.0,16.711764705882356
6,18.0,2.0,8.0,1.0,0,1,Shimla,Indowind Energy,288,7.7,2217.6,208.5,1605.45,1.3,2217.6,90.0,20,0,0,0.49999999999999994,0.8660254037844387,0.4316546762589928,1,35.0,5.833333333333333,2.163323025660538,0.0,0.0,23.166666666666668
6,17.0,3.0,5.0,1.0,0,5,New Delhi,Ratnagiri Gas and Power Pvt. Ltd. (RGPPL),283,8.5,2405.5,240.0,2040.0,1.1791666666666667,2405.5,135.0,38,14,1,0.49999999999999994,-0.8660254037844387,0.5625,1,32.0,5.333333333333333,2.2512917986064953,1890.0,1890.0,24.0
18,23.0,2.0,13.0,1.0,0,2,Noida,Indowind Energy,377,8.2,3091.4,271.2,2223.8399999999997,1.3,3091.4,90.0,20,0,0,0.8660254037844386,0.5000000000000001,0.33185840707964603,0,57.0,9.5,2.2192034840549946,0.0,0.0,12.914285714285715
23,22.0,3.0,9.0,1.0,0,8,Dahej,Toshiba Transmission & Distribution Systems (India) Pvt. Ltd.,453,7.6,3442.8,310.2,2357.52,1.3,3442.8,135.0,32,8,2,-0.8660254037844385,-0.5000000000000004,0.43520309477756286,1,58.0,9.666666666666666,2.151762203259462,1080.0,1080.0,11.488888888888889
13,22.0,2.0,19.0,1.0,0,2,Ratnagiri,"Maha Transco – Maharashtra State Electricity Transmission Co, Ltd.",402,7.4,2974.8,274.2,2029.08,1.3,2974.8,90.0,20,0,0,0.8660254037844386,0.5000000000000001,0.3282275711159738,0,57.0,9.5,2.128231705849268,0.0,0.0,17.1375
6,22.0,3.0,19.0,1.0,0,11,Mumbai,Jaiprakash Power,440,9.2,4048.0,304.5,2801.3999999999996,1.3,4048.0,135.0,28,4,3,-0.5000000000000004,0.8660254037844384,0.4433497536945813,1,51.0,8.5,2.322387720290225,540.0,540.0,30.45
13,22.0,3.0,3.0,1.0,0,4,Nagpur,Ringfeder Power Transmission India Pvt. Ltd.,356,8.9,3168.4,271.2,2413.68,1.3,3168.4,135.0,30,6,1,0.8660254037844387,-0.4999999999999998,0.497787610619469,1,42.0,7.0,2.2925347571405443,810.0,810.0,15.952941176470588
20,22.0,3.0,4.0,1.0,0,2,Ahmedabad,Reliance Energy,422,7.9,3333.8,288.9,2282.31,1.3,3333.8,135.0,20,0,0,0.8660254037844386,0.5000000000000001,0.4672897196261683,1,50.0,8.333333333333334,2.186051276738094,0.0,0.0,12.0375
17,22.0,3.0,5.0,1.0,0,11,Shimla,Neueon Towers / Sujana Towers Ltd.,390,7.7,3003.0,285.6,2199.1200000000003,1.3,3003.0,135.0,28,4,3,-0.5000000000000004,0.8660254037844384,0.4726890756302521,1,48.0,8.0,2.163323025660538,540.0,540.0,13.600000000000001
5,20.0,1.0,3.0,1.0,0,10,Faridabad,NTPC Pvt. Ltd.,220,8.1,1782.0,155.4,1258.74,1.3,1782.0,45.0,28,4,3,-0.8660254037844386,0.5000000000000001,0.28957528957528955,0,30.0,5.0,2.2082744135228043,180.0,180.0,22.2
9,22.0,3.0,20.0,1.0,0,4,Chennai,Guj Ind Power,451,8.8,3968.8,313.8,2761.4400000000005,1.3,3968.8,135.0,30,6,1,0.8660254037844387,-0.4999999999999998,0.43021032504780116,1,55.0,9.166666666666666,2.2823823856765264,810.0,810.0,24.138461538461538
10,19.0,3.0,10.0,1.0,0,4,Dahej,TransRail Lighting,380,7.6,2888.0,272.4,2070.24,1.3,2888.0,135.0,30,6,1,0.8660254037844387,-0.4999999999999998,0.4955947136563877,1,43.0,7.166666666666667,2.151762203259462,810.0,810.0,19.457142857142856
12,23.0,2.0,8.0,1.0,0,11,Navi Mumbai,Ratnagiri Gas and Power Pvt. Ltd. (RGPPL),352,9.3,3273.6000000000004,243.6,2265.48,1.3,3273.6000000000004,90.0,28,4,3,-0.5000000000000004,0.8660254037844384,0.3694581280788177,0,46.0,7.666666666666667,2.33214389523559,360.0,360.0,16.24
19,22.0,3.0,12.0,1.0,0,6,Pune,Reliance Power,455,9.1,4140.5,310.8,2828.28,1.3,4140.5,135.0,38,14,2,1.2246467991473532e-16,-1.0,0.4343629343629343,1,57.0,9.5,2.312535423847214,1890.0,1890.0,13.51304347826087
8,17.0,2.0,6.0,1.0,0,4,Faridabad,Torrent Power Ltd.,241,8.1,1952.1,202.2,1637.82,1.19188921859545,1952.1,90.0,30,6,1,0.8660254037844387,-0.4999999999999998,0.4451038575667656,1,34.0,5.666666666666667,2.2082744135228043,540.0,540.0,18.38181818181818
5,17.0,2.0,21.0,1.0,0,12,Noida,TransRail Lighting,338,8.2,2771.6,240.9,1975.3799999999999,1.3,2771.6,90.0,20,0,0,-2.4492935982947064e-16,1.0,0.37359900373599003,0,46.0,7.666666666666667,2.2192034840549946,0.0,0.0,30.1125
15,22.0,3.0,9.0,1.0,0,5,Ratnagiri,Neueon Towers / Sujana Towers Ltd.,412,7.4,3048.8,293.4,2171.16,1.3,3048.8,135.0,38,14,1,0.49999999999999994,-0.8660254037844387,0.4601226993865031,1,50.0,8.333333333333334,2.128231705849268,1890.0,1890.0,15.442105263157893
16,22.0,3.0,12.0,1.0,0,9,Hyderabad,Unitech Power Transmission Ltd.,429,8.4,3603.6,304.5,2557.8,1.3,3603.6,135.0,32,8,2,-1.0,-1.8369701987210297e-16,0.4433497536945813,1,54.0,9.0,2.2407096892759584,1080.0,1080.0,15.225
8,17.0,3.0,5.0,1.0,0,6,New Delhi,CESC,268,8.5,2278.0,244.2,2075.7,1.0974610974610977,2278.0,135.0,38,14,2,1.2246467991473532e-16,-1.0,0.5528255528255529,1,34.0,5.666666666666667,2.2512917986064953,1890.0,1890.0,20.349999999999998
8,18.0,1.0,8.0,1.0,0,2,Ratnagiri,Jyoti Structure,230,7.4,1702.0,167.7,1240.98,1.3,1702.0,45.0,20,0,0,0.8660254037844386,0.5000000000000001,0.2683363148479428,0,36.0,6.0,2.128231705849268,0.0,0.0,16.77
7,17.0,2.0,16.0,1.0,0,6,Chennai,Indowind Energy,307,8.8,2701.6000000000004,230.1,2024.88,1.3,2701.6000000000004,90.0,38,14,2,1.2246467991473532e-16,-1.0,0.39113428943937417,0,43.0,7.166666666666667,2.2823823856765264,1260.0,1260.0,23.009999999999998
11,23.0,3.0,10.0,1.0,0,9,Mumbai,Sunil Hitech Eng,418,9.2,3845.6,292.5,2691.0,1.3,3845.6,135.0,32,8,2,-1.0,-1.8369701987210297e-16,0.46153846153846156,1,48.0,8.0,2.322387720290225,1080.0,1080.0,19.5
7,17.0,1.0,3.0,1.0,0,4,Vadodara,Jyoti Structure,180,7.8,1404.0,146.1,1139.58,1.2320328542094456,1404.0,45.0,30,6,1,0.8660254037844387,-0.4999999999999998,0.3080082135523614,0,29.0,4.833333333333333,2.174751721484161,270.0,270.0,16.233333333333334
21,22.0,2.0,9.0,1.0,0,6,Navi Mumbai,L&T Transmission & Distribution,389,9.3,3617.7,261.0,2427.3,1.3,3617.7,90.0,38,14,2,1.2246467991473532e-16,-1.0,0.3448275862068966,0,55.0,9.166666666666666,2.33214389523559,1260.0,1260.0,10.875
7,18.0,1.0,10.0,1.0,0,7,Ahmedabad,Ratnagiri Gas and Power Pvt. Ltd. (RGPPL),252,7.9,1990.8,171.6,1355.64,1.3,1990.8,45.0,32,8,2,-0.4999999999999997,-0.8660254037844388,0.26223776223776224,0,37.0,6.166666666666667,2.186051276738094,360.0,360.0,19.066666666666666
9,21.0,3.0,10.0,1.0,0,12,Chennai,Toshiba Transmission & Distribution Systems (India) Pvt. Ltd.,399,8.8,3511.2000000000003,279.3,2457.84,1.3,3511.2000000000003,135.0,20,0,0,-2.4492935982947064e-16,1.0,0.4833512352309345,1,44.0,7.333333333333333,2.2823823856765264,0.0,0.0,21.484615384615385
12,22.0,2.0,4.0,1.0,0,3,Ahmedabad,Jyoti Structure,337,7.9,2662.3,227.1,1794.0900000000001,1.3,2662.3,90.0,30,6,1,1.0,6.123233995736766e-17,0.39630118890356675,0,41.0,6.833333333333333,2.186051276738094,540.0,540.0,15.139999999999999
11,22.0,2.0,4.0,1.0,0,1,New Delhi,Ratnagiri Gas and Power Pvt. Ltd. (RGPPL),330,8.5,2805.0,225.0,1912.5,1.3,2805.0,90.0,20,0,0,0.49999999999999994,0.8660254037844387,0.4,0,40.0,6.666666666666667,2.2512917986064953,0.0,0.0,16.071428571428573
7,22.0,3.0,3.0,1.0,0,10,Ahmedabad,NTPC Pvt. Ltd.,386,7.9,3049.4,258.6,2042.9400000000003,1.3,3049.4,135.0,28,4,3,-0.8660254037844386,0.5000000000000001,0.5220417633410672,1,36.0,6.0,2.186051276738094,540.0,540.0,23.50909090909091
13,23.0,3.0,6.0,1.0,0,8,Hyderabad,Jaiprakash Power,395,8.4,3318.0,284.7,2391.48,1.3,3318.0,135.0,32,8,2,-0.8660254037844385,-0.5000000000000004,0.4741833508956797,1,46.0,7.666666666666667,2.2407096892759584,1080.0,1080.0,16.74705882352941
17,23.0,3.0,3.0,1.0,0,4,Navi Mumbai,Reliance Energy,415,9.3,3859.500000000001,284.1,2642.1300000000006,1.3,3859.500000000001,135.0,30,6,1,0.8660254037844387,-0.4999999999999998,0.4751847940865892,1,47.0,7.833333333333333,2.33214389523559,810.0,810.0,13.52857142857143
15,22.0,3.0,9.0,1.0,0,6,Ahmedabad,JSW Energy Ltd.,388,7.9,3065.2000000000003,293.4,2317.86,1.3,3065.2000000000003,135.0,38,14,2,1.2246467991473532e-16,-1.0,0.4601226993865031,1,50.0,8.333333333333334,2.186051276738094,1890.0,1890.0,15.442105263157893
6,18.0,1.0,10.0,1.0,0,11,Pune,CESC,246,9.1,2238.6,169.5,1542.45,1.3,2238.6,45.0,28,4,3,-0.5000000000000004,0.8660254037844384,0.26548672566371684,0,36.0,6.0,2.312535423847214,180.0,180.0,21.1875
5,20.0,3.0,8.0,1.0,0,12,Gurgaon,Neueon Towers / Sujana Towers Ltd.,321,8.3,2664.3,260.4,2161.32,1.2327188940092166,2664.3,135.0,20,0,0,-2.4492935982947064e-16,1.0,0.5184331797235023,1,37.0,6.166666666666667,2.2300144001592104,0.0,0.0,28.93333333333333
10,20.0,3.0,4.0,1.0,0,1,New Delhi,Bonfiglioli Transmission Pvt. Ltd.,331,8.5,2813.5,258.9,2200.6499999999996,1.278485901892623,2813.5,135.0,20,0,0,0.49999999999999994,0.8660254037844387,0.5214368482039398,1,38.0,6.333333333333333,2.2512917986064953,0.0,0.0,18.49285714285714
5,20.0,3.0,14.0,1.0,0,3,Nagpur,NLC India,392,8.9,3488.8,278.4,2477.7599999999998,1.3,3488.8,135.0,30,6,1,1.0,6.123233995736766e-17,0.48491379310344834,1,43.0,7.166666666666667,2.2925347571405443,810.0,810.0,30.93333333333333
14,22.0,3.0,9.0,1.0,0,8,Vadodara,Ratnagiri Gas and Power Pvt. Ltd. (RGPPL),436,7.8,3400.8,291.3,2272.14,1.3,3400.8,135.0,32,8,2,-0.8660254037844385,-0.5000000000000004,0.4634397528321318,1,49.0,8.166666666666666,2.174751721484161,1080.0,1080.0,16.183333333333334
15,22.0,2.0,7.0,1.0,0,7,Kolkata,L&T Transmission & Distribution,359,8.7,3123.3,242.4,2108.8799999999997,1.3,3123.3,90.0,32,8,2,-0.4999999999999997,-0.8660254037844388,0.3712871287128713,0,47.0,7.833333333333333,2.272125885509337,720.0,720.0,13.466666666666667
5,20.0,1.0,7.0,1.0,0,12,Ahmedabad,Toshiba Transmission & Distribution Systems (India) Pvt. Ltd.,247,7.9,1951.3,167.4,1322.46,1.3,1951.3,45.0,20,0,0,-2.4492935982947064e-16,1.0,0.26881720430107525,0,34.0,5.666666666666667,2.186051276738094,0.0,0.0,23.914285714285715
6,22.0,3.0,4.0,1.0,0,7,New Delhi,Ringfeder Power Transmission India Pvt. Ltd.,370,8.5,3145.0,259.5,2205.75,1.3,3145.0,135.0,32,8,2,-0.4999999999999997,-0.8660254037844388,0.5202312138728323,1,36.0,6.0,2.2512917986064953,1080.0,1080.0,25.95
8,18.0,2.0,9.0,1.0,0,3,Dahej,Power Grid Corp,312,7.6,2371.2,215.7,1639.32,1.3,2371.2,90.0,30,6,1,1.0,6.123233995736766e-17,0.41724617524339364,1,38.0,6.333333333333333,2.151762203259462,540.0,540.0,19.60909090909091
23,23.0,3.0,13.0,1.0,0,2,Gurgaon,NHPC,479,8.3,3975.7,326.7,2711.61,1.3,3975.7,135.0,20,0,0,0.8660254037844386,0.5000000000000001,0.4132231404958678,1,63.0,10.5,2.2300144001592104,0.0,0.0,12.1
10,17.0,2.0,8.0,7.0,0,2,Pune,Adani Power Ltd.,293,9.1,2666.3,217.8,1981.98,1.3,2666.3,90.0,20,0,0,0.8660254037844386,0.5000000000000001,0.4132231404958677,1,44.0,7.333333333333333,2.312535423847214,0.0,0.0,16.753846153846155
15,22.0,3.0,9.0,1.0,0,2,Ratnagiri,Jyoti Structure,411,7.4,3041.4,293.4,2171.16,1.3,3041.4,135.0,20,0,0,0.8660254037844386,0.5000000000000001,0.4601226993865031,1,50.0,8.333333333333334,2.128231705849268,0.0,0.0,15.442105263157893
5,17.0,3.0,10.0,1.0,0,7,Ratnagiri,KEC International,312,7.4,2308.8,252.9,1871.46,1.2336892052194544,2308.8,135.0,32,8,2,-0.4999999999999997,-0.8660254037844388,0.5338078291814946,1,36.0,6.0,2.128231705849268,1080.0,1080.0,28.1
6,17.0,2.0,4.0,7.0,0,5,Shimla,Reliance Energy,263,7.7,2025.1,197.4,1519.98,1.3,2025.1,90.0,38,14,1,0.49999999999999994,-0.8660254037844387,0.45592705167173253,1,36.0,6.0,2.163323025660538,1260.0,1260.0,21.933333333333334
9,22.0,3.0,7.0,1.0,0,8,Shimla,JSW Energy Ltd.,361,7.7,2779.7000000000003,274.8,2115.96,1.3,2779.7000000000003,135.0,32,8,2,-0.8660254037844385,-0.5000000000000004,0.4912663755458515,1,42.0,7.0,2.163323025660538,1080.0,1080.0,21.138461538461538
14,22.0,3.0,8.0,1.0,0,2,New Delhi,Indowind Energy,326,8.5,2771.0,288.3,2450.55,1.130766562608394,2771.0,135.0,20,0,0,0.8660254037844386,0.5000000000000001,0.46826222684703434,1,48.0,8.0,2.2512917986064953,0.0,0.0,16.016666666666666
20,22.0,3.0,10.0,1.0,0,10,Faridabad,Sterlite Power Transmission Ltd,454,8.1,3677.4,306.9,2485.89,1.3,3677.4,135.0,28,4,3,-0.8660254037844386,0.5000000000000001,0.43988269794721413,1,56.0,9.333333333333334,2.2082744135228043,540.0,540.0,12.7875
6,18.0,3.0,9.0,1.0,0,9,New Delhi,Orient Green,332,8.5,2822.0,256.5,2180.25,1.2943469785575048,2822.0,135.0,32,8,2,-1.0,-1.8369701987210297e-16,0.5263157894736842,1,37.0,6.166666666666667,2.2512917986064953,1080.0,1080.0,25.65
6,17.0,2.0,4.0,1.0,0,10,Dahej,TransRail Lighting,261,7.6,1983.6,192.0,1459.1999999999998,1.3,1983.6,90.0,28,4,3,-0.8660254037844386,0.5000000000000001,0.46875,1,30.0,5.0,2.151762203259462,360.0,360.0,21.333333333333332
13,23.0,3.0,5.0,1.0,0,4,New Delhi,Ringfeder Power Transmission India Pvt. Ltd.,366,8.5,3111.0,281.7,2394.45,1.2992545260915869,3111.0,135.0,30,6,1,0.8660254037844387,-0.4999999999999998,0.4792332268370607,1,45.0,7.5,2.2512917986064953,810.0,810.0,16.570588235294117
8,18.0,3.0,9.0,1.0,0,4,Pune,Unitech Power Transmission Ltd.,300,9.1,2730.0,260.7,2372.37,1.1507479861910241,2730.0,135.0,30,6,1,0.8660254037844387,-0.4999999999999998,0.5178365937859609,1,39.0,6.5,2.312535423847214,810.0,810.0,21.724999999999998
9,19.0,3.0,16.0,1.0,0,2,Chennai,Toshiba Transmission & Distribution Systems (India) Pvt. Ltd.,319,8.8,2807.2000000000003,288.3,2537.0400000000004,1.1064862989941033,2807.2000000000003,135.0,20,0,0,0.8660254037844386,0.5000000000000001,0.46826222684703434,1,48.0,8.0,2.2823823856765264,0.0,0.0,22.176923076923078
13,23.0,2.0,9.0,1.0,0,11,Mumbai,Sterlite Power Transmission Ltd,366,9.2,3367.2,248.7,2288.0399999999995,1.3,3367.2,90.0,28,4,3,-0.5000000000000004,0.8660254037844384,0.3618817852834741,0,48.0,8.0,2.322387720290225,360.0,360.0,15.54375
7,22.0,2.0,8.0,1.0,0,2,Dahej,Bonfiglioli Transmission Pvt. Ltd.,270,7.6,2052.0,228.6,1737.36,1.1811023622047245,2052.0,90.0,20,0,0,0.8660254037844386,0.5000000000000001,0.3937007874015748,0,40.0,6.666666666666667,2.151762203259462,0.0,0.0,22.86
16,22.0,3.0,10.0,1.0,0,3,Vadodara,Ratnagiri Gas and Power Pvt. Ltd. (RGPPL),415,7.8,3237.0,298.5,2328.2999999999997,1.3,3237.0,135.0,30,6,1,1.0,6.123233995736766e-17,0.45226130653266333,1,52.0,8.666666666666666,2.174751721484161,810.0,810.0,14.925
14,23.0,3.0,11.0,1.0,0,9,Chennai,KEC International,441,8.8,3880.8,301.8,2655.84,1.3,3880.8,135.0,32,8,2,-1.0,-1.8369701987210297e-16,0.44731610337972166,1,52.0,8.666666666666666,2.2823823856765264,1080.0,1080.0,16.766666666666666
17,22.0,3.0,13.0,1.0,0,2,Faridabad,KEC International,419,8.1,3393.9,309.6,2507.76,1.3,3393.9,135.0,20,0,0,0.8660254037844386,0.5000000000000001,0.4360465116279069,1,56.0,9.333333333333334,2.2082744135228043,0.0,0.0,14.742857142857144
6,22.0,2.0,6.0,1.0,0,1,Nagpur,L&T Transmission & Distribution,321,8.9,2856.9,220.5,1962.45,1.3,2856.9,90.0,20,0,0,0.49999999999999994,0.8660254037844387,0.40816326530612246,1,37.0,6.166666666666667,2.2925347571405443,0.0,0.0,24.5
5,19.0,3.0,17.0,1.0,0,3,Shimla,Reliance Energy,423,7.7,3257.1,282.9,2178.33,1.3,3257.1,135.0,30,6,1,1.0,6.123233995736766e-17,0.47720042417815484,1,45.0,7.5,2.163323025660538,810.0,810.0,31.43333333333333
17,22.0,2.0,6.0,1.0,0,1,Faridabad,Optibelt Power Transmission India Private Limited,355,8.1,2875.5,243.6,1973.1599999999999,1.3,2875.5,90.0,20,0,0,0.49999999999999994,0.8660254037844387,0.3694581280788177,0,48.0,8.0,2.2082744135228043,0.0,0.0,12.18
11,22.0,2.0,7.0,1.0,0,8,Gurgaon,Unitech Power Transmission Ltd.,328,8.3,2722.4,234.0,1942.2000000000003,1.3,2722.4,90.0,32,8,2,-0.8660254037844385,-0.5000000000000004,0.38461538461538464,0,43.0,7.166666666666667,2.2300144001592104,720.0,720.0,16.714285714285715
9,17.0,2.0,20.0,1.0,0,1,Shimla,"Maha Transco – Maharashtra State Electricity Transmission Co, Ltd.",366,7.7,2818.2000000000003,246.3,1896.5100000000002,1.3,2818.2000000000003,90.0,20,0,0,0.49999999999999994,0.8660254037844387,0.3654080389768575,0,49.0,8.166666666666666,2.163323025660538,0.0,0.0,20.525000000000002
7,18.0,1.0,8.0,1.0,0,12,Noida,Neueon Towers / Sujana Towers Ltd.,230,8.2,1886.0,165.6,1357.9199999999998,1.3,1886.0,45.0,20,0,0,-2.4492935982947064e-16,1.0,0.2717391304347826,0,35.0,5.833333333333333,2.2192034840549946,0.0,0.0,18.4
12,23.0,3.0,12.0,1.0,0,8,Nagpur,Ringfeder Power Transmission India Pvt. Ltd.,431,8.9,3835.9,300.6,2675.34,1.3,3835.9,135.0,32,8,2,-0.8660254037844385,-0.5000000000000004,0.4491017964071856,1,51.0,8.5,2.2925347571405443,1080.0,1080.0,18.7875
10,18.0,2.0,6.0,1.0,0,9,Nagpur,Orient Green,315,8.9,2803.5,210.9,1877.0100000000002,1.3,2803.5,90.0,32,8,2,-1.0,-1.8369701987210297e-16,0.4267425320056899,1,37.0,6.166666666666667,2.2925347571405443,720.0,720.0,16.223076923076924
12,23.0,2.0,10.0,1.0,0,4,Mumbai,Ringfeder Power Transmission India Pvt. Ltd.,374,9.2,3440.8,249.6,2296.3199999999997,1.3,3440.8,90.0,30,6,1,0.8660254037844387,-0.4999999999999998,0.3605769230769231,0,48.0,8.0,2.322387720290225,540.0,540.0,16.64
6,17.0,1.0,10.0,1.0,0,8,Faridabad,NLC India,232,8.1,1879.2,165.0,1336.5,1.3,1879.2,45.0,32,8,2,-0.8660254037844385,-0.5000000000000004,0.2727272727272727,0,35.0,5.833333333333333,2.2082744135228043,360.0,360.0,20.625
7,21.0,3.0,6.0,1.0,0,9,Shimla,Reliance Energy,313,7.7,2410.1,263.1,2025.8700000000001,1.1896617255796273,2410.1,135.0,32,8,2,-1.0,-1.8369701987210297e-16,0.5131128848346636,1,38.0,6.333333333333333,2.163323025660538,1080.0,1080.0,23.91818181818182
8,17.0,3.0,6.0,1.0,0,7,Ahmedabad,Bonfiglioli Transmission Pvt. Ltd.,370,7.9,2923.0,247.2,1952.88,1.3,2923.0,135.0,32,8,2,-0.4999999999999997,-0.8660254037844388,0.5461165048543689,1,35.0,5.833333333333333,2.186051276738094,1080.0,1080.0,20.599999999999998
10,23.0,3.0,4.0,1.0,0,8,Kolkata,Orient Green,373,8.7,3245.1,272.4,2369.8799999999997,1.3,3245.1,135.0,32,8,2,-0.8660254037844385,-0.5000000000000004,0.4955947136563877,1,41.0,6.833333333333333,2.272125885509337,1080.0,1080.0,19.457142857142856
7,23.0,3.0,15.0,1.0,0,4,Noida,NTPC Pvt. Ltd.,432,8.2,3542.4,299.1,2452.62,1.3,3542.4,135.0,30,6,1,0.8660254037844387,-0.4999999999999998,0.45135406218655966,1,49.0,8.166666666666666,2.2192034840549946,810.0,810.0,27.19090909090909
6,20.0,3.0,9.0,1.0,0,9,Mumbai,Jaiprakash Power,301,9.2,2769.2,265.5,2442.6,1.1337099811676083,2769.2,135.0,32,8,2,-1.0,-1.8369701987210297e-16,0.5084745762711864,1,39.0,6.5,2.322387720290225,1080.0,1080.0,26.55
7,20.0,3.0,8.0,1.0,0,2,Vadodara,L&T Transmission & Distribution,340,7.8,2652.0,264.6,2063.88,1.2849584278155706,2652.0,135.0,20,0,0,0.8660254037844386,0.5000000000000001,0.5102040816326531,1,39.0,6.5,2.174751721484161,0.0,0.0,24.05454545454546
7,19.0,3.0,6.0,1.0,0,5,Ahmedabad,Unitech Power Transmission Ltd.,357,7.9,2820.3,254.1,2007.39,1.3,2820.3,135.0,38,14,1,0.49999999999999994,-0.8660254037844387,0.5312868949232585,1,36.0,6.0,2.186051276738094,1890.0,1890.0,23.099999999999998
23,22.0,3.0,11.0,1.0,0,2,Ratnagiri,Power Grid Corp,400,7.4,2960.0,316.2,2339.88,1.265022137887413,2960.0,135.0,20,0,0,0.8660254037844386,0.5000000000000001,0.4269449715370019,1,60.0,10.0,2.128231705849268,0.0,0.0,11.71111111111111
10,22.0,2.0,12.0,1.0,0,8,Hyderabad,NHPC,361,8.4,3032.4,246.9,2073.96,1.3,3032.4,90.0,32,8,2,-0.8660254037844385,-0.5000000000000004,0.3645200486026731,0,47.0,7.833333333333333,2.2407096892759584,720.0,720.0,18.992307692307694
11,22.0,3.0,7.0,1.0,0,4,Nagpur,Jaiprakash Power,347,8.9,3088.3,279.0,2483.1,1.2437275985663083,3088.3,135.0,30,6,1,0.8660254037844387,-0.4999999999999998,0.4838709677419355,1,44.0,7.333333333333333,2.2925347571405443,810.0,810.0,18.6
14,22.0,2.0,4.0,1.0,0,2,Nagpur,CESC,274,8.9,2438.6,231.3,2058.57,1.1846087332468653,2438.6,90.0,20,0,0,0.8660254037844386,0.5000000000000001,0.38910505836575876,0,43.0,7.166666666666667,2.2925347571405443,0.0,0.0,13.605882352941178
6,21.0,3.0,3.0,1.0,0,2,Shimla,Adani Power Ltd.,249,7.7,1917.3,252.0,1940.4,0.988095238095238,1917.3,135.0,20,0,0,0.8660254037844386,0.5000000000000001,0.5357142857142857,1,34.0,5.666666666666667,2.163323025660538,0.0,0.0,25.2
5,18.0,3.0,6.0,1.0,0,12,Ahmedabad,NTPC Pvt. Ltd.,294,7.9,2322.6,245.4,1938.66,1.198044009779951,2322.6,135.0,20,0,0,-2.4492935982947064e-16,1.0,0.5501222493887531,1,33.0,5.5,2.186051276738094,0.0,0.0,27.266666666666666
20,22.0,1.0,4.0,1.0,0,2,Dahej,Guj Ind Power,267,7.6,2029.2,198.9,1511.6399999999999,1.3,2029.2,45.0,20,0,0,0.8660254037844386,0.5000000000000001,0.22624434389140272,0,48.0,8.0,2.151762203259462,0.0,0.0,9.040909090909091
10,19.0,3.0,9.0,1.0,0,7,New Delhi,Ringfeder Power Transmission India Pvt. Ltd.,336,8.5,2856.0,269.4,2289.8999999999996,1.2472160356347441,2856.0,135.0,32,8,2,-0.4999999999999997,-0.8660254037844388,0.5011135857461025,1,42.0,7.0,2.2512917986064953,1080.0,1080.0,19.24285714285714
8,22.0,3.0,11.0,1.0,0,6,Hyderabad,NTPC Pvt. Ltd.,419,8.4,3519.6000000000004,284.7,2391.48,1.3,3519.6000000000004,135.0,38,14,2,1.2246467991473532e-16,-1.0,0.4741833508956797,1,45.0,7.5,2.2407096892759584,1890.0,1890.0,23.724999999999998
21,23.0,3.0,3.0,1.0,0,4,Vadodara,Unitech Power Transmission Ltd.,418,7.8,3260.4,292.5,2281.5,1.3,3260.4,135.0,30,6,1,0.8660254037844387,-0.4999999999999998,0.46153846153846156,1,51.0,8.5,2.174751721484161,810.0,810.0,11.7
10,21.0,2.0,19.0,1.0,0,2,Vadodara,SJVN Ltd.,367,7.8,2862.6,263.4,2054.52,1.3,2862.6,90.0,20,0,0,0.8660254037844386,0.5000000000000001,0.34168564920273353,0,53.0,8.833333333333334,2.174751721484161,0.0,0.0,20.26153846153846
5,19.0,3.0,4.0,1.0,0,12,Kolkata,GE T&D India Limited,278,8.7,2418.6,243.9,2121.93,1.1398113981139812,2418.6,135.0,20,0,0,-2.4492935982947064e-16,1.0,0.5535055350553505,1,32.0,5.333333333333333,2.272125885509337,0.0,0.0,27.1
5,23.0,2.0,7.0,1.0,0,1,Faridabad,L&T Transmission & Distribution,306,8.1,2478.6,225.9,1829.79,1.3,2478.6,90.0,20,0,0,0.49999999999999994,0.8660254037844387,0.398406374501992,0,38.0,6.333333333333333,2.2082744135228043,0.0,0.0,28.2375
5,21.0,3.0,10.0,1.0,0,9,Vadodara,GE T&D India Limited,333,7.8,2597.4,270.9,2113.02,1.2292358803986712,2597.4,135.0,32,8,2,-1.0,-1.8369701987210297e-16,0.49833887043189373,1,40.0,6.666666666666667,2.174751721484161,1080.0,1080.0,30.099999999999998
23,23.0,3.0,3.0,1.0,0,9,Hyderabad,Indowind Energy,392,8.4,3292.8,296.7,2492.28,1.3,3292.8,135.0,32,8,2,-1.0,-1.8369701987210297e-16,0.45500505561172905,1,53.0,8.833333333333334,2.2407096892759584,1080.0,1080.0,10.988888888888889
6,17.0,3.0,9.0,1.0,0,9,Kolkata,L&T Transmission & Distribution,321,8.7,2792.7,252.0,2192.3999999999996,1.273809523809524,2792.7,135.0,32,8,2,-1.0,-1.8369701987210297e-16,0.5357142857142857,1,36.0,6.0,2.272125885509337,1080.0,1080.0,25.2
10,23.0,2.0,4.0,1.0,0,9,Ratnagiri,Jyoti Structure,322,7.4,2382.8,227.4,1682.7600000000002,1.3,2382.8,90.0,32,8,2,-1.0,-1.8369701987210297e-16,0.39577836411609496,0,40.0,6.666666666666667,2.128231705849268,720.0,720.0,17.492307692307694
22,22.0,2.0,16.0,1.0,0,2,New Delhi,NLC India,408,8.5,3468.0,284.1,2414.8500000000004,1.3,3468.0,90.0,20,0,0,0.8660254037844386,0.5000000000000001,0.3167898627243928,0,63.0,10.5,2.2512917986064953,0.0,0.0,11.364
5,19.0,3.0,4.0,7.0,0,8,Nagpur,Reliance Energy,328,8.9,2919.2000000000003,249.3,2218.77,1.3,2919.2000000000003,135.0,32,8,2,-0.8660254037844385,-0.5000000000000004,0.5415162454873645,1,38.0,6.333333333333333,2.2925347571405443,1080.0,1080.0,27.700000000000003
12,22.0,2.0,22.0,1.0,0,2,Nagpur,Orient Green,421,8.9,3746.9,281.1,2501.7900000000004,1.3,3746.9,90.0,20,0,0,0.8660254037844386,0.5000000000000001,0.32017075773745995,0,59.0,9.833333333333334,2.2925347571405443,0.0,0.0,18.740000000000002
8,19.0,3.0,16.0,7.0,0,2,New Delhi,Jyoti Structure,417,8.5,3544.5,291.6,2478.6000000000004,1.3,3544.5,135.0,20,0,0,0.8660254037844386,0.5000000000000001,0.4629629629629629,1,53.0,8.833333333333334,2.2512917986064953,0.0,0.0,24.3
21,22.0,3.0,12.0,1.0,0,6,Vadodara,Power Grid Corp,465,7.8,3627.0,315.0,2457.0,1.3,3627.0,135.0,38,14,2,1.2246467991473532e-16,-1.0,0.42857142857142855,1,59.0,9.833333333333334,2.174751721484161,1890.0,1890.0,12.6
5,18.0,3.0,8.0,1.0,0,12,Chennai,CESC,341,8.8,3000.8,251.4,2212.32,1.3,3000.8,135.0,20,0,0,-2.4492935982947064e-16,1.0,0.5369928400954653,1,35.0,5.833333333333333,2.2823823856765264,0.0,0.0,27.933333333333334
8,21.0,3.0,6.0,7.0,0,9,Hyderabad,Jyoti Structure,393,8.4,3301.2000000000003,270.6,2273.0400000000004,1.3,3301.2000000000003,135.0,32,8,2,-1.0,-1.8369701987210297e-16,0.4988913525498891,1,45.0,7.5,2.2407096892759584,1080.0,1080.0,22.55
6,17.0,3.0,6.0,1.0,0,4,Dahej,Ratnagiri Gas and Power Pvt. Ltd. (RGPPL),325,7.6,2470.0,243.0,1846.8,1.3,2470.0,135.0,30,6,1,0.8660254037844387,-0.4999999999999998,0.5555555555555556,1,33.0,5.5,2.151762203259462,810.0,810.0,24.3
9,21.0,3.0,11.0,1.0,0,8,Mumbai,Jyoti Structure,367,9.2,3376.4,282.3,2597.16,1.3,3376.4,135.0,32,8,2,-0.8660254037844385,-0.5000000000000004,0.4782146652497343,1,45.0,7.5,2.322387720290225,1080.0,1080.0,21.715384615384615
9,17.0,3.0,13.0,1.0,0,6,Gurgaon,Orient Green,370,8.3,3071.0000000000005,270.3,2243.4900000000002,1.3,3071.0000000000005,135.0,38,14,2,1.2246467991473532e-16,-1.0,0.49944506104328523,1,43.0,7.166666666666667,2.2300144001592104,1890.0,1890.0,20.792307692307695
23,22.0,3.0,3.0,1.0,0,7,Kolkata,Reliance Power,420,8.7,3654.0,292.2,2542.14,1.3,3654.0,135.0,32,8,2,-0.4999999999999997,-0.8660254037844388,0.4620123203285421,1,52.0,8.666666666666666,2.272125885509337,1080.0,1080.0,10.822222222222221
6,20.0,2.0,12.0,1.0,0,9,Dahej,Adani Power Ltd.,336,7.6,2553.6,229.5,1744.1999999999998,1.3,2553.6,90.0,32,8,2,-1.0,-1.8369701987210297e-16,0.39215686274509803,0,41.0,6.833333333333333,2.151762203259462,720.0,720.0,25.5
12,23.0,3.0,9.0,1.0,0,11,Nagpur,Kalpataru Power,402,8.9,3577.8,291.6,2595.2400000000002,1.3,3577.8,135.0,28,4,3,-0.5000000000000004,0.8660254037844384,0.4629629629629629,1,48.0,8.0,2.2925347571405443,540.0,540.0,18.225
21,23.0,3.0,3.0,1.0,0,3,Navi Mumbai,"Maha Transco – Maharashtra State Electricity Transmission Co, Ltd.",433,9.3,4026.9,292.5,2720.25,1.3,4026.9,135.0,30,6,1,1.0,6.123233995736766e-17,0.46153846153846156,1,51.0,8.5,2.33214389523559,810.0,810.0,11.7
6,19.0,2.0,6.0,1.0,0,7,New Delhi,Bonfiglioli Transmission Pvt. Ltd.,279,8.5,2371.5,207.0,1759.5,1.3,2371.5,90.0,32,8,2,-0.4999999999999997,-0.8660254037844388,0.43478260869565216,1,34.0,5.666666666666667,2.2512917986064953,720.0,720.0,23.0
23,22.0,3.0,5.0,1.0,0,1,New Delhi,JSW Energy Ltd.,424,8.5,3604.0,298.2,2534.7,1.3,3604.0,135.0,20,0,0,0.49999999999999994,0.8660254037844387,0.45271629778672035,1,54.0,9.0,2.2512917986064953,0.0,0.0,11.044444444444444
6,20.0,3.0,17.0,1.0,0,2,Dahej,Reliance Power,338,7.6,2568.8,289.5,2200.2,1.1675302245250434,2568.8,135.0,20,0,0,0.8660254037844386,0.5000000000000001,0.46632124352331605,1,47.0,7.833333333333333,2.151762203259462,0.0,0.0,28.95
5,18.0,3.0,21.0,1.0,0,2,Shimla,NHPC,330,7.7,2541.0,290.4,2236.08,1.1363636363636365,2541.0,135.0,20,0,0,0.8660254037844386,0.5000000000000001,0.4648760330578513,1,48.0,8.0,2.163323025660538,0.0,0.0,32.266666666666666
15,22.0,2.0,5.0,1.0,0,2,Ratnagiri,Power Grid Corp,327,7.4,2419.8,236.4,1749.3600000000001,1.3,2419.8,90.0,20,0,0,0.8660254037844386,0.5000000000000001,0.38071065989847713,0,45.0,7.5,2.128231705849268,0.0,0.0,13.133333333333333
6,21.0,2.0,5.0,1.0,0,2,Navi Mumbai,CESC,264,9.3,2455.2000000000003,213.0,1980.9,1.23943661971831,2455.2000000000003,90.0,20,0,0,0.8660254037844386,0.5000000000000001,0.4225352112676056,1,35.0,5.833333333333333,2.33214389523559,0.0,0.0,23.666666666666668
6,17.0,3.0,15.0,1.0,0,8,Pune,Ringfeder Power Transmission India Pvt. Ltd.,385,9.1,3503.5,270.0,2457.0,1.3,3503.5,135.0,32,8,2,-0.8660254037844385,-0.5000000000000004,0.5,1,42.0,7.0,2.312535423847214,1080.0,1080.0,27.0
17,23.0,3.0,11.0,1.0,0,2,Dahej,Indowind Energy,394,7.6,2994.4,308.1,2341.56,1.278805582603051,2994.4,135.0,20,0,0,0.8660254037844386,0.5000000000000001,0.43816942551119764,1,55.0,9.166666666666666,2.151762203259462,0.0,0.0,14.671428571428573
9,18.0,3.0,15.0,1.0,0,10,Faridabad,NLC India,366,8.1,2964.6,280.8,2274.48,1.3,2964.6,135.0,28,4,3,-0.8660254037844386,0.5000000000000001,0.4807692307692307,1,46.0,7.666666666666667,2.2082744135228043,540.0,540.0,21.6
9,18.0,2.0,4.0,7.0,0,9,Hyderabad,NHPC,306,8.4,2570.4,208.2,1748.8799999999999,1.3,2570.4,90.0,32,8,2,-1.0,-1.8369701987210297e-16,0.43227665706051877,1,40.0,6.666666666666667,2.2407096892759584,720.0,720.0,17.349999999999998
15,23.0,2.0,5.0,1.0,0,12,Nagpur,Jaiprakash Power,343,8.9,3052.7000000000003,240.9,2144.01,1.3,3052.7000000000003,90.0,20,0,0,-2.4492935982947064e-16,1.0,0.37359900373599003,0,46.0,7.666666666666667,2.2925347571405443,0.0,0.0,13.383333333333333
12,22.0,3.0,14.0,1.0,0,9,Gurgaon,Tata Power Company Ltd.,421,8.3,3494.3,302.1,2507.4300000000003,1.3,3494.3,135.0,32,8,2,-1.0,-1.8369701987210297e-16,0.44687189672293937,1,52.0,8.666666666666666,2.2300144001592104,1080.0,1080.0,18.88125
7,20.0,3.0,3.0,1.0,0,8,Shimla,Ringfeder Power Transmission India Pvt. Ltd.,347,7.7,2671.9,249.6,1921.92,1.3,2671.9,135.0,32,8,2,-0.8660254037844385,-0.5000000000000004,0.5408653846153846,1,34.0,5.666666666666667,2.163323025660538,1080.0,1080.0,22.69090909090909
11,23.0,3.0,20.0,1.0,0,2,Gurgaon,Sterlite Power Transmission Ltd,477,8.3,3959.1,322.5,2676.7500000000005,1.3,3959.1,135.0,20,0,0,0.8660254037844386,0.5000000000000001,0.4186046511627907,1,58.0,9.666666666666666,2.2300144001592104,0.0,0.0,21.5
10,17.0,3.0,7.0,1.0,0,8,Noida,Unitech Power Transmission Ltd.,300,8.2,2460.0,254.4,2086.08,1.179245283018868,2460.0,135.0,32,8,2,-0.8660254037844385,-0.5000000000000004,0.5306603773584906,1,38.0,6.333333333333333,2.2192034840549946,1080.0,1080.0,18.17142857142857
8,17.0,3.0,11.0,1.0,0,12,Hyderabad,Kalpataru Power,326,8.4,2738.4,262.2,2202.48,1.2433257055682685,2738.4,135.0,20,0,0,-2.4492935982947064e-16,1.0,0.5148741418764302,1,40.0,6.666666666666667,2.2407096892759584,0.0,0.0,21.849999999999998
14,22.0,3.0,7.0,1.0,0,8,Shimla,Indowind Energy,401,7.7,3087.7000000000003,285.3,2196.81,1.3,3087.7000000000003,135.0,32,8,2,-0.8660254037844385,-0.5000000000000004,0.47318611987381703,1,47.0,7.833333333333333,2.163323025660538,1080.0,1080.0,15.850000000000001
13,22.0,2.0,7.0,1.0,0,11,Noida,JSW Energy Ltd.,317,8.2,2599.4,238.2,1953.2399999999998,1.3,2599.4,90.0,28,4,3,-0.5000000000000004,0.8660254037844384,0.3778337531486146,0,45.0,7.5,2.2192034840549946,360.0,360.0,14.8875
8,17.0,3.0,9.0,1.0,0,3,Ratnagiri,KEC International,320,7.4,2368.0,256.2,1895.88,1.2490241998438718,2368.0,135.0,30,6,1,1.0,6.123233995736766e-17,0.5269320843091335,1,38.0,6.333333333333333,2.128231705849268,810.0,810.0,21.349999999999998
5,21.0,2.0,12.0,1.0,0,11,Kolkata,Ratnagiri Gas and Power Pvt. Ltd. (RGPPL),343,8.7,2984.1,231.9,2017.53,1.3,2984.1,90.0,28,4,3,-0.5000000000000004,0.8660254037844384,0.38809831824062097,0,41.0,6.833333333333333,2.272125885509337,360.0,360.0,28.9875
5,22.0,3.0,5.0,1.0,0,4,Nagpur,Sterlite Power Transmission Ltd,384,8.9,3417.6000000000004,260.4,2317.56,1.3,3417.6000000000004,135.0,30,6,1,0.8660254037844387,-0.4999999999999998,0.5184331797235023,1,36.0,6.0,2.2925347571405443,810.0,810.0,28.93333333333333
7,22.0,3.0,10.0,1.0,0,9,Kolkata,Power Grid Corp,373,8.7,3245.1,279.6,2432.52,1.3,3245.1,135.0,32,8,2,-1.0,-1.8369701987210297e-16,0.48283261802575106,1,43.0,7.166666666666667,2.272125885509337,1080.0,1080.0,25.41818181818182
22,23.0,2.0,4.0,1.0,0,9,Nagpur,Sunil Hitech Eng,375,8.9,3337.5,252.6,2248.14,1.3,3337.5,90.0,32,8,2,-1.0,-1.8369701987210297e-16,0.35629453681710216,0,52.0,8.666666666666666,2.2925347571405443,720.0,720.0,10.104
20,22.0,3.0,9.0,1.0,0,4,Mumbai,Torrent Power Ltd.,433,9.2,3983.6,303.9,2795.8799999999997,1.3,3983.6,135.0,30,6,1,0.8660254037844387,-0.4999999999999998,0.4442250740375124,1,55.0,9.166666666666666,2.322387720290225,810.0,810.0,12.6625
8,19.0,2.0,14.0,1.0,0,5,Faridabad,Ringfeder Power Transmission India Pvt. Ltd.,332,8.1,2689.2,235.2,1905.12,1.3,2689.2,90.0,38,14,1,0.49999999999999994,-0.8660254037844387,0.38265306122448983,0,44.0,7.333333333333333,2.2082744135228043,1260.0,1260.0,21.38181818181818
14,23.0,3.0,3.0,1.0,0,6,Noida,Ringfeder Power Transmission India Pvt. Ltd.,400,8.2,3279.9999999999995,277.8,2277.96,1.3,3279.9999999999995,135.0,38,14,2,1.2246467991473532e-16,-1.0,0.48596112311015116,1,44.0,7.333333333333333,2.2192034840549946,1890.0,1890.0,15.433333333333334
6,18.0,2.0,19.0,1.0,0,3,Hyderabad,Optibelt Power Transmission India Private Limited,349,8.4,2931.6,241.5,2028.6000000000001,1.3,2931.6,90.0,30,6,1,1.0,6.123233995736766e-17,0.37267080745341613,0,46.0,7.666666666666667,2.2407096892759584,540.0,540.0,26.833333333333332
6,18.0,3.0,9.0,1.0,0,7,Ratnagiri,NLC India,340,7.4,2516.0,256.5,1898.1000000000001,1.3,2516.0,135.0,32,8,2,-0.4999999999999997,-0.8660254037844388,0.5263157894736842,1,37.0,6.166666666666667,2.128231705849268,1080.0,1080.0,25.65
23,23.0,3.0,9.0,1.0,0,11,Mumbai,JSW Energy Ltd.,449,9.2,4130.799999999999,314.7,2895.24,1.3,4130.799999999999,135.0,28,4,3,-0.5000000000000004,0.8660254037844384,0.42897998093422307,1,59.0,9.833333333333334,2.322387720290225,540.0,540.0,11.655555555555555
6,22.0,3.0,4.0,1.0,0,1,Noida,"Maha Transco – Maharashtra State Electricity Transmission Co, Ltd.",302,8.2,2476.4,259.5,2127.8999999999996,1.1637764932562622,2476.4,135.0,20,0,0,0.49999999999999994,0.8660254037844387,0.5202312138728323,1,36.0,6.0,2.2192034840549946,0.0,0.0,25.95
18,22.0,3.0,4.0,1.0,0,12,Dahej,Orient Green,405,7.6,3078.0,284.7,2163.72,1.3,3078.0,135.0,20,0,0,-2.4492935982947064e-16,1.0,0.4741833508956797,1,48.0,8.0,2.151762203259462,0.0,0.0,12.94090909090909
7,22.0,3.0,6.0,1.0,0,5,Vadodara,"Maha Transco – Maharashtra State Electricity Transmission Co, Ltd.",334,7.8,2605.2,267.6,2087.28,1.2481315396113601,2605.2,135.0,38,14,1,0.49999999999999994,-0.8660254037844387,0.5044843049327353,1,39.0,6.5,2.174751721484161,1890.0,1890.0,24.327272727272728
7,22.0,3.0,20.0,1.0,0,11,Gurgaon,Toshiba Transmission & Distribution Systems (India) Pvt. Ltd.,454,8.3,3768.2,309.6,2569.6800000000003,1.3,3768.2,135.0,28,4,3,-0.5000000000000004,0.8660254037844384,0.4360465116279069,1,53.0,8.833333333333334,2.2300144001592104,540.0,540.0,28.145454545454548
8,19.0,1.0,8.0,1.0,0,4,Faridabad,Indowind Energy,258,8.1,2089.8,172.2,1394.82,1.3,2089.8,45.0,30,6,1,0.8660254037844387,-0.4999999999999998,0.2613240418118467,0,37.0,6.166666666666667,2.2082744135228043,270.0,270.0,17.22
18,22.0,2.0,4.0,1.0,0,2,Pune,Adani Power Ltd.,342,9.1,3112.2,239.7,2181.27,1.3,3112.2,90.0,20,0,0,0.8660254037844386,0.5000000000000001,0.37546933667083854,0,47.0,7.833333333333333,2.312535423847214,0.0,0.0,11.414285714285715
17,23.0,2.0,7.0,1.0,0,6,Ahmedabad,TransRail Lighting,356,7.9,2812.4,251.1,1983.69,1.3,2812.4,90.0,38,14,2,1.2246467991473532e-16,-1.0,0.35842293906810035,0,50.0,8.333333333333334,2.186051276738094,1260.0,1260.0,12.555
6,20.0,2.0,4.0,1.0,0,11,Faridabad,Sterlite Power Transmission Ltd,284,8.1,2300.4,205.5,1664.55,1.3,2300.4,90.0,28,4,3,-0.5000000000000004,0.8660254037844384,0.43795620437956206,1,33.0,5.5,2.2082744135228043,360.0,360.0,22.833333333333332
6,20.0,2.0,10.0,1.0,0,5,Gurgaon,Reliance Energy,313,8.3,2597.9,223.5,1855.0500000000002,1.3,2597.9,90.0,38,14,1,0.49999999999999994,-0.8660254037844387,0.40268456375838924,1,39.0,6.5,2.2300144001592104,1260.0,1260.0,24.833333333333332
9,19.0,3.0,4.0,7.0,0,3,Mumbai,JSW Energy Ltd.,347,9.2,3192.4,257.7,2370.8399999999997,1.3,3192.4,135.0,30,6,1,1.0,6.123233995736766e-17,0.5238649592549476,1,42.0,7.0,2.322387720290225,810.0,810.0,19.823076923076922
10,21.0,2.0,4.0,1.0,0,4,Chennai,L&T Transmission & Distribution,272,8.8,2393.6000000000004,218.4,1921.9200000000003,1.2454212454212454,2393.6000000000004,90.0,30,6,1,0.8660254037844387,-0.4999999999999998,0.41208791208791207,1,38.0,6.333333333333333,2.2823823856765264,540.0,540.0,16.8
7,19.0,3.0,21.0,1.0,0,2,Chennai,Jyoti Structure,441,8.8,3880.8,299.1,2632.0800000000004,1.3,3880.8,135.0,20,0,0,0.8660254037844386,0.5000000000000001,0.45135406218655966,1,51.0,8.5,2.2823823856765264,0.0,0.0,27.19090909090909
7,20.0,2.0,17.0,1.0,0,1,Dahej,Kalpataru Power,360,7.6,2736.0,246.6,1874.1599999999999,1.3,2736.0,90.0,20,0,0,0.49999999999999994,0.8660254037844387,0.36496350364963503,0,47.0,7.833333333333333,2.151762203259462,0.0,0.0,24.66
6,19.0,3.0,6.0,1.0,0,11,Faridabad,Bonfiglioli Transmission Pvt. Ltd.,337,8.1,2729.7,252.0,2041.1999999999998,1.3,2729.7,135.0,28,4,3,-0.5000000000000004,0.8660254037844384,0.5357142857142857,1,35.0,5.833333333333333,2.2082744135228043,540.0,540.0,25.2
17,22.0,2.0,8.0,1.0,0,8,Navi Mumbai,"Maha Transco – Maharashtra State Electricity Transmission Co, Ltd.",369,9.3,3431.7000000000003,249.6,2321.28,1.3,3431.7000000000003,90.0,32,8,2,-0.8660254037844385,-0.5000000000000004,0.3605769230769231,0,50.0,8.333333333333334,2.33214389523559,720.0,720.0,12.48
6,22.0,3.0,5.0,7.0,0,2,Noida,TransRail Lighting,338,8.2,2771.6,267.9,2196.7799999999997,1.261664800298619,2771.6,135.0,20,0,0,0.8660254037844386,0.5000000000000001,0.503919372900336,1,43.0,7.166666666666667,2.2192034840549946,0.0,0.0,26.79
6,17.0,1.0,10.0,1.0,0,2,Chennai,Torrent Power Ltd.,240,8.8,2112.0,165.0,1452.0000000000002,1.3,2112.0,45.0,20,0,0,0.8660254037844386,0.5000000000000001,0.2727272727272727,0,35.0,5.833333333333333,2.2823823856765264,0.0,0.0,20.625
5,23.0,3.0,20.0,1.0,0,2,Noida,L&T Transmission & Distribution,405,8.2,3320.9999999999995,309.9,2541.1799999999994,1.3,3320.9999999999995,135.0,20,0,0,0.8660254037844386,0.5000000000000001,0.43562439496611816,1,52.0,8.666666666666666,2.2192034840549946,0.0,0.0,34.43333333333333
8,19.0,3.0,5.0,1.0,0,8,Ahmedabad,KEC International,375,7.9,2962.5,253.2,2000.28,1.3,2962.5,135.0,32,8,2,-0.8660254037844385,-0.5000000000000004,0.533175355450237,1,36.0,6.0,2.186051276738094,1080.0,1080.0,21.099999999999998
21,22.0,3.0,5.0,1.0,0,2,Navi Mumbai,Guj Ind Power,423,9.3,3933.9,294.0,2734.2000000000003,1.3,3933.9,135.0,20,0,0,0.8660254037844386,0.5000000000000001,0.45918367346938777,1,52.0,8.666666666666666,2.33214389523559,0.0,0.0,11.76
5,17.0,3.0,6.0,7.0,0,10,Vadodara,Indowind Energy,305,7.8,2379.0,246.3,1921.14,1.2383272431993504,2379.0,135.0,28,4,3,-0.8660254037844386,0.5000000000000001,0.5481120584652862,1,38.0,6.333333333333333,2.174751721484161,540.0,540.0,27.366666666666667
6,21.0,3.0,11.0,1.0,0,2,Pune,Bonfiglioli Transmission Pvt. Ltd.,289,9.1,2629.9,276.0,2511.6,1.0471014492753623,2629.9,135.0,20,0,0,0.8660254037844386,0.5000000000000001,0.4891304347826087,1,42.0,7.0,2.312535423847214,0.0,0.0,27.6
21,22.0,2.0,10.0,1.0,0,6,Ahmedabad,Jaiprakash Power,395,7.9,3120.5,264.0,2085.6,1.3,3120.5,90.0,38,14,2,1.2246467991473532e-16,-1.0,0.3409090909090909,0,56.0,9.333333333333334,2.186051276738094,1260.0,1260.0,11.0
6,21.0,3.0,3.0,7.0,0,3,Ratnagiri,Jyoti Structure,328,7.4,2427.2000000000003,257.4,1904.76,1.2742812742812744,2427.2000000000003,135.0,30,6,1,1.0,6.123233995736766e-17,0.5244755244755245,1,40.0,6.666666666666667,2.128231705849268,810.0,810.0,25.74
9,23.0,3.0,6.0,1.0,0,5,Navi Mumbai,Reliance Energy,371,9.3,3450.3,276.3,2569.59,1.3,3450.3,135.0,38,14,1,0.49999999999999994,-0.8660254037844387,0.48859934853420195,1,42.0,7.0,2.33214389523559,1890.0,1890.0,21.253846153846155
8,22.0,3.0,7.0,7.0,0,2,Nagpur,NLC India,330,8.9,2937.0,278.1,2475.09,1.186623516720604,2937.0,135.0,20,0,0,0.8660254037844386,0.5000000000000001,0.48543689320388345,1,47.0,7.833333333333333,2.2925347571405443,0.0,0.0,23.175
8,18.0,2.0,16.0,1.0,0,2,New Delhi,Ringfeder Power Transmission India Pvt. Ltd.,340,8.5,2890.0,236.7,2011.9499999999998,1.3,2890.0,90.0,20,0,0,0.8660254037844386,0.5000000000000001,0.3802281368821293,0,45.0,7.5,2.2512917986064953,0.0,0.0,21.518181818181816
6,18.0,3.0,4.0,1.0,0,6,Pune,SJVN Ltd.,285,9.1,2593.5,241.5,2197.65,1.1801242236024845,2593.5,135.0,38,14,2,1.2246467991473532e-16,-1.0,0.5590062111801242,1,32.0,5.333333333333333,2.312535423847214,1890.0,1890.0,24.15
13,23.0,3.0,6.0,1.0,0,2,Chennai,L&T Transmission & Distribution,374,8.8,3291.2000000000003,284.7,2505.36,1.3,3291.2000000000003,135.0,20,0,0,0.8660254037844386,0.5000000000000001,0.4741833508956797,1,46.0,7.666666666666667,2.2823823856765264,0.0,0.0,16.74705882352941
7,17.0,1.0,5.0,1.0,0,1,Chennai,Ringfeder Power Transmission India Pvt. Ltd.,219,8.8,1927.2,152.1,1338.48,1.3,1927.2,45.0,20,0,0,0.49999999999999994,0.8660254037844387,0.2958579881656805,0,31.0,5.166666666666667,2.2823823856765264,0.0,0.0,16.9
8,22.0,2.0,11.0,1.0,0,7,Gurgaon,Tata Power Company Ltd.,340,8.3,2822.0000000000005,239.7,1989.51,1.3,2822.0000000000005,90.0,32,8,2,-0.4999999999999997,-0.8660254037844388,0.37546933667083854,0,44.0,7.333333333333333,2.2300144001592104,720.0,720.0,21.79090909090909
6,18.0,1.0,4.0,1.0,0,1,Kolkata,Adani Power Ltd.,206,8.7,1792.1999999999998,151.5,1318.05,1.3,1792.1999999999998,45.0,20,0,0,0.49999999999999994,0.8660254037844387,0.297029702970297,0,30.0,5.0,2.272125885509337,0.0,0.0,18.9375
16,23.0,2.0,7.0,1.0,0,2,Ahmedabad,GE T&D India Limited,323,7.9,2551.7000000000003,249.0,1967.1000000000001,1.2971887550200805,2551.7000000000003,90.0,20,0,0,0.8660254037844386,0.5000000000000001,0.3614457831325301,0,49.0,8.166666666666666,2.186051276738094,0.0,0.0,13.105263157894736
12,23.0,3.0,6.0,1.0,0,10,Faridabad,Sunil Hitech Eng,379,8.1,3069.9,282.6,2289.06,1.3,3069.9,135.0,28,4,3,-0.8660254037844386,0.5000000000000001,0.4777070063694267,1,45.0,7.5,2.2082744135228043,540.0,540.0,17.6625
9,20.0,2.0,16.0,1.0,0,11,New Delhi,Reliance Power,358,8.5,3043.0,247.8,2106.3,1.3,3043.0,90.0,28,4,3,-0.5000000000000004,0.8660254037844384,0.3631961259079903,0,48.0,8.0,2.2512917986064953,360.0,360.0,20.650000000000002
9,17.0,2.0,4.0,1.0,0,1,Pune,Tata Power Company Ltd.,228,9.1,2074.8,198.3,1804.53,1.1497730711043874,2074.8,90.0,20,0,0,0.49999999999999994,0.8660254037844387,0.45385779122541603,1,33.0,5.5,2.312535423847214,0.0,0.0,16.525000000000002
9,17.0,2.0,3.0,7.0,0,6,Noida,TransRail Lighting,240,8.2,1968.0,200.7,1645.7399999999998,1.1958146487294472,1968.0,90.0,38,14,2,1.2246467991473532e-16,-1.0,0.4484304932735426,1,38.0,6.333333333333333,2.2192034840549946,1260.0,1260.0,16.724999999999998
9,18.0,1.0,3.0,1.0,0,4,Mumbai,Optibelt Power Transmission India Private Limited,192,9.2,1766.4,154.8,1424.16,1.2403100775193798,1766.4,45.0,30,6,1,0.8660254037844387,-0.4999999999999998,0.2906976744186046,0,32.0,5.333333333333333,2.322387720290225,270.0,270.0,14.072727272727274
9,20.0,3.0,8.0,1.0,0,8,Noida,Torrent Power Ltd.,362,8.2,2968.4,268.8,2204.16,1.3,2968.4,135.0,32,8,2,-0.8660254037844385,-0.5000000000000004,0.5022321428571428,1,41.0,6.833333333333333,2.2192034840549946,1080.0,1080.0,20.676923076923078
7,21.0,3.0,14.0,1.0,0,8,New Delhi,"Maha Transco – Maharashtra State Electricity Transmission Co, Ltd.",384,8.5,3264.0,287.1,2440.3500000000004,1.3,3264.0,135.0,32,8,2,-0.8660254037844385,-0.5000000000000004,0.47021943573667707,1,46.0,7.666666666666667,2.2512917986064953,1080.0,1080.0,26.1
5,21.0,3.0,16.0,1.0,0,12,Shimla,"Maha Transco – Maharashtra State Electricity Transmission Co, Ltd.",413,7.7,3180.1,288.9,2224.5299999999997,1.3,3180.1,135.0,20,0,0,-2.4492935982947064e-16,1.0,0.4672897196261683,1,46.0,7.666666666666667,2.163323025660538,0.0,0.0,32.099999999999994
18,22.0,3.0,14.0,1.0,0,10,Nagpur,Sunil Hitech Eng,468,8.9,4165.2,314.7,2800.83,1.3,4165.2,135.0,28,4,3,-0.8660254037844386,0.5000000000000001,0.42897998093422307,1,58.0,9.666666666666666,2.2925347571405443,540.0,540.0,14.304545454545455
7,20.0,2.0,9.0,1.0,0,11,New Delhi,Unitech Power Transmission Ltd.,310,8.5,2635.0,222.6,1892.1,1.3,2635.0,90.0,28,4,3,-0.5000000000000004,0.8660254037844384,0.40431266846361186,1,39.0,6.5,2.2512917986064953,360.0,360.0,22.259999999999998
10,21.0,3.0,15.0,1.0,0,3,Vadodara,NTPC Pvt. Ltd.,421,7.8,3283.8,296.4,2311.9199999999996,1.3,3283.8,135.0,30,6,1,1.0,6.123233995736766e-17,0.45546558704453444,1,50.0,8.333333333333334,2.174751721484161,810.0,810.0,21.17142857142857
6,18.0,2.0,19.0,1.0,0,9,Ratnagiri,Ringfeder Power Transmission India Pvt. Ltd.,334,7.4,2471.6,241.5,1787.1000000000001,1.3,2471.6,90.0,32,8,2,-1.0,-1.8369701987210297e-16,0.37267080745341613,0,46.0,7.666666666666667,2.128231705849268,720.0,720.0,26.833333333333332
13,22.0,1.0,3.0,1.0,0,2,Vadodara,NHPC,255,7.8,1989.0,181.2,1413.36,1.3,1989.0,45.0,20,0,0,0.8660254037844386,0.5000000000000001,0.24834437086092717,0,40.0,6.666666666666667,2.174751721484161,0.0,0.0,12.08
14,23.0,3.0,9.0,1.0,0,11,Gurgaon,SJVN Ltd.,403,8.3,3344.9,295.8,2455.1400000000003,1.3,3344.9,135.0,28,4,3,-0.5000000000000004,0.8660254037844384,0.4563894523326572,1,50.0,8.333333333333334,2.2300144001592104,540.0,540.0,16.433333333333334
8,22.0,3.0,10.0,1.0,0,2,Kolkata,Power Grid Corp,322,8.7,2801.4,281.7,2450.7899999999995,1.1430599929002487,2801.4,135.0,20,0,0,0.8660254037844386,0.5000000000000001,0.4792332268370607,1,44.0,7.333333333333333,2.272125885509337,0.0,0.0,23.474999999999998
6,21.0,3.0,8.0,1.0,0,4,Hyderabad,Power Grid Corp,352,8.4,2956.8,267.0,2242.8,1.3,2956.8,135.0,30,6,1,0.8660254037844387,-0.4999999999999998,0.5056179775280899,1,39.0,6.5,2.2407096892759584,810.0,810.0,26.7
9,20.0,3.0,6.0,1.0,0,3,Hyderabad,TransRail Lighting,303,8.4,2545.2000000000003,262.8,2207.52,1.1529680365296806,2545.2000000000003,135.0,30,6,1,1.0,6.123233995736766e-17,0.5136986301369862,1,39.0,6.5,2.2407096892759584,810.0,810.0,20.215384615384615
7,21.0,1.0,3.0,1.0,0,11,Pune,JSW Energy Ltd.,215,9.1,1956.5,164.1,1493.31,1.3,1956.5,45.0,28,4,3,-0.5000000000000004,0.8660254037844384,0.27422303473491777,0,33.0,5.5,2.312535423847214,180.0,180.0,18.233333333333334
8,21.0,3.0,7.0,1.0,0,6,New Delhi,GE T&D India Limited,366,8.5,3111.0,268.2,2279.7,1.3,3111.0,135.0,38,14,2,1.2246467991473532e-16,-1.0,0.5033557046979866,1,40.0,6.666666666666667,2.2512917986064953,1890.0,1890.0,22.349999999999998
21,22.0,2.0,13.0,1.0,0,2,Ahmedabad,TransRail Lighting,375,7.9,2962.5,273.0,2156.7000000000003,1.3,2962.5,90.0,20,0,0,0.8660254037844386,0.5000000000000001,0.32967032967032966,0,59.0,9.833333333333334,2.186051276738094,0.0,0.0,11.375
5,17.0,2.0,6.0,1.0,0,8,Ahmedabad,Sterlite Power Transmission Ltd,271,7.9,2140.9,195.9,1547.6100000000001,1.3,2140.9,90.0,32,8,2,-0.8660254037844385,-0.5000000000000004,0.4594180704441041,1,31.0,5.166666666666667,2.186051276738094,720.0,720.0,24.4875
11,22.0,3.0,14.0,1.0,0,4,Gurgaon,Guj Ind Power,397,8.3,3295.1000000000004,300.0,2490.0,1.3,3295.1000000000004,135.0,30,6,1,0.8660254037844387,-0.4999999999999998,0.45,1,51.0,8.5,2.2300144001592104,810.0,810.0,20.0
6,23.0,3.0,9.0,1.0,0,4,New Delhi,Reliance Power,390,8.5,3315.0,279.0,2371.5,1.3,3315.0,135.0,30,6,1,0.8660254037844387,-0.4999999999999998,0.4838709677419355,1,42.0,7.0,2.2512917986064953,810.0,810.0,27.9
14,23.0,3.0,3.0,1.0,0,7,Hyderabad,Indowind Energy,358,8.4,3007.2000000000003,277.8,2333.52,1.2886969042476604,3007.2000000000003,135.0,32,8,2,-0.4999999999999997,-0.8660254037844388,0.48596112311015116,1,44.0,7.333333333333333,2.2407096892759584,1080.0,1080.0,15.433333333333334
7,17.0,2.0,7.0,1.0,0,12,Vadodara,NLC India,231,7.8,1801.8,203.1,1584.1799999999998,1.137370753323486,1801.8,90.0,20,0,0,-2.4492935982947064e-16,1.0,0.4431314623338257,1,34.0,5.666666666666667,2.174751721484161,0.0,0.0,20.31
8,18.0,3.0,6.0,1.0,0,3,Gurgaon,Ringfeder Power Transmission India Pvt. Ltd.,360,8.3,2988.0000000000005,251.7,2089.11,1.3,2988.0000000000005,135.0,30,6,1,1.0,6.123233995736766e-17,0.5363528009535161,1,36.0,6.0,2.2300144001592104,810.0,810.0,20.974999999999998
7,19.0,3.0,9.0,1.0,0,5,New Delhi,Reliance Power,337,8.5,2864.5,263.1,2236.3500000000004,1.2808817939946786,2864.5,135.0,38,14,1,0.49999999999999994,-0.8660254037844387,0.5131128848346636,1,39.0,6.5,2.2512917986064953,1890.0,1890.0,23.91818181818182
17,22.0,3.0,5.0,1.0,0,6,Chennai,GE T&D India Limited,377,8.8,3317.6000000000004,285.6,2513.28,1.3,3317.6000000000004,135.0,38,14,2,1.2246467991473532e-16,-1.0,0.4726890756302521,1,48.0,8.0,2.2823823856765264,1890.0,1890.0,13.600000000000001
9,19.0,1.0,6.0,1.0,0,1,Chennai,CESC,231,8.8,2032.8,168.3,1481.0400000000002,1.3,2032.8,45.0,20,0,0,0.49999999999999994,0.8660254037844387,0.267379679144385,0,36.0,6.0,2.2823823856765264,0.0,0.0,15.3
8,21.0,3.0,7.0,1.0,0,6,Dahej,NTPC Pvt. Ltd.,340,7.6,2584.0,268.2,2038.3199999999997,1.2677106636838182,2584.0,135.0,38,14,2,1.2246467991473532e-16,-1.0,0.5033557046979866,1,40.0,6.666666666666667,2.151762203259462,1890.0,1890.0,22.349999999999998
11,22.0,3.0,6.0,1.0,0,1,Shimla,Bonfiglioli Transmission Pvt. Ltd.,400,7.7,3080.0,276.0,2125.2000000000003,1.3,3080.0,135.0,20,0,0,0.49999999999999994,0.8660254037844387,0.4891304347826087,1,43.0,7.166666666666667,2.163323025660538,0.0,0.0,18.4
8,18.0,2.0,15.0,1.0,0,1,Navi Mumbai,Ratnagiri Gas and Power Pvt. Ltd. (RGPPL),333,9.3,3096.9,233.7,2173.41,1.3,3096.9,90.0,20,0,0,0.49999999999999994,0.8660254037844387,0.38510911424903727,0,44.0,7.333333333333333,2.33214389523559,0.0,0.0,21.245454545454546
8,18.0,2.0,4.0,1.0,0,9,New Delhi,Adani Power Ltd.,225,8.5,1912.5,200.7,1705.9499999999998,1.1210762331838566,1912.5,90.0,32,8,2,-1.0,-1.8369701987210297e-16,0.4484304932735426,1,33.0,5.5,2.2512917986064953,720.0,720.0,18.245454545454546
6,17.0,3.0,9.0,7.0,0,4,Mumbai,Guj Ind Power,383,9.2,3523.6,257.4,2368.0799999999995,1.3,3523.6,135.0,30,6,1,0.8660254037844387,-0.4999999999999998,0.5244755244755245,1,42.0,7.0,2.322387720290225,810.0,810.0,25.74
10,22.0,3.0,21.0,1.0,0,4,Shimla,Power Grid Corp,473,7.7,3642.1,318.9,2455.5299999999997,1.3,3642.1,135.0,30,6,1,0.8660254037844387,-0.4999999999999998,0.42333019755409224,1,57.0,9.5,2.163323025660538,810.0,810.0,22.77857142857143
9,19.0,3.0,6.0,1.0,0,3,New Delhi,Reliance Power,325,8.5,2762.5,258.3,2195.55,1.2582268679829653,2762.5,135.0,30,6,1,1.0,6.123233995736766e-17,0.5226480836236933,1,38.0,6.333333333333333,2.2512917986064953,810.0,810.0,19.86923076923077
8,19.0,3.0,3.0,1.0,0,6,Faridabad,Guj Ind Power,293,8.1,2373.3,247.2,2002.3199999999997,1.1852750809061492,2373.3,135.0,38,14,2,1.2246467991473532e-16,-1.0,0.5461165048543689,1,34.0,5.666666666666667,2.2082744135228043,1890.0,1890.0,20.599999999999998
21,22.0,3.0,8.0,1.0,0,10,New Delhi,Jaiprakash Power,437,8.5,3714.5,303.0,2575.5,1.3,3714.5,135.0,28,4,3,-0.8660254037844386,0.5000000000000001,0.44554455445544555,1,55.0,9.166666666666666,2.2512917986064953,540.0,540.0,12.12
8,20.0,3.0,10.0,7.0,0,6,Kolkata,Reliance Power,381,8.7,3314.7,278.1,2419.47,1.3,3314.7,135.0,38,14,2,1.2246467991473532e-16,-1.0,0.48543689320388345,1,48.0,8.0,2.272125885509337,1890.0,1890.0,23.175
8,18.0,3.0,9.0,1.0,0,4,Mumbai,Ratnagiri Gas and Power Pvt. Ltd. (RGPPL),370,9.2,3403.9999999999995,260.7,2398.4399999999996,1.3,3403.9999999999995,135.0,30,6,1,0.8660254037844387,-0.4999999999999998,0.5178365937859609,1,39.0,6.5,2.322387720290225,810.0,810.0,21.724999999999998
8,18.0,1.0,11.0,1.0,0,4,Noida,JSW Energy Ltd.,234,8.2,1918.8,176.7,1448.9399999999998,1.3,1918.8,45.0,30,6,1,0.8660254037844387,-0.4999999999999998,0.2546689303904924,0,39.0,6.5,2.2192034840549946,270.0,270.0,17.669999999999998
6,18.0,3.0,18.0,1.0,0,3,Noida,Indowind Energy,411,8.2,3370.2,283.5,2324.7,1.3,3370.2,135.0,30,6,1,1.0,6.123233995736766e-17,0.47619047619047616,1,46.0,7.666666666666667,2.2192034840549946,810.0,810.0,28.35
8,19.0,2.0,3.0,1.0,0,6,Kolkata,TransRail Lighting,237,8.7,2061.9,202.2,1759.1399999999996,1.1721068249258164,2061.9,90.0,38,14,2,1.2246467991473532e-16,-1.0,0.4451038575667656,1,33.0,5.5,2.272125885509337,1260.0,1260.0,18.38181818181818
6,23.0,3.0,14.0,1.0,0,1,Ratnagiri,Orient Green,428,7.4,3167.2000000000003,294.0,2175.6,1.3,3167.2000000000003,135.0,20,0,0,0.49999999999999994,0.8660254037844387,0.45918367346938777,1,47.0,7.833333333333333,2.128231705849268,0.0,0.0,29.4
23,23.0,3.0,9.0,1.0,0,11,Vadodara,NHPC,458,7.8,3572.4,314.7,2454.66,1.3,3572.4,135.0,28,4,3,-0.5000000000000004,0.8660254037844384,0.42897998093422307,1,59.0,9.833333333333334,2.174751721484161,540.0,540.0,11.655555555555555
18,22.0,3.0,8.0,1.0,0,6,Gurgaon,KEC International,439,8.3,3643.7,296.7,2462.61,1.3,3643.7,135.0,38,14,2,1.2246467991473532e-16,-1.0,0.45500505561172905,1,52.0,8.666666666666666,2.2300144001592104,1890.0,1890.0,13.486363636363636
7,21.0,3.0,4.0,1.0,0,9,Vadodara,Tata Power Company Ltd.,276,7.8,2152.8,257.1,2005.38,1.073512252042007,2152.8,135.0,32,8,2,-1.0,-1.8369701987210297e-16,0.5250875145857642,1,36.0,6.0,2.174751721484161,1080.0,1080.0,23.372727272727275
8,17.0,2.0,17.0,1.0,0,7,Vadodara,Optibelt Power Transmission India Private Limited,319,7.8,2488.2,235.2,1834.56,1.3,2488.2,90.0,32,8,2,-0.4999999999999997,-0.8660254037844388,0.38265306122448983,0,45.0,7.5,2.174751721484161,720.0,720.0,21.38181818181818
10,18.0,3.0,3.0,1.0,0,3,Nagpur,Sterlite Power Transmission Ltd,359,8.9,3195.1,246.9,2197.4100000000003,1.3,3195.1,135.0,30,6,1,1.0,6.123233995736766e-17,0.5467800729040098,1,35.0,5.833333333333333,2.2925347571405443,810.0,810.0,17.635714285714286
18,23.0,3.0,8.0,1.0,0,4,Hyderabad,Jyoti Structure,432,8.4,3628.8,301.2,2530.08,1.3,3628.8,135.0,30,6,1,0.8660254037844387,-0.4999999999999998,0.448207171314741,1,53.0,8.833333333333334,2.2407096892759584,810.0,810.0,13.69090909090909
13,23.0,3.0,13.0,1.0,0,8,Ahmedabad,SJVN Ltd.,451,7.9,3562.9,305.7,2415.03,1.3,3562.9,135.0,32,8,2,-0.8660254037844385,-0.5000000000000004,0.4416094210009814,1,53.0,8.833333333333334,2.186051276738094,1080.0,1080.0,17.98235294117647
10,20.0,3.0,6.0,1.0,0,1,Noida,NHPC,371,8.2,3042.2,264.9,2172.18,1.3,3042.2,135.0,20,0,0,0.49999999999999994,0.8660254037844387,0.5096262740656852,1,40.0,6.666666666666667,2.2192034840549946,0.0,0.0,18.92142857142857
7,18.0,2.0,3.0,1.0,0,7,Chennai,Optibelt Power Transmission India Private Limited,198,8.8,1742.4,195.6,1721.2800000000002,1.0122699386503067,1742.4,90.0,32,8,2,-0.4999999999999997,-0.8660254037844388,0.4601226993865031,1,31.0,5.166666666666667,2.2823823856765264,720.0,720.0,19.56
5,18.0,3.0,3.0,1.0,0,9,Faridabad,Power Grid Corp,203,8.1,1644.3,236.4,1914.84,0.8587140439932318,1644.3,135.0,32,8,2,-1.0,-1.8369701987210297e-16,0.5710659898477157,1,30.0,5.0,2.2082744135228043,1080.0,1080.0,26.266666666666666
10,20.0,3.0,22.0,1.0,0,10,Nagpur,Jyoti Structure,465,8.9,4138.5,312.9,2784.81,1.3,4138.5,135.0,28,4,3,-0.8660254037844386,0.5000000000000001,0.4314477468839885,1,56.0,9.333333333333334,2.2925347571405443,540.0,540.0,22.349999999999998
13,22.0,3.0,3.0,1.0,0,2,Noida,L&T Transmission & Distribution,299,8.2,2451.8,271.2,2223.8399999999997,1.1025073746312686,2451.8,135.0,20,0,0,0.8660254037844386,0.5000000000000001,0.497787610619469,1,42.0,7.0,2.2192034840549946,0.0,0.0,15.952941176470588
10,18.0,3.0,6.0,1.0,0,4,New Delhi,Jaiprakash Power,313,8.5,2660.5,255.9,2175.15,1.2231340367330987,2660.5,135.0,30,6,1,0.8660254037844387,-0.4999999999999998,0.5275498241500586,1,38.0,6.333333333333333,2.2512917986064953,810.0,810.0,18.27857142857143
5,18.0,3.0,19.0,1.0,0,10,Ahmedabad,Guj Ind Power,393,7.9,3104.7000000000003,284.4,2246.7599999999998,1.3,3104.7000000000003,135.0,28,4,3,-0.8660254037844386,0.5000000000000001,0.4746835443037975,1,46.0,7.666666666666667,2.186051276738094,540.0,540.0,31.599999999999998
17,22.0,1.0,4.0,1.0,0,9,Vadodara,CESC,285,7.8,2223.0,192.6,1502.28,1.3,2223.0,45.0,32,8,2,-1.0,-1.8369701987210297e-16,0.2336448598130841,0,45.0,7.5,2.174751721484161,360.0,360.0,10.136842105263158
8,17.0,2.0,10.0,1.0,0,6,Hyderabad,Toshiba Transmission & Distribution Systems (India) Pvt. Ltd.,296,8.4,2486.4,214.2,1799.28,1.3,2486.4,90.0,38,14,2,1.2246467991473532e-16,-1.0,0.42016806722689076,1,38.0,6.333333333333333,2.2407096892759584,1260.0,1260.0,19.472727272727273
7,18.0,3.0,6.0,1.0,0,5,Kolkata,Unitech Power Transmission Ltd.,278,8.7,2418.6,249.6,2171.52,1.1137820512820513,2418.6,135.0,38,14,1,0.49999999999999994,-0.8660254037844387,0.5408653846153846,1,35.0,5.833333333333333,2.272125885509337,1890.0,1890.0,22.69090909090909
7,18.0,3.0,21.0,1.0,0,6,Kolkata,Toshiba Transmission & Distribution Systems (India) Pvt. Ltd.,438,8.7,3810.6,294.6,2563.02,1.3,3810.6,135.0,38,14,2,1.2246467991473532e-16,-1.0,0.4582484725050916,1,50.0,8.333333333333334,2.272125885509337,1890.0,1890.0,26.781818181818185
7,22.0,2.0,7.0,1.0,0,11,Dahej,Reliance Power,288,7.6,2188.8,225.6,1714.56,1.2765957446808511,2188.8,90.0,28,4,3,-0.5000000000000004,0.8660254037844384,0.39893617021276595,0,39.0,6.5,2.151762203259462,360.0,360.0,22.56
11,23.0,3.0,10.0,1.0,0,6,New Delhi,NTPC Pvt. Ltd.,379,8.5,3221.5,292.5,2486.25,1.2957264957264958,3221.5,135.0,38,14,2,1.2246467991473532e-16,-1.0,0.46153846153846156,1,48.0,8.0,2.2512917986064953,1890.0,1890.0,19.5
11,23.0,2.0,5.0,1.0,0,6,Vadodara,Sunil Hitech Eng,341,7.8,2659.8,232.5,1813.5,1.3,2659.8,90.0,38,14,2,1.2246467991473532e-16,-1.0,0.3870967741935484,0,42.0,7.0,2.174751721484161,1260.0,1260.0,16.607142857142858
19,22.0,1.0,6.0,1.0,0,2,Ahmedabad,GE T&D India Limited,278,7.9,2196.2000000000003,202.8,1602.1200000000001,1.3,2196.2000000000003,45.0,20,0,0,0.8660254037844386,0.5000000000000001,0.22189349112426035,0,49.0,8.166666666666666,2.186051276738094,0.0,0.0,9.657142857142858
8,22.0,3.0,7.0,7.0,0,11,Hyderabad,GE T&D India Limited,393,8.4,3301.2000000000003,278.1,2336.0400000000004,1.3,3301.2000000000003,135.0,28,4,3,-0.5000000000000004,0.8660254037844384,0.48543689320388345,1,47.0,7.833333333333333,2.2407096892759584,540.0,540.0,23.175
21,22.0,2.0,15.0,1.0,0,2,Faridabad,JSW Energy Ltd.,403,8.1,3264.3,279.0,2259.9,1.3,3264.3,90.0,20,0,0,0.8660254037844386,0.5000000000000001,0.3225806451612903,0,61.0,10.166666666666666,2.2082744135228043,0.0,0.0,11.625
7,20.0,3.0,3.0,1.0,0,11,Chennai,L&T Transmission & Distribution,254,8.8,2235.2000000000003,249.6,2196.48,1.0176282051282053,2235.2000000000003,135.0,28,4,3,-0.5000000000000004,0.8660254037844384,0.5408653846153846,1,34.0,5.666666666666667,2.2823823856765264,540.0,540.0,22.69090909090909
19,23.0,3.0,6.0,1.0,0,12,Ratnagiri,Adani Power Ltd.,443,7.4,3278.2000000000003,297.3,2200.02,1.3,3278.2000000000003,135.0,20,0,0,-2.4492935982947064e-16,1.0,0.45408678102926336,1,52.0,8.666666666666666,2.128231705849268,0.0,0.0,12.92608695652174
9,17.0,3.0,10.0,1.0,0,2,Shimla,GE T&D India Limited,255,7.7,1963.5,261.3,2012.0100000000002,0.975889781859931,1963.5,135.0,20,0,0,0.8660254037844386,0.5000000000000001,0.5166475315729047,1,40.0,6.666666666666667,2.163323025660538,0.0,0.0,20.1
11,23.0,3.0,11.0,1.0,0,2,Nagpur,Torrent Power Ltd.,375,8.9,3337.5,295.5,2629.9500000000003,1.2690355329949237,3337.5,135.0,20,0,0,0.8660254037844386,0.5000000000000001,0.45685279187817257,1,49.0,8.166666666666666,2.2925347571405443,0.0,0.0,19.7
8,20.0,3.0,5.0,1.0,0,6,Shimla,GE T&D India Limited,356,7.7,2741.2000000000003,257.7,1984.29,1.3,2741.2000000000003,135.0,38,14,2,1.2246467991473532e-16,-1.0,0.5238649592549476,1,37.0,6.166666666666667,2.163323025660538,1890.0,1890.0,21.474999999999998
11,22.0,3.0,6.0,1.0,0,4,Faridabad,Reliance Power,357,8.1,2891.7,276.0,2235.6,1.2934782608695652,2891.7,135.0,30,6,1,0.8660254037844387,-0.4999999999999998,0.4891304347826087,1,43.0,7.166666666666667,2.2082744135228043,810.0,810.0,18.4
8,22.0,3.0,4.0,1.0,0,6,Dahej,Kalpataru Power,333,7.6,2530.8,263.7,2004.12,1.2627986348122868,2530.8,135.0,38,14,2,1.2246467991473532e-16,-1.0,0.5119453924914676,1,38.0,6.333333333333333,2.151762203259462,1890.0,1890.0,21.974999999999998
16,22.0,3.0,12.0,1.0,0,9,Faridabad,Ratnagiri Gas and Power Pvt. Ltd. (RGPPL),424,8.1,3434.4,304.5,2466.45,1.3,3434.4,135.0,32,8,2,-1.0,-1.8369701987210297e-16,0.4433497536945813,1,54.0,9.0,2.2082744135228043,1080.0,1080.0,15.225
8,23.0,2.0,7.0,1.0,0,5,Vadodara,"Maha Transco – Maharashtra State Electricity Transmission Co, Ltd.",321,7.8,2503.8,232.2,1811.1599999999999,1.3,2503.8,90.0,38,14,1,0.49999999999999994,-0.8660254037844387,0.3875968992248062,0,41.0,6.833333333333333,2.174751721484161,1260.0,1260.0,21.10909090909091
16,22.0,3.0,9.0,1.0,0,5,Gurgaon,Torrent Power Ltd.,418,8.3,3469.4,295.5,2452.65,1.3,3469.4,135.0,38,14,1,0.49999999999999994,-0.8660254037844387,0.45685279187817257,1,51.0,8.5,2.2300144001592104,1890.0,1890.0,14.775
16,23.0,3.0,7.0,1.0,0,2,Faridabad,Orient Green,409,8.1,3312.9,294.0,2381.4,1.3,3312.9,135.0,20,0,0,0.8660254037844386,0.5000000000000001,0.45918367346938777,1,50.0,8.333333333333334,2.2082744135228043,0.0,0.0,14.7
6,20.0,2.0,3.0,1.0,0,5,Kolkata,JSW Energy Ltd.,230,8.7,2001.0,202.5,1761.7499999999998,1.1358024691358026,2001.0,90.0,38,14,1,0.49999999999999994,-0.8660254037844387,0.4444444444444444,1,32.0,5.333333333333333,2.272125885509337,1260.0,1260.0,22.5
6,18.0,3.0,8.0,1.0,0,2,Ratnagiri,Jaiprakash Power,249,7.4,1842.6,253.5,1875.9,0.9822485207100591,1842.6,135.0,20,0,0,0.8660254037844386,0.5000000000000001,0.5325443786982249,1,36.0,6.0,2.128231705849268,0.0,0.0,25.35
11,22.0,3.0,4.0,1.0,0,5,Nagpur,Ringfeder Power Transmission India Pvt. Ltd.,389,8.9,3462.1000000000004,270.0,2403.0,1.3,3462.1000000000004,135.0,38,14,1,0.49999999999999994,-0.8660254037844387,0.5,1,41.0,6.833333333333333,2.2925347571405443,1890.0,1890.0,18.0
6,21.0,3.0,6.0,1.0,0,12,Hyderabad,KEC International,350,8.4,2940.0,261.0,2192.4,1.3,2940.0,135.0,20,0,0,-2.4492935982947064e-16,1.0,0.5172413793103449,1,37.0,6.166666666666667,2.2407096892759584,0.0,0.0,26.1
15,22.0,3.0,6.0,1.0,0,3,Mumbai,Unitech Power Transmission Ltd.,376,9.2,3459.2,284.4,2616.4799999999996,1.3,3459.2,135.0,30,6,1,1.0,6.123233995736766e-17,0.4746835443037975,1,47.0,7.833333333333333,2.322387720290225,810.0,810.0,14.968421052631578
13,23.0,3.0,3.0,1.0,0,3,Faridabad,"Maha Transco – Maharashtra State Electricity Transmission Co, Ltd.",359,8.1,2907.9,275.7,2233.1699999999996,1.3,2907.9,135.0,30,6,1,1.0,6.123233995736766e-17,0.4896626768226333,1,43.0,7.166666666666667,2.2082744135228043,810.0,810.0,16.21764705882353
16,22.0,3.0,10.0,1.0,0,11,Mumbai,Bonfiglioli Transmission Pvt. Ltd.,391,9.2,3597.2,298.5,2746.2,1.3,3597.2,135.0,28,4,3,-0.5000000000000004,0.8660254037844384,0.45226130653266333,1,52.0,8.666666666666666,2.322387720290225,540.0,540.0,14.925
19,23.0,3.0,8.0,1.0,0,8,Navi Mumbai,Sterlite Power Transmission Ltd,438,9.3,4073.4,303.3,2820.6900000000005,1.3,4073.4,135.0,32,8,2,-0.8660254037844385,-0.5000000000000004,0.44510385756676557,1,54.0,9.0,2.33214389523559,1080.0,1080.0,13.18695652173913
5,18.0,3.0,11.0,7.0,0,6,Ahmedabad,Tata Power Company Ltd.,396,7.9,3128.4,265.8,2099.82,1.3,3128.4,135.0,38,14,2,1.2246467991473532e-16,-1.0,0.5079006772009029,1,44.0,7.333333333333333,2.186051276738094,1890.0,1890.0,29.533333333333335
15,22.0,2.0,4.0,1.0,0,4,Vadodara,L&T Transmission & Distribution,325,7.8,2535.0,233.4,1820.52,1.3,2535.0,90.0,30,6,1,0.8660254037844387,-0.4999999999999998,0.3856041131105398,0,44.0,7.333333333333333,2.174751721484161,540.0,540.0,12.966666666666667
21,22.0,3.0,6.0,1.0,0,10,Nagpur,GE T&D India Limited,437,8.9,3889.3,297.0,2643.3,1.3,3889.3,135.0,28,4,3,-0.8660254037844386,0.5000000000000001,0.45454545454545453,1,53.0,8.833333333333334,2.2925347571405443,540.0,540.0,11.88
7,23.0,3.0,10.0,1.0,0,6,Kolkata,Reliance Power,421,8.7,3662.7,284.1,2471.67,1.3,3662.7,135.0,38,14,2,1.2246467991473532e-16,-1.0,0.4751847940865892,1,44.0,7.333333333333333,2.272125885509337,1890.0,1890.0,25.827272727272728
9,20.0,3.0,14.0,1.0,0,2,Shimla,Toshiba Transmission & Distribution Systems (India) Pvt. Ltd.,422,7.7,3249.4,286.8,2208.36,1.3,3249.4,135.0,20,0,0,0.8660254037844386,0.5000000000000001,0.4707112970711297,1,47.0,7.833333333333333,2.163323025660538,0.0,0.0,22.06153846153846
13,22.0,3.0,5.0,1.0,0,8,Nagpur,L&T Transmission & Distribution,361,8.9,3212.9,277.2,2467.08,1.3,3212.9,135.0,32,8,2,-0.8660254037844385,-0.5000000000000004,0.487012987012987,1,44.0,7.333333333333333,2.2925347571405443,1080.0,1080.0,16.305882352941175
10,18.0,2.0,4.0,1.0,0,10,Faridabad,Jaiprakash Power,277,8.1,2243.7,204.9,1659.69,1.3,2243.7,90.0,28,4,3,-0.8660254037844386,0.5000000000000001,0.43923865300146414,1,35.0,5.833333333333333,2.2082744135228043,360.0,360.0,15.761538461538462
12,22.0,2.0,11.0,1.0,0,4,Pune,Guj Ind Power,354,9.1,3221.4,248.1,2257.71,1.3,3221.4,90.0,30,6,1,0.8660254037844387,-0.4999999999999998,0.36275695284159615,0,48.0,8.0,2.312535423847214,540.0,540.0,16.54
9,21.0,2.0,6.0,1.0,0,2,Noida,Reliance Power,250,8.2,2050.0,222.3,1822.86,1.1246063877642825,2050.0,90.0,20,0,0,0.8660254037844386,0.5000000000000001,0.4048582995951417,1,39.0,6.5,2.2192034840549946,0.0,0.0,18.525000000000002
7,18.0,3.0,16.0,1.0,0,6,Faridabad,Ratnagiri Gas and Power Pvt. Ltd. (RGPPL),362,8.1,2932.2,279.6,2264.76,1.294706723891273,2932.2,135.0,38,14,2,1.2246467991473532e-16,-1.0,0.48283261802575106,1,45.0,7.5,2.2082744135228043,1890.0,1890.0,25.41818181818182
11,23.0,2.0,5.0,1.0,0,6,Hyderabad,Neueon Towers / Sujana Towers Ltd.,335,8.4,2814.0,232.5,1953.0,1.3,2814.0,90.0,38,14,2,1.2246467991473532e-16,-1.0,0.3870967741935484,0,42.0,7.0,2.2407096892759584,1260.0,1260.0,16.607142857142858
11,23.0,3.0,6.0,1.0,0,1,Hyderabad,Adani Power Ltd.,389,8.4,3267.6000000000004,280.5,2356.2000000000003,1.3,3267.6000000000004,135.0,20,0,0,0.49999999999999994,0.8660254037844387,0.48128342245989303,1,44.0,7.333333333333333,2.2407096892759584,0.0,0.0,18.7
10,17.0,3.0,14.0,1.0,0,10,Shimla,Sunil Hitech Eng,353,7.7,2718.1,275.4,2120.58,1.2817719680464779,2718.1,135.0,28,4,3,-0.8660254037844386,0.5000000000000001,0.4901960784313726,1,45.0,7.5,2.163323025660538,540.0,540.0,19.67142857142857
6,22.0,2.0,10.0,1.0,0,6,Ratnagiri,Torrent Power Ltd.,334,7.4,2471.6,232.5,1720.5,1.3,2471.6,90.0,38,14,2,1.2246467991473532e-16,-1.0,0.3870967741935484,0,41.0,6.833333333333333,2.128231705849268,1260.0,1260.0,25.833333333333332
7,21.0,3.0,11.0,1.0,0,3,Faridabad,GE T&D India Limited,377,8.1,3053.7,278.1,2252.61,1.3,3053.7,135.0,30,6,1,1.0,6.123233995736766e-17,0.48543689320388345,1,43.0,7.166666666666667,2.2082744135228043,810.0,810.0,25.281818181818185
5,17.0,2.0,15.0,1.0,0,12,Mumbai,Torrent Power Ltd.,300,9.2,2760.0,222.9,2050.68,1.3,2760.0,90.0,20,0,0,-2.4492935982947064e-16,1.0,0.4037685060565276,1,40.0,6.666666666666667,2.322387720290225,0.0,0.0,27.8625
7,22.0,2.0,18.0,1.0,0,11,Mumbai,Adani Power Ltd.,383,9.2,3523.6,258.6,2379.12,1.3,3523.6,90.0,28,4,3,-0.5000000000000004,0.8660254037844384,0.34802784222737815,0,50.0,8.333333333333334,2.322387720290225,360.0,360.0,25.860000000000003
9,18.0,2.0,10.0,1.0,0,11,Hyderabad,Ringfeder Power Transmission India Pvt. Ltd.,286,8.4,2402.4,220.8,1854.7200000000003,1.2952898550724636,2402.4,90.0,28,4,3,-0.5000000000000004,0.8660254037844384,0.4076086956521739,1,40.0,6.666666666666667,2.2407096892759584,360.0,360.0,18.400000000000002
6,18.0,1.0,14.0,1.0,0,5,Kolkata,TransRail Lighting,266,8.7,2314.2,181.5,1579.05,1.3,2314.2,45.0,38,14,1,0.49999999999999994,-0.8660254037844387,0.24793388429752067,0,40.0,6.666666666666667,2.272125885509337,630.0,630.0,22.6875
10,22.0,2.0,6.0,1.0,0,7,Faridabad,Jaiprakash Power,306,8.1,2478.6,228.9,1854.09,1.3,2478.6,90.0,32,8,2,-0.4999999999999997,-0.8660254037844388,0.3931847968545216,0,41.0,6.833333333333333,2.2082744135228043,720.0,720.0,17.607692307692307
17,22.0,2.0,9.0,1.0,0,2,Noida,Guj Ind Power,334,8.2,2738.8,252.6,2071.3199999999997,1.3,2738.8,90.0,20,0,0,0.8660254037844386,0.5000000000000001,0.35629453681710216,0,51.0,8.5,2.2192034840549946,0.0,0.0,12.629999999999999
5,19.0,3.0,5.0,1.0,0,6,Pune,Jyoti Structure,299,9.1,2720.9,246.9,2246.79,1.2110166059133254,2720.9,135.0,38,14,2,1.2246467991473532e-16,-1.0,0.5467800729040098,1,33.0,5.5,2.312535423847214,1890.0,1890.0,27.433333333333334
5,23.0,3.0,11.0,1.0,0,11,Dahej,JSW Energy Ltd.,387,7.6,2941.2,282.9,2150.0399999999995,1.3,2941.2,135.0,28,4,3,-0.5000000000000004,0.8660254037844384,0.47720042417815484,1,43.0,7.166666666666667,2.151762203259462,540.0,540.0,31.43333333333333
6,18.0,1.0,6.0,1.0,0,6,Faridabad,Jaiprakash Power,222,8.1,1798.1999999999998,157.5,1275.75,1.3,1798.1999999999998,45.0,38,14,2,1.2246467991473532e-16,-1.0,0.2857142857142857,0,32.0,5.333333333333333,2.2082744135228043,630.0,630.0,19.6875
5,20.0,3.0,9.0,1.0,0,3,Hyderabad,Orient Green,343,8.4,2881.2000000000003,263.4,2212.56,1.3,2881.2000000000003,135.0,30,6,1,1.0,6.123233995736766e-17,0.5125284738041003,1,38.0,6.333333333333333,2.2407096892759584,810.0,810.0,29.266666666666666
7,21.0,3.0,8.0,1.0,0,5,New Delhi,Reliance Energy,378,8.5,3213.0,269.1,2287.3500000000004,1.3,3213.0,135.0,38,14,1,0.49999999999999994,-0.8660254037844387,0.5016722408026756,1,40.0,6.666666666666667,2.2512917986064953,1890.0,1890.0,24.463636363636365
5,23.0,3.0,7.0,1.0,0,7,Gurgaon,Power Grid Corp,374,8.3,3104.2000000000003,270.9,2248.47,1.3,3104.2000000000003,135.0,32,8,2,-0.4999999999999997,-0.8660254037844388,0.49833887043189373,1,39.0,6.5,2.2300144001592104,1080.0,1080.0,30.099999999999998
12,22.0,3.0,11.0,1.0,0,3,Chennai,TransRail Lighting,432,8.8,3801.6,293.1,2579.28,1.3,3801.6,135.0,30,6,1,1.0,6.123233995736766e-17,0.4605936540429887,1,49.0,8.166666666666666,2.2823823856765264,810.0,810.0,18.31875
6,22.0,3.0,3.0,1.0,0,3,New Delhi,Sterlite Power Transmission Ltd,363,8.5,3085.5,256.5,2180.25,1.3,3085.5,135.0,30,6,1,1.0,6.123233995736766e-17,0.5263157894736842,1,35.0,5.833333333333333,2.2512917986064953,810.0,810.0,25.65
5,18.0,1.0,11.0,1.0,0,5,Gurgaon,NLC India,232,8.3,1925.6,170.4,1414.3200000000002,1.3,1925.6,45.0,38,14,1,0.49999999999999994,-0.8660254037844387,0.2640845070422535,0,36.0,6.0,2.2300144001592104,630.0,630.0,24.342857142857145
10,18.0,3.0,21.0,1.0,0,5,Faridabad,Neueon Towers / Sujana Towers Ltd.,449,8.1,3636.9,300.9,2437.2899999999995,1.3,3636.9,135.0,38,14,1,0.49999999999999994,-0.8660254037844387,0.448654037886341,1,53.0,8.833333333333334,2.2082744135228043,1890.0,1890.0,21.49285714285714
8,21.0,3.0,10.0,1.0,0,12,New Delhi,Sunil Hitech Eng,385,8.5,3272.5,277.2,2356.2,1.3,3272.5,135.0,20,0,0,-2.4492935982947064e-16,1.0,0.487012987012987,1,43.0,7.166666666666667,2.2512917986064953,0.0,0.0,23.099999999999998
23,23.0,3.0,12.0,1.0,0,2,Noida,NHPC,479,8.2,3927.8,323.7,2654.3399999999997,1.3,3927.8,135.0,20,0,0,0.8660254037844386,0.5000000000000001,0.41705282669138094,1,62.0,10.333333333333334,2.2192034840549946,0.0,0.0,11.988888888888889
10,20.0,2.0,10.0,1.0,0,4,Shimla,Ringfeder Power Transmission India Pvt. Ltd.,310,7.7,2387.0,231.9,1785.63,1.3,2387.0,90.0,30,6,1,0.8660254037844387,-0.4999999999999998,0.38809831824062097,0,43.0,7.166666666666667,2.163323025660538,540.0,540.0,17.838461538461537
6,18.0,3.0,15.0,1.0,0,12,Shimla,Indowind Energy,362,7.7,2787.4,274.5,2113.65,1.3,2787.4,135.0,20,0,0,-2.4492935982947064e-16,1.0,0.4918032786885246,1,43.0,7.166666666666667,2.163323025660538,0.0,0.0,27.45
19,23.0,3.0,6.0,1.0,0,9,Chennai,GE T&D India Limited,431,8.8,3792.8,297.3,2616.2400000000002,1.3,3792.8,135.0,32,8,2,-1.0,-1.8369701987210297e-16,0.45408678102926336,1,52.0,8.666666666666666,2.2823823856765264,1080.0,1080.0,12.92608695652174
20,23.0,3.0,5.0,1.0,0,5,Kolkata,"Maha Transco – Maharashtra State Electricity Transmission Co, Ltd.",431,8.7,3749.7,296.4,2578.6799999999994,1.3,3749.7,135.0,38,14,1,0.49999999999999994,-0.8660254037844387,0.45546558704453444,1,52.0,8.666666666666666,2.272125885509337,1890.0,1890.0,12.35
6,23.0,2.0,6.0,1.0,0,5,Nagpur,Kalpataru Power,306,8.9,2723.4,225.0,2002.5,1.3,2723.4,90.0,38,14,1,0.49999999999999994,-0.8660254037844387,0.4,0,38.0,6.333333333333333,2.2925347571405443,1260.0,1260.0,25.0
6,22.0,3.0,8.0,7.0,0,8,Hyderabad,Neueon Towers / Sujana Towers Ltd.,415,8.4,3486.0,276.9,2325.96,1.3,3486.0,135.0,32,8,2,-0.8660254037844385,-0.5000000000000004,0.48754062838569884,1,46.0,7.666666666666667,2.2407096892759584,1080.0,1080.0,27.689999999999998
15,23.0,3.0,11.0,1.0,0,12,Nagpur,Orient Green,436,8.9,3880.4,303.9,2704.71,1.3,3880.4,135.0,20,0,0,-2.4492935982947064e-16,1.0,0.4442250740375124,1,53.0,8.833333333333334,2.2925347571405443,0.0,0.0,15.994736842105262
15,23.0,3.0,4.0,1.0,0,1,Navi Mumbai,Ringfeder Power Transmission India Pvt. Ltd.,388,9.3,3608.4,282.9,2630.97,1.3,3608.4,135.0,20,0,0,0.49999999999999994,0.8660254037844387,0.47720042417815484,1,46.0,7.666666666666667,2.33214389523559,0.0,0.0,14.889473684210525
9,21.0,3.0,15.0,1.0,0,8,Navi Mumbai,Sunil Hitech Eng,402,9.3,3738.6,294.3,2736.9900000000002,1.3,3738.6,135.0,32,8,2,-0.8660254037844385,-0.5000000000000004,0.4587155963302752,1,49.0,8.166666666666666,2.33214389523559,1080.0,1080.0,22.638461538461538
10,20.0,2.0,17.0,1.0,0,2,Nagpur,Adani Power Ltd.,324,8.9,2883.6,252.9,2250.81,1.2811387900355873,2883.6,90.0,20,0,0,0.8660254037844386,0.5000000000000001,0.3558718861209964,0,50.0,8.333333333333334,2.2925347571405443,0.0,0.0,19.453846153846154
10,17.0,3.0,18.0,1.0,0,3,Ratnagiri,Guj Ind Power,403,7.4,2982.2000000000003,287.4,2126.7599999999998,1.3,2982.2000000000003,135.0,30,6,1,1.0,6.123233995736766e-17,0.4697286012526096,1,49.0,8.166666666666666,2.128231705849268,810.0,810.0,20.52857142857143
14,22.0,3.0,5.0,1.0,0,11,Hyderabad,Reliance Energy,404,8.4,3393.6000000000004,279.3,2346.1200000000003,1.3,3393.6000000000004,135.0,28,4,3,-0.5000000000000004,0.8660254037844384,0.4833512352309345,1,45.0,7.5,2.2407096892759584,540.0,540.0,15.516666666666667
5,23.0,2.0,5.0,1.0,0,5,Nagpur,CESC,307,8.9,2732.3,219.9,1957.1100000000001,1.3,2732.3,90.0,38,14,1,0.49999999999999994,-0.8660254037844387,0.4092769440654843,1,36.0,6.0,2.2925347571405443,1260.0,1260.0,27.4875
6,21.0,2.0,17.0,1.0,0,11,Ratnagiri,Orient Green,358,7.4,2649.2000000000003,249.0,1842.6000000000001,1.3,2649.2000000000003,90.0,28,4,3,-0.5000000000000004,0.8660254037844384,0.3614457831325301,0,47.0,7.833333333333333,2.128231705849268,360.0,360.0,27.666666666666668
6,23.0,2.0,4.0,1.0,0,8,Hyderabad,Guj Ind Power,305,8.4,2562.0,219.0,1839.6000000000001,1.3,2562.0,90.0,32,8,2,-0.8660254037844385,-0.5000000000000004,0.410958904109589,1,36.0,6.0,2.2407096892759584,720.0,720.0,24.333333333333332
11,22.0,2.0,9.0,1.0,0,4,Chennai,CESC,326,8.8,2868.8,240.0,2112.0,1.3,2868.8,90.0,30,6,1,0.8660254037844387,-0.4999999999999998,0.375,0,45.0,7.5,2.2823823856765264,540.0,540.0,17.142857142857142
8,17.0,3.0,22.0,1.0,0,2,Vadodara,Guj Ind Power,409,7.8,3190.2,295.2,2302.56,1.3,3190.2,135.0,20,0,0,0.8660254037844386,0.5000000000000001,0.4573170731707317,1,51.0,8.5,2.174751721484161,0.0,0.0,24.599999999999998
10,19.0,2.0,6.0,1.0,0,2,Ratnagiri,TransRail Lighting,234,7.4,1731.6,215.4,1593.96,1.0863509749303621,1731.6,90.0,20,0,0,0.8660254037844386,0.5000000000000001,0.41782729805013924,1,38.0,6.333333333333333,2.128231705849268,0.0,0.0,16.56923076923077
21,22.0,2.0,15.0,1.0,0,2,Ahmedabad,"Maha Transco – Maharashtra State Electricity Transmission Co, Ltd.",410,7.9,3239.0,279.0,2204.1,1.3,3239.0,90.0,20,0,0,0.8660254037844386,0.5000000000000001,0.3225806451612903,0,61.0,10.166666666666666,2.186051276738094,0.0,0.0,11.625
6,19.0,3.0,4.0,1.0,0,11,Navi Mumbai,Adani Power Ltd.,313,9.3,2910.9,246.0,2287.8,1.2723577235772356,2910.9,135.0,28,4,3,-0.5000000000000004,0.8660254037844384,0.5487804878048781,1,33.0,5.5,2.33214389523559,540.0,540.0,24.6
10,19.0,2.0,3.0,1.0,0,2,Chennai,Ringfeder Power Transmission India Pvt. Ltd.,308,8.8,2710.4,206.4,1816.3200000000002,1.3,2710.4,90.0,20,0,0,0.8660254037844386,0.5000000000000001,0.436046511627907,1,35.0,5.833333333333333,2.2823823856765264,0.0,0.0,15.876923076923077
6,17.0,3.0,7.0,1.0,0,2,Navi Mumbai,Bonfiglioli Transmission Pvt. Ltd.,356,9.3,3310.8,246.0,2287.8,1.3,3310.8,135.0,20,0,0,0.8660254037844386,0.5000000000000001,0.5487804878048781,1,34.0,5.666666666666667,2.33214389523559,0.0,0.0,24.6
10,19.0,3.0,5.0,1.0,0,2,Shimla,Optibelt Power Transmission India Private Limited,253,7.7,1948.1,257.4,1981.9799999999998,0.982905982905983,1948.1,135.0,20,0,0,0.8660254037844386,0.5000000000000001,0.5244755244755245,1,38.0,6.333333333333333,2.163323025660538,0.0,0.0,18.385714285714283
16,23.0,2.0,5.0,1.0,0,6,Hyderabad,CESC,341,8.4,2864.4,243.0,2041.2,1.3,2864.4,90.0,38,14,2,1.2246467991473532e-16,-1.0,0.37037037037037035,0,47.0,7.833333333333333,2.2407096892759584,1260.0,1260.0,12.789473684210526
7,23.0,2.0,8.0,1.0,0,2,Mumbai,Torrent Power Ltd.,323,9.2,2971.6,233.1,2144.52,1.3,2971.6,90.0,20,0,0,0.8660254037844386,0.5000000000000001,0.3861003861003861,0,41.0,6.833333333333333,2.322387720290225,0.0,0.0,23.31
5,18.0,2.0,10.0,1.0,0,11,Noida,KEC International,317,8.2,2599.4,212.4,1741.6799999999998,1.3,2599.4,90.0,28,4,3,-0.5000000000000004,0.8660254037844384,0.423728813559322,1,36.0,6.0,2.2192034840549946,360.0,360.0,26.55
8,20.0,2.0,9.0,1.0,0,11,Hyderabad,CESC,286,8.4,2402.4,224.7,1887.48,1.2728081886960392,2402.4,90.0,28,4,3,-0.5000000000000004,0.8660254037844384,0.4005340453938585,1,40.0,6.666666666666667,2.2407096892759584,360.0,360.0,20.427272727272726
9,19.0,3.0,13.0,1.0,0,9,Mumbai,Guj Ind Power,385,9.2,3541.9999999999995,279.3,2569.56,1.3,3541.9999999999995,135.0,32,8,2,-1.0,-1.8369701987210297e-16,0.4833512352309345,1,45.0,7.5,2.322387720290225,1080.0,1080.0,21.484615384615385
8,19.0,3.0,9.0,7.0,0,1,Gurgaon,Jyoti Structure,394,8.3,3270.2000000000003,270.6,2245.9800000000005,1.3,3270.2000000000003,135.0,20,0,0,0.49999999999999994,0.8660254037844387,0.4988913525498891,1,46.0,7.666666666666667,2.2300144001592104,0.0,0.0,22.55
6,17.0,3.0,8.0,1.0,0,10,Gurgaon,Jaiprakash Power,273,8.3,2265.9,249.0,2066.7000000000003,1.0963855421686746,2265.9,135.0,28,4,3,-0.8660254037844386,0.5000000000000001,0.5421686746987951,1,35.0,5.833333333333333,2.2300144001592104,540.0,540.0,24.9
9,17.0,3.0,17.0,1.0,0,6,Chennai,NHPC,369,8.8,3247.2000000000003,282.3,2484.2400000000002,1.3,3247.2000000000003,135.0,38,14,2,1.2246467991473532e-16,-1.0,0.4782146652497343,1,47.0,7.833333333333333,2.2823823856765264,1890.0,1890.0,21.715384615384615
7,18.0,1.0,5.0,1.0,0,9,Mumbai,Ratnagiri Gas and Power Pvt. Ltd. (RGPPL),224,9.2,2060.8,156.6,1440.7199999999998,1.3,2060.8,45.0,32,8,2,-1.0,-1.8369701987210297e-16,0.2873563218390805,0,32.0,5.333333333333333,2.322387720290225,360.0,360.0,17.4
9,19.0,1.0,6.0,1.0,0,12,Noida,KEC International,226,8.2,1853.2,168.3,1380.06,1.3,1853.2,45.0,20,0,0,-2.4492935982947064e-16,1.0,0.267379679144385,0,36.0,6.0,2.2192034840549946,0.0,0.0,15.3
20,23.0,3.0,9.0,1.0,0,6,Noida,Reliance Power,445,8.2,3649.0,308.4,2528.8799999999997,1.3,3649.0,135.0,38,14,2,1.2246467991473532e-16,-1.0,0.43774319066147865,1,56.0,9.333333333333334,2.2192034840549946,1890.0,1890.0,12.85
13,23.0,3.0,3.0,1.0,0,2,Shimla,Unitech Power Transmission Ltd.,335,7.7,2579.5,275.7,2122.89,1.215088864708016,2579.5,135.0,20,0,0,0.8660254037844386,0.5000000000000001,0.4896626768226333,1,43.0,7.166666666666667,2.163323025660538,0.0,0.0,16.21764705882353
6,17.0,2.0,17.0,1.0,0,8,Faridabad,Sterlite Power Transmission Ltd,344,8.1,2786.4,231.0,1871.1,1.3,2786.4,90.0,32,8,2,-0.8660254037844385,-0.5000000000000004,0.38961038961038963,0,43.0,7.166666666666667,2.2082744135228043,720.0,720.0,25.666666666666668
8,19.0,2.0,14.0,1.0,0,12,Shimla,Indowind Energy,325,7.7,2502.5,235.2,1811.04,1.3,2502.5,90.0,20,0,0,-2.4492935982947064e-16,1.0,0.38265306122448983,0,44.0,7.333333333333333,2.163323025660538,0.0,0.0,21.38181818181818
6,20.0,3.0,4.0,1.0,0,2,Hyderabad,Sunil Hitech Eng,252,8.4,2116.8,250.5,2104.2000000000003,1.0059880239520957,2116.8,135.0,20,0,0,0.8660254037844386,0.5000000000000001,0.5389221556886228,1,34.0,5.666666666666667,2.2407096892759584,0.0,0.0,25.05
23,22.0,3.0,6.0,1.0,0,5,Vadodara,KEC International,418,7.8,3260.4,301.2,2349.3599999999997,1.3,3260.4,135.0,38,14,1,0.49999999999999994,-0.8660254037844387,0.448207171314741,1,55.0,9.166666666666666,2.174751721484161,1890.0,1890.0,11.155555555555555
5,21.0,3.0,20.0,1.0,0,6,Kolkata,GE T&D India Limited,428,8.7,3723.6,300.9,2617.8299999999995,1.3,3723.6,135.0,38,14,2,1.2246467991473532e-16,-1.0,0.448654037886341,1,50.0,8.333333333333334,2.272125885509337,1890.0,1890.0,33.43333333333333
7,20.0,3.0,15.0,1.0,0,9,Noida,L&T Transmission & Distribution,365,8.2,2992.9999999999995,285.6,2341.92,1.2780112044817924,2992.9999999999995,135.0,32,8,2,-1.0,-1.8369701987210297e-16,0.4726890756302521,1,46.0,7.666666666666667,2.2192034840549946,1080.0,1080.0,25.963636363636365
7,21.0,2.0,8.0,1.0,0,8,Noida,GE T&D India Limited,322,8.2,2640.4,224.1,1837.62,1.3,2640.4,90.0,32,8,2,-0.8660254037844385,-0.5000000000000004,0.40160642570281124,1,39.0,6.5,2.2192034840549946,720.0,720.0,22.41
16,22.0,3.0,8.0,1.0,0,12,Nagpur,Sterlite Power Transmission Ltd,401,8.9,3568.9,292.5,2603.25,1.3,3568.9,135.0,20,0,0,-2.4492935982947064e-16,1.0,0.46153846153846156,1,50.0,8.333333333333334,2.2925347571405443,0.0,0.0,14.625
14,23.0,2.0,9.0,1.0,0,4,Pune,Power Grid Corp,373,9.1,3394.3,250.8,2282.28,1.3,3394.3,90.0,30,6,1,0.8660254037844387,-0.4999999999999998,0.3588516746411483,0,49.0,8.166666666666666,2.312535423847214,540.0,540.0,14.75294117647059
16,23.0,3.0,4.0,1.0,0,12,Pune,Torrent Power Ltd.,416,9.1,3785.6,285.0,2593.5,1.3,3785.6,135.0,20,0,0,-2.4492935982947064e-16,1.0,0.47368421052631576,1,47.0,7.833333333333333,2.312535423847214,0.0,0.0,14.25
6,21.0,3.0,20.0,1.0,0,5,Kolkata,Torrent Power Ltd.,450,8.7,3915.0,303.0,2636.1,1.3,3915.0,135.0,38,14,1,0.49999999999999994,-0.8660254037844387,0.44554455445544555,1,51.0,8.5,2.272125885509337,1890.0,1890.0,30.3
16,22.0,3.0,6.0,1.0,0,4,Noida,CESC,377,8.2,3091.4,286.5,2349.2999999999997,1.3,3091.4,135.0,30,6,1,0.8660254037844387,-0.4999999999999998,0.4712041884816754,1,48.0,8.0,2.2192034840549946,810.0,810.0,14.325
7,20.0,3.0,10.0,1.0,0,7,Noida,NTPC Pvt. Ltd.,346,8.2,2837.2,270.6,2218.92,1.278640059127864,2837.2,135.0,32,8,2,-0.4999999999999997,-0.8660254037844388,0.4988913525498891,1,41.0,6.833333333333333,2.2192034840549946,1080.0,1080.0,24.6
5,21.0,3.0,6.0,1.0,0,8,Faridabad,NTPC Pvt. Ltd.,333,8.1,2697.3,258.9,2097.0899999999997,1.286210892236385,2697.3,135.0,32,8,2,-0.8660254037844385,-0.5000000000000004,0.5214368482039398,1,36.0,6.0,2.2082744135228043,1080.0,1080.0,28.766666666666666
5,21.0,2.0,6.0,7.0,0,1,Faridabad,Jyoti Structure,326,8.1,2640.6,219.3,1776.33,1.3,2640.6,90.0,20,0,0,0.49999999999999994,0.8660254037844387,0.4103967168262654,1,41.0,6.833333333333333,2.2082744135228043,0.0,0.0,27.4125
6,20.0,3.0,3.0,1.0,0,9,New Delhi,Neueon Towers / Sujana Towers Ltd.,353,8.5,3000.5,247.5,2103.75,1.3,3000.5,135.0,32,8,2,-1.0,-1.8369701987210297e-16,0.5454545454545454,1,33.0,5.5,2.2512917986064953,1080.0,1080.0,24.75
13,22.0,3.0,19.0,1.0,0,11,Ahmedabad,Kalpataru Power,469,7.9,3705.1,319.2,2521.68,1.3,3705.1,135.0,28,4,3,-0.5000000000000004,0.8660254037844384,0.42293233082706766,1,58.0,9.666666666666666,2.186051276738094,540.0,540.0,18.776470588235295
18,22.0,3.0,11.0,1.0,0,10,Kolkata,KEC International,451,8.7,3923.7,305.7,2659.5899999999997,1.3,3923.7,135.0,28,4,3,-0.8660254037844386,0.5000000000000001,0.4416094210009814,1,55.0,9.166666666666666,2.272125885509337,540.0,540.0,13.895454545454545
17,22.0,2.0,9.0,1.0,0,2,Gurgaon,Orient Green,361,8.3,2996.3,252.6,2096.58,1.3,2996.3,90.0,20,0,0,0.8660254037844386,0.5000000000000001,0.35629453681710216,0,51.0,8.5,2.2300144001592104,0.0,0.0,12.629999999999999
11,23.0,3.0,8.0,1.0,0,5,Kolkata,Orient Green,377,8.7,3279.9,286.5,2492.5499999999997,1.3,3279.9,135.0,38,14,1,0.49999999999999994,-0.8660254037844387,0.4712041884816754,1,46.0,7.666666666666667,2.272125885509337,1890.0,1890.0,19.1
7,18.0,2.0,16.0,1.0,0,6,Shimla,Neueon Towers / Sujana Towers Ltd.,334,7.7,2571.8,234.6,1806.42,1.3,2571.8,90.0,38,14,2,1.2246467991473532e-16,-1.0,0.3836317135549872,0,44.0,7.333333333333333,2.163323025660538,1260.0,1260.0,23.46
6,22.0,3.0,9.0,1.0,0,10,Pune,"Maha Transco – Maharashtra State Electricity Transmission Co, Ltd.",368,9.1,3348.8,274.5,2497.95,1.3,3348.8,135.0,28,4,3,-0.8660254037844386,0.5000000000000001,0.4918032786885246,1,41.0,6.833333333333333,2.312535423847214,540.0,540.0,27.45
8,17.0,3.0,22.0,1.0,0,1,Hyderabad,Sunil Hitech Eng,423,8.4,3553.2000000000003,295.2,2479.68,1.3,3553.2000000000003,135.0,20,0,0,0.49999999999999994,0.8660254037844387,0.4573170731707317,1,51.0,8.5,2.2407096892759584,0.0,0.0,24.599999999999998
7,19.0,3.0,22.0,1.0,0,9,New Delhi,L&T Transmission & Distribution,403,8.5,3425.5,302.1,2567.8500000000004,1.3,3425.5,135.0,32,8,2,-1.0,-1.8369701987210297e-16,0.44687189672293937,1,52.0,8.666666666666666,2.2512917986064953,1080.0,1080.0,27.463636363636365
8,19.0,3.0,6.0,1.0,0,1,Pune,TransRail Lighting,350,9.1,3185.0,256.2,2331.4199999999996,1.3,3185.0,135.0,20,0,0,0.49999999999999994,0.8660254037844387,0.5269320843091335,1,37.0,6.166666666666667,2.312535423847214,0.0,0.0,21.349999999999998
13,23.0,3.0,3.0,1.0,0,2,Navi Mumbai,Ringfeder Power Transmission India Pvt. Ltd.,397,9.3,3692.1,275.7,2564.01,1.3,3692.1,135.0,20,0,0,0.8660254037844386,0.5000000000000001,0.4896626768226333,1,43.0,7.166666666666667,2.33214389523559,0.0,0.0,16.21764705882353
8,23.0,2.0,8.0,1.0,0,10,Shimla,Optibelt Power Transmission India Private Limited,341,7.7,2625.7000000000003,235.2,1811.04,1.3,2625.7000000000003,90.0,28,4,3,-0.8660254037844386,0.5000000000000001,0.38265306122448983,0,42.0,7.0,2.163323025660538,360.0,360.0,21.38181818181818
15,23.0,2.0,5.0,1.0,0,2,Mumbai,Jyoti Structure,356,9.2,3275.2,240.9,2216.2799999999997,1.3,3275.2,90.0,20,0,0,0.8660254037844386,0.5000000000000001,0.37359900373599003,0,46.0,7.666666666666667,2.322387720290225,0.0,0.0,13.383333333333333
11,23.0,3.0,17.0,1.0,0,12,Faridabad,L&T Transmission & Distribution,470,8.1,3807.0,313.5,2539.35,1.3,3807.0,135.0,20,0,0,-2.4492935982947064e-16,1.0,0.430622009569378,1,55.0,9.166666666666666,2.2082744135228043,0.0,0.0,20.9
8,20.0,2.0,13.0,1.0,0,8,Chennai,Jyoti Structure,330,8.8,2904.0000000000005,236.7,2082.96,1.3,2904.0000000000005,90.0,32,8,2,-0.8660254037844385,-0.5000000000000004,0.3802281368821293,0,44.0,7.333333333333333,2.2823823856765264,720.0,720.0,21.518181818181816
6,18.0,3.0,4.0,1.0,0,6,Nagpur,Unitech Power Transmission Ltd.,244,8.9,2171.6,241.5,2149.35,1.010351966873706,2171.6,135.0,38,14,2,1.2246467991473532e-16,-1.0,0.5590062111801242,1,32.0,5.333333333333333,2.2925347571405443,1890.0,1890.0,24.15
5,18.0,2.0,7.0,1.0,0,2,Gurgaon,NHPC,243,8.3,2016.9,203.4,1688.2200000000003,1.1946902654867255,2016.9,90.0,20,0,0,0.8660254037844386,0.5000000000000001,0.44247787610619466,1,33.0,5.5,2.2300144001592104,0.0,0.0,25.425
7,22.0,3.0,13.0,1.0,0,5,Ahmedabad,SJVN Ltd.,432,7.9,3412.8,288.6,2279.9400000000005,1.3,3412.8,135.0,38,14,1,0.49999999999999994,-0.8660254037844387,0.46777546777546775,1,46.0,7.666666666666667,2.186051276738094,1890.0,1890.0,26.236363636363638
10,19.0,1.0,8.0,1.0,0,4,Gurgaon,Toshiba Transmission & Distribution Systems (India) Pvt. Ltd.,258,8.3,2141.4,176.4,1464.1200000000001,1.3,2141.4,45.0,30,6,1,0.8660254037844387,-0.4999999999999998,0.25510204081632654,0,39.0,6.5,2.2300144001592104,270.0,270.0,14.700000000000001
22,22.0,3.0,6.0,1.0,0,6,Shimla,Reliance Energy,447,7.7,3441.9,299.1,2303.07,1.3,3441.9,135.0,38,14,2,1.2246467991473532e-16,-1.0,0.45135406218655966,1,54.0,9.0,2.163323025660538,1890.0,1890.0,11.503846153846155
6,17.0,2.0,10.0,1.0,0,11,Vadodara,KEC International,288,7.8,2246.4,210.0,1638.0,1.3,2246.4,90.0,28,4,3,-0.5000000000000004,0.8660254037844384,0.42857142857142855,1,36.0,6.0,2.174751721484161,360.0,360.0,23.333333333333332
10,22.0,3.0,12.0,1.0,0,1,Dahej,Reliance Power,421,7.6,3199.6,291.9,2218.4399999999996,1.3,3199.6,135.0,20,0,0,0.49999999999999994,0.8660254037844387,0.4624871531346352,1,48.0,8.0,2.151762203259462,0.0,0.0,20.849999999999998
8,18.0,2.0,8.0,1.0,0,6,Ahmedabad,Jyoti Structure,270,7.9,2133.0,212.7,1680.33,1.2693935119887165,2133.0,90.0,38,14,2,1.2246467991473532e-16,-1.0,0.4231311706629055,1,37.0,6.166666666666667,2.186051276738094,1260.0,1260.0,19.336363636363636
9,22.0,3.0,4.0,1.0,0,4,Nagpur,Sterlite Power Transmission Ltd,336,8.9,2990.4,265.8,2365.6200000000003,1.2641083521444694,2990.4,135.0,30,6,1,0.8660254037844387,-0.4999999999999998,0.5079006772009029,1,39.0,6.5,2.2925347571405443,810.0,810.0,20.446153846153848
20,22.0,3.0,8.0,1.0,0,6,Chennai,Bonfiglioli Transmission Pvt. Ltd.,429,8.8,3775.2,300.9,2647.92,1.3,3775.2,135.0,38,14,2,1.2246467991473532e-16,-1.0,0.448654037886341,1,54.0,9.0,2.2823823856765264,1890.0,1890.0,12.5375
7,21.0,1.0,6.0,1.0,0,12,Noida,Toshiba Transmission & Distribution Systems (India) Pvt. Ltd.,243,8.2,1992.6,173.1,1419.4199999999998,1.3,1992.6,45.0,20,0,0,-2.4492935982947064e-16,1.0,0.25996533795493937,0,36.0,6.0,2.2192034840549946,0.0,0.0,19.233333333333334
6,17.0,2.0,7.0,1.0,0,12,Ratnagiri,Tata Power Company Ltd.,276,7.4,2042.4,201.0,1487.4,1.3,2042.4,90.0,20,0,0,-2.4492935982947064e-16,1.0,0.44776119402985076,1,33.0,5.5,2.128231705849268,0.0,0.0,22.333333333333332
10,17.0,2.0,15.0,1.0,0,12,Shimla,Ringfeder Power Transmission India Pvt. Ltd.,344,7.7,2648.8,233.4,1797.18,1.3,2648.8,90.0,20,0,0,-2.4492935982947064e-16,1.0,0.3856041131105398,0,45.0,7.5,2.163323025660538,0.0,0.0,17.953846153846154
8,19.0,3.0,4.0,7.0,0,2,Ahmedabad,Toshiba Transmission & Distribution Systems (India) Pvt. Ltd.,383,7.9,3025.7000000000003,255.6,2019.24,1.3,3025.7000000000003,135.0,20,0,0,0.8660254037844386,0.5000000000000001,0.528169014084507,1,41.0,6.833333333333333,2.186051276738094,0.0,0.0,21.3
7,17.0,1.0,3.0,1.0,0,3,Gurgaon,SJVN Ltd.,185,8.3,1535.5000000000002,146.1,1212.63,1.266255989048597,1535.5000000000002,45.0,30,6,1,1.0,6.123233995736766e-17,0.3080082135523614,0,29.0,4.833333333333333,2.2300144001592104,270.0,270.0,16.233333333333334
5,23.0,2.0,17.0,1.0,0,11,Ratnagiri,Ratnagiri Gas and Power Pvt. Ltd. (RGPPL),383,7.4,2834.2000000000003,255.9,1893.66,1.3,2834.2000000000003,90.0,28,4,3,-0.5000000000000004,0.8660254037844384,0.3516998827667057,0,48.0,8.0,2.128231705849268,360.0,360.0,31.9875
15,23.0,3.0,3.0,1.0,0,12,Navi Mumbai,"Maha Transco – Maharashtra State Electricity Transmission Co, Ltd.",401,9.3,3729.3,279.9,2603.07,1.3,3729.3,135.0,20,0,0,-2.4492935982947064e-16,1.0,0.482315112540193,1,45.0,7.5,2.33214389523559,0.0,0.0,14.731578947368419
8,18.0,3.0,15.0,1.0,0,9,New Delhi,NLC India,416,8.5,3536.0,278.7,2368.95,1.3,3536.0,135.0,32,8,2,-1.0,-1.8369701987210297e-16,0.48439181916038754,1,45.0,7.5,2.2512917986064953,1080.0,1080.0,23.224999999999998
18,23.0,3.0,3.0,1.0,0,7,Kolkata,NHPC,396,8.7,3445.2,286.2,2489.9399999999996,1.3,3445.2,135.0,32,8,2,-0.4999999999999997,-0.8660254037844388,0.4716981132075472,1,48.0,8.0,2.272125885509337,1080.0,1080.0,13.009090909090908
18,22.0,3.0,5.0,1.0,0,12,Hyderabad,Neueon Towers / Sujana Towers Ltd.,415,8.4,3486.0,287.7,2416.68,1.3,3486.0,135.0,20,0,0,-2.4492935982947064e-16,1.0,0.46923879040667366,1,49.0,8.166666666666666,2.2407096892759584,0.0,0.0,13.077272727272726
20,22.0,2.0,3.0,1.0,0,2,Ahmedabad,Reliance Power,353,7.9,2788.7000000000003,240.9,1903.1100000000001,1.3,2788.7000000000003,90.0,20,0,0,0.8660254037844386,0.5000000000000001,0.37359900373599003,0,48.0,8.0,2.186051276738094,0.0,0.0,10.47391304347826
13,23.0,2.0,7.0,1.0,0,6,Navi Mumbai,Ringfeder Power Transmission India Pvt. Ltd.,346,9.3,3217.8,242.7,2257.11,1.3,3217.8,90.0,38,14,2,1.2246467991473532e-16,-1.0,0.3708281829419036,0,46.0,7.666666666666667,2.33214389523559,1260.0,1260.0,15.16875
9,23.0,3.0,14.0,1.0,0,12,Ahmedabad,L&T Transmission & Distribution,420,7.9,3318.0,300.3,2372.3700000000003,1.3,3318.0,135.0,20,0,0,-2.4492935982947064e-16,1.0,0.44955044955044954,1,50.0,8.333333333333334,2.186051276738094,0.0,0.0,23.1
13,22.0,2.0,6.0,1.0,0,8,Chennai,JSW Energy Ltd.,327,8.8,2877.6000000000004,235.2,2069.76,1.3,2877.6000000000004,90.0,32,8,2,-0.8660254037844385,-0.5000000000000004,0.38265306122448983,0,44.0,7.333333333333333,2.2823823856765264,720.0,720.0,14.7
20,23.0,2.0,9.0,1.0,0,2,Dahej,Tata Power Company Ltd.,362,7.6,2751.2,263.4,2001.8399999999997,1.3,2751.2,90.0,20,0,0,0.8660254037844386,0.5000000000000001,0.34168564920273353,0,55.0,9.166666666666666,2.151762203259462,0.0,0.0,11.452173913043477
7,17.0,3.0,12.0,1.0,0,4,Kolkata,Jaiprakash Power,359,8.7,3123.3,263.1,2288.97,1.3,3123.3,135.0,30,6,1,0.8660254037844387,-0.4999999999999998,0.5131128848346636,1,40.0,6.666666666666667,2.272125885509337,810.0,810.0,23.91818181818182
9,20.0,2.0,12.0,1.0,0,11,Gurgaon,Power Grid Corp,339,8.3,2813.7000000000003,235.8,1957.1400000000003,1.3,2813.7000000000003,90.0,28,4,3,-0.5000000000000004,0.8660254037844384,0.38167938931297707,0,44.0,7.333333333333333,2.2300144001592104,360.0,360.0,19.650000000000002
7,22.0,2.0,15.0,1.0,0,9,Navi Mumbai,Jaiprakash Power,356,9.3,3310.8,249.6,2321.28,1.3,3310.8,90.0,32,8,2,-1.0,-1.8369701987210297e-16,0.3605769230769231,0,47.0,7.833333333333333,2.33214389523559,720.0,720.0,24.96
7,17.0,1.0,6.0,7.0,0,10,Ahmedabad,Unitech Power Transmission Ltd.,234,7.9,1848.6,160.5,1267.95,1.3,1848.6,45.0,28,4,3,-0.8660254037844386,0.5000000000000001,0.2803738317757009,0,38.0,6.333333333333333,2.186051276738094,180.0,180.0,17.833333333333332
22,23.0,2.0,3.0,1.0,0,3,Mumbai,Toshiba Transmission & Distribution Systems (India) Pvt. Ltd.,374,9.2,3440.8,249.6,2296.3199999999997,1.3,3440.8,90.0,30,6,1,1.0,6.123233995736766e-17,0.3605769230769231,0,51.0,8.5,2.322387720290225,540.0,540.0,9.984
13,22.0,3.0,13.0,1.0,0,2,New Delhi,Neueon Towers / Sujana Towers Ltd.,378,8.5,3213.0,301.2,2560.2,1.254980079681275,3213.0,135.0,20,0,0,0.8660254037844386,0.5000000000000001,0.448207171314741,1,52.0,8.666666666666666,2.2512917986064953,0.0,0.0,17.71764705882353
7,19.0,2.0,8.0,1.0,0,4,Faridabad,Reliance Energy,257,8.1,2081.7,215.1,1742.31,1.1947931194793118,2081.7,90.0,30,6,1,0.8660254037844387,-0.4999999999999998,0.4184100418410042,1,37.0,6.166666666666667,2.2082744135228043,540.0,540.0,21.509999999999998
6,22.0,3.0,16.0,1.0,0,7,Dahej,Optibelt Power Transmission India Private Limited,409,7.6,3108.4,295.5,2245.7999999999997,1.3,3108.4,135.0,32,8,2,-0.4999999999999997,-0.8660254037844388,0.45685279187817257,1,48.0,8.0,2.151762203259462,1080.0,1080.0,29.55
6,20.0,3.0,16.0,1.0,0,2,Mumbai,Sunil Hitech Eng,410,9.2,3772.0,286.5,2635.7999999999997,1.3,3772.0,135.0,20,0,0,0.8660254037844386,0.5000000000000001,0.4712041884816754,1,46.0,7.666666666666667,2.322387720290225,0.0,0.0,28.65
6,18.0,2.0,8.0,1.0,0,6,Ahmedabad,Ringfeder Power Transmission India Pvt. Ltd.,279,7.9,2204.1,208.5,1647.15,1.3,2204.1,90.0,38,14,2,1.2246467991473532e-16,-1.0,0.4316546762589928,1,35.0,5.833333333333333,2.186051276738094,1260.0,1260.0,23.166666666666668
6,17.0,2.0,12.0,1.0,0,4,Faridabad,Bonfiglioli Transmission Pvt. Ltd.,266,8.1,2154.6,216.0,1749.6,1.2314814814814814,2154.6,90.0,30,6,1,0.8660254037844387,-0.4999999999999998,0.4166666666666667,1,38.0,6.333333333333333,2.2082744135228043,540.0,540.0,24.0
8,17.0,2.0,11.0,1.0,0,4,Vadodara,Ringfeder Power Transmission India Pvt. Ltd.,276,7.8,2152.8,217.2,1694.1599999999999,1.2707182320441992,2152.8,90.0,30,6,1,0.8660254037844387,-0.4999999999999998,0.4143646408839779,1,39.0,6.5,2.174751721484161,540.0,540.0,19.745454545454546
16,22.0,2.0,5.0,1.0,0,8,Mumbai,Guj Ind Power,338,9.2,3109.6,238.5,2194.2,1.3,3109.6,90.0,32,8,2,-0.8660254037844385,-0.5000000000000004,0.37735849056603776,0,46.0,7.666666666666667,2.322387720290225,720.0,720.0,12.552631578947368
7,22.0,3.0,6.0,1.0,0,7,Noida,Unitech Power Transmission Ltd.,380,8.2,3115.9999999999995,267.6,2194.32,1.3,3115.9999999999995,135.0,32,8,2,-0.4999999999999997,-0.8660254037844388,0.5044843049327353,1,39.0,6.5,2.2192034840549946,1080.0,1080.0,24.327272727272728
11,22.0,3.0,7.0,1.0,0,9,Mumbai,Sterlite Power Transmission Ltd,403,9.2,3707.6,279.0,2566.7999999999997,1.3,3707.6,135.0,32,8,2,-1.0,-1.8369701987210297e-16,0.4838709677419355,1,44.0,7.333333333333333,2.322387720290225,1080.0,1080.0,18.6
5,17.0,3.0,3.0,1.0,0,12,Gurgaon,Ringfeder Power Transmission India Pvt. Ltd.,264,8.3,2191.2000000000003,231.9,1924.7700000000002,1.1384217335058215,2191.2000000000003,135.0,20,0,0,-2.4492935982947064e-16,1.0,0.5821474773609314,1,29.0,4.833333333333333,2.2300144001592104,0.0,0.0,25.766666666666666
8,18.0,3.0,5.0,1.0,0,8,Gurgaon,Tata Power Company Ltd.,318,8.3,2639.4,248.7,2064.21,1.278648974668275,2639.4,135.0,32,8,2,-0.8660254037844385,-0.5000000000000004,0.5428226779252111,1,35.0,5.833333333333333,2.2300144001592104,1080.0,1080.0,20.724999999999998
5,23.0,3.0,4.0,1.0,0,10,Mumbai,KEC International,319,9.2,2934.8,261.9,2409.4799999999996,1.2180221458571976,2934.8,135.0,28,4,3,-0.8660254037844386,0.5000000000000001,0.5154639175257733,1,36.0,6.0,2.322387720290225,540.0,540.0,29.099999999999998
8,22.0,3.0,13.0,1.0,0,9,Kolkata,Torrent Power Ltd.,409,8.7,3558.3,290.7,2529.0899999999997,1.3,3558.3,135.0,32,8,2,-1.0,-1.8369701987210297e-16,0.4643962848297214,1,47.0,7.833333333333333,2.272125885509337,1080.0,1080.0,24.224999999999998
7,23.0,2.0,7.0,1.0,0,8,Shimla,KEC International,334,7.7,2571.8,230.1,1771.77,1.3,2571.8,90.0,32,8,2,-0.8660254037844385,-0.5000000000000004,0.39113428943937417,0,40.0,6.666666666666667,2.163323025660538,720.0,720.0,23.009999999999998
5,20.0,2.0,9.0,1.0,0,7,Ratnagiri,Ringfeder Power Transmission India Pvt. Ltd.,306,7.4,2264.4,218.4,1616.16,1.3,2264.4,90.0,32,8,2,-0.4999999999999997,-0.8660254037844388,0.41208791208791207,1,37.0,6.166666666666667,2.128231705849268,720.0,720.0,27.3
6,17.0,3.0,11.0,1.0,0,12,Shimla,SJVN Ltd.,328,7.7,2525.6,258.0,1986.6000000000001,1.2713178294573642,2525.6,135.0,20,0,0,-2.4492935982947064e-16,1.0,0.5232558139534884,1,38.0,6.333333333333333,2.163323025660538,0.0,0.0,25.8
8,17.0,3.0,9.0,1.0,0,1,Faridabad,Jyoti Structure,276,8.1,2235.6,256.2,2075.22,1.0772833723653397,2235.6,135.0,20,0,0,0.49999999999999994,0.8660254037844387,0.5269320843091335,1,38.0,6.333333333333333,2.2082744135228043,0.0,0.0,21.349999999999998
14,22.0,3.0,7.0,1.0,0,11,Gurgaon,Ringfeder Power Transmission India Pvt. Ltd.,395,8.3,3278.5000000000005,285.3,2367.9900000000002,1.3,3278.5000000000005,135.0,28,4,3,-0.5000000000000004,0.8660254037844384,0.47318611987381703,1,47.0,7.833333333333333,2.2300144001592104,540.0,540.0,15.850000000000001
6,18.0,1.0,5.0,1.0,0,1,Nagpur,Bonfiglioli Transmission Pvt. Ltd.,230,8.9,2047.0,154.5,1375.05,1.3,2047.0,45.0,20,0,0,0.49999999999999994,0.8660254037844387,0.2912621359223301,0,31.0,5.166666666666667,2.2925347571405443,0.0,0.0,19.3125
17,23.0,3.0,7.0,1.0,0,1,Faridabad,KEC International,413,8.1,3345.3,296.1,2398.41,1.3,3345.3,135.0,20,0,0,0.49999999999999994,0.8660254037844387,0.4559270516717325,1,51.0,8.5,2.2082744135228043,0.0,0.0,14.100000000000001
20,22.0,3.0,6.0,1.0,0,1,Mumbai,Unitech Power Transmission Ltd.,409,9.2,3762.8,294.9,2713.0799999999995,1.3,3762.8,135.0,20,0,0,0.49999999999999994,0.8660254037844387,0.45778229908443546,1,52.0,8.666666666666666,2.322387720290225,0.0,0.0,12.2875
13,22.0,2.0,3.0,1.0,0,4,Ratnagiri,Torrent Power Ltd.,303,7.4,2242.2000000000003,226.2,1673.88,1.3,2242.2000000000003,90.0,30,6,1,0.8660254037844387,-0.4999999999999998,0.3978779840848807,0,41.0,6.833333333333333,2.128231705849268,540.0,540.0,14.1375
10,19.0,2.0,5.0,1.0,0,11,Faridabad,KEC International,284,8.1,2300.4,212.4,1720.44,1.3,2300.4,90.0,28,4,3,-0.5000000000000004,0.8660254037844384,0.423728813559322,1,37.0,6.166666666666667,2.2082744135228043,360.0,360.0,16.338461538461537
16,22.0,3.0,6.0,1.0,0,8,Pune,TransRail Lighting,401,9.1,3649.1,286.5,2607.15,1.3,3649.1,135.0,32,8,2,-0.8660254037844385,-0.5000000000000004,0.4712041884816754,1,48.0,8.0,2.312535423847214,1080.0,1080.0,14.325
10,21.0,3.0,12.0,1.0,0,11,New Delhi,Orient Green,400,8.5,3400.0,287.4,2442.8999999999996,1.3,3400.0,135.0,28,4,3,-0.5000000000000004,0.8660254037844384,0.4697286012526096,1,47.0,7.833333333333333,2.2512917986064953,540.0,540.0,20.52857142857143
7,19.0,3.0,14.0,1.0,0,10,Mumbai,Jaiprakash Power,373,9.2,3431.6,278.1,2558.52,1.3,3431.6,135.0,28,4,3,-0.8660254037844386,0.5000000000000001,0.48543689320388345,1,44.0,7.333333333333333,2.322387720290225,540.0,540.0,25.281818181818185
7,23.0,2.0,7.0,1.0,0,9,Hyderabad,NTPC Pvt. Ltd.,336,8.4,2822.4,230.1,1932.8400000000001,1.3,2822.4,90.0,32,8,2,-1.0,-1.8369701987210297e-16,0.39113428943937417,0,40.0,6.666666666666667,2.2407096892759584,720.0,720.0,23.009999999999998
12,23.0,3.0,3.0,1.0,0,2,Vadodara,Optibelt Power Transmission India Private Limited,318,7.8,2480.4,273.6,2134.08,1.1622807017543861,2480.4,135.0,20,0,0,0.8660254037844386,0.5000000000000001,0.4934210526315789,1,42.0,7.0,2.174751721484161,0.0,0.0,17.1
10,18.0,3.0,3.0,1.0,0,5,Shimla,Torrent Power Ltd.,308,7.7,2371.6,246.9,1901.13,1.2474686107735924,2371.6,135.0,38,14,1,0.49999999999999994,-0.8660254037844387,0.5467800729040098,1,35.0,5.833333333333333,2.163323025660538,1890.0,1890.0,17.635714285714286
8,22.0,3.0,5.0,7.0,0,7,Ahmedabad,Power Grid Corp,388,7.9,3065.2000000000003,272.1,2149.59,1.3,3065.2000000000003,135.0,32,8,2,-0.4999999999999997,-0.8660254037844388,0.496141124586549,1,45.0,7.5,2.186051276738094,1080.0,1080.0,22.675
5,17.0,2.0,19.0,1.0,0,4,Faridabad,Adani Power Ltd.,313,8.1,2535.3,234.9,1902.69,1.3,2535.3,90.0,30,6,1,0.8660254037844387,-0.4999999999999998,0.3831417624521073,0,44.0,7.333333333333333,2.2082744135228043,540.0,540.0,29.3625
10,18.0,3.0,7.0,1.0,0,4,Ahmedabad,Sunil Hitech Eng,345,7.9,2725.5,258.9,2045.31,1.3,2725.5,135.0,30,6,1,0.8660254037844387,-0.4999999999999998,0.5214368482039398,1,39.0,6.5,2.186051276738094,810.0,810.0,18.49285714285714
8,19.0,2.0,3.0,1.0,0,9,Kolkata,L&T Transmission & Distribution,285,8.7,2479.5,202.2,1759.1399999999996,1.3,2479.5,90.0,32,8,2,-1.0,-1.8369701987210297e-16,0.4451038575667656,1,33.0,5.5,2.272125885509337,720.0,720.0,18.38181818181818
5,18.0,3.0,5.0,1.0,0,12,Ahmedabad,Sunil Hitech Eng,243,7.9,1919.7,242.4,1914.96,1.0024752475247525,1919.7,135.0,20,0,0,-2.4492935982947064e-16,1.0,0.5569306930693069,1,32.0,5.333333333333333,2.186051276738094,0.0,0.0,26.933333333333334
6,17.0,1.0,21.0,1.0,0,2,Shimla,NLC India,292,7.7,2248.4,198.0,1524.6000000000001,1.3,2248.4,45.0,20,0,0,0.8660254037844386,0.5000000000000001,0.22727272727272727,0,46.0,7.666666666666667,2.163323025660538,0.0,0.0,24.75
5,20.0,2.0,17.0,1.0,0,4,Shimla,Sterlite Power Transmission Ltd,332,7.7,2556.4,242.4,1866.48,1.3,2556.4,90.0,30,6,1,0.8660254037844387,-0.4999999999999998,0.3712871287128713,0,45.0,7.5,2.163323025660538,540.0,540.0,30.3
7,22.0,3.0,4.0,1.0,0,11,Faridabad,Guj Ind Power,372,8.1,3013.2,261.6,2118.96,1.3,3013.2,135.0,28,4,3,-0.5000000000000004,0.8660254037844384,0.5160550458715596,1,37.0,6.166666666666667,2.2082744135228043,540.0,540.0,23.781818181818185
5,17.0,1.0,5.0,1.0,0,9,Noida,TransRail Lighting,182,8.2,1492.4,147.9,1212.78,1.2305611899932387,1492.4,45.0,32,8,2,-1.0,-1.8369701987210297e-16,0.3042596348884381,0,29.0,4.833333333333333,2.2192034840549946,360.0,360.0,21.12857142857143
12,23.0,3.0,14.0,1.0,0,12,Kolkata,GE T&D India Limited,452,8.7,3932.4,306.6,2667.42,1.3,3932.4,135.0,20,0,0,-2.4492935982947064e-16,1.0,0.44031311154598823,1,53.0,8.833333333333334,2.272125885509337,0.0,0.0,19.1625
5,23.0,3.0,5.0,1.0,0,6,Shimla,Adani Power Ltd.,351,7.7,2702.7000000000003,264.9,2039.7299999999998,1.3,2702.7000000000003,135.0,38,14,2,1.2246467991473532e-16,-1.0,0.5096262740656852,1,37.0,6.166666666666667,2.163323025660538,1890.0,1890.0,29.43333333333333
9,17.0,3.0,6.0,7.0,0,2,Mumbai,Bonfiglioli Transmission Pvt. Ltd.,318,9.2,2925.6,254.7,2343.24,1.248527679623086,2925.6,135.0,20,0,0,0.8660254037844386,0.5000000000000001,0.5300353356890459,1,42.0,7.0,2.322387720290225,0.0,0.0,19.592307692307692
8,20.0,2.0,11.0,1.0,0,12,Pune,Tata Power Company Ltd.,343,9.1,3121.3,230.7,2099.37,1.3,3121.3,90.0,20,0,0,-2.4492935982947064e-16,1.0,0.3901170351105332,0,42.0,7.0,2.312535423847214,0.0,0.0,20.972727272727273
12,23.0,2.0,3.0,1.0,0,11,Chennai,TransRail Lighting,339,8.8,2983.2000000000003,228.6,2011.68,1.3,2983.2000000000003,90.0,28,4,3,-0.5000000000000004,0.8660254037844384,0.3937007874015748,0,41.0,6.833333333333333,2.2823823856765264,360.0,360.0,15.24
14,22.0,3.0,5.0,1.0,0,3,Vadodara,Sterlite Power Transmission Ltd,397,7.8,3096.6,279.3,2178.54,1.3,3096.6,135.0,30,6,1,1.0,6.123233995736766e-17,0.4833512352309345,1,45.0,7.5,2.174751721484161,810.0,810.0,15.516666666666667
18,23.0,2.0,3.0,1.0,0,2,Navi Mumbai,Reliance Power,331,9.3,3078.3,241.2,2243.16,1.3,3078.3,90.0,20,0,0,0.8660254037844386,0.5000000000000001,0.373134328358209,0,47.0,7.833333333333333,2.33214389523559,0.0,0.0,11.485714285714286
19,22.0,3.0,3.0,1.0,0,3,Hyderabad,Optibelt Power Transmission India Private Limited,388,8.4,3259.2000000000003,283.8,2383.92,1.3,3259.2000000000003,135.0,30,6,1,1.0,6.123233995736766e-17,0.47568710359408034,1,48.0,8.0,2.2407096892759584,810.0,810.0,12.339130434782609
18,23.0,3.0,9.0,1.0,0,11,Vadodara,Sterlite Power Transmission Ltd,439,7.8,3424.2,304.2,2372.7599999999998,1.3,3424.2,135.0,28,4,3,-0.5000000000000004,0.8660254037844384,0.4437869822485207,1,54.0,9.0,2.174751721484161,540.0,540.0,13.827272727272726
8,18.0,3.0,8.0,7.0,0,5,Shimla,Guj Ind Power,353,7.7,2718.1,263.1,2025.8700000000001,1.3,2718.1,135.0,38,14,1,0.49999999999999994,-0.8660254037844387,0.5131128848346636,1,44.0,7.333333333333333,2.163323025660538,1890.0,1890.0,21.925
9,22.0,2.0,4.0,1.0,0,1,Gurgaon,Reliance Power,330,8.3,2739.0000000000005,220.8,1832.6400000000003,1.3,2739.0000000000005,90.0,20,0,0,0.49999999999999994,0.8660254037844387,0.4076086956521739,1,38.0,6.333333333333333,2.2300144001592104,0.0,0.0,18.400000000000002
14,23.0,2.0,4.0,1.0,0,5,New Delhi,Jyoti Structure,349,8.5,2966.5,235.8,2004.3000000000002,1.3,2966.5,90.0,38,14,1,0.49999999999999994,-0.8660254037844387,0.38167938931297707,0,44.0,7.333333333333333,2.2512917986064953,1260.0,1260.0,13.870588235294118
14,22.0,3.0,17.0,1.0,0,6,Dahej,Reliance Energy,452,7.6,3435.2,315.3,2396.28,1.3,3435.2,135.0,38,14,2,1.2246467991473532e-16,-1.0,0.42816365366317793,1,57.0,9.5,2.151762203259462,1890.0,1890.0,17.516666666666666
7,22.0,3.0,15.0,1.0,0,7,Dahej,NTPC Pvt. Ltd.,440,7.6,3344.0,294.6,2238.96,1.3,3344.0,135.0,32,8,2,-0.4999999999999997,-0.8660254037844388,0.4582484725050916,1,48.0,8.0,2.151762203259462,1080.0,1080.0,26.781818181818185
9,20.0,3.0,7.0,1.0,0,4,Dahej,Jyoti Structure,307,7.6,2333.2,265.8,2020.08,1.1550037622272384,2333.2,135.0,30,6,1,0.8660254037844387,-0.4999999999999998,0.5079006772009029,1,40.0,6.666666666666667,2.151762203259462,810.0,810.0,20.446153846153848
9,21.0,2.0,14.0,1.0,0,2,Gurgaon,Toshiba Transmission & Distribution Systems (India) Pvt. Ltd.,331,8.3,2747.3,246.3,2044.2900000000002,1.3,2747.3,90.0,20,0,0,0.8660254037844386,0.5000000000000001,0.3654080389768575,0,47.0,7.833333333333333,2.2300144001592104,0.0,0.0,20.525000000000002
5,18.0,2.0,5.0,1.0,0,8,Vadodara,NLC India,216,7.8,1684.8,197.4,1539.72,1.094224924012158,1684.8,90.0,32,8,2,-0.8660254037844385,-0.5000000000000004,0.45592705167173253,1,31.0,5.166666666666667,2.174751721484161,720.0,720.0,24.675
12,23.0,2.0,9.0,1.0,0,6,Hyderabad,JSW Energy Ltd.,358,8.4,3007.2000000000003,246.6,2071.44,1.3,3007.2000000000003,90.0,38,14,2,1.2246467991473532e-16,-1.0,0.36496350364963503,0,47.0,7.833333333333333,2.2407096892759584,1260.0,1260.0,16.44
7,18.0,2.0,18.0,1.0,0,8,Hyderabad,TransRail Lighting,341,8.4,2864.4,240.6,2021.04,1.3,2864.4,90.0,32,8,2,-0.8660254037844385,-0.5000000000000004,0.3740648379052369,0,46.0,7.666666666666667,2.2407096892759584,720.0,720.0,24.06
11,22.0,2.0,13.0,1.0,0,6,Ahmedabad,Ringfeder Power Transmission India Pvt. Ltd.,371,7.9,2930.9,252.0,1990.8000000000002,1.3,2930.9,90.0,38,14,2,1.2246467991473532e-16,-1.0,0.35714285714285715,0,49.0,8.166666666666666,2.186051276738094,1260.0,1260.0,18.0
10,18.0,3.0,11.0,1.0,0,12,Kolkata,Power Grid Corp,341,8.7,2966.7,270.9,2356.8299999999995,1.2587670727205613,2966.7,135.0,20,0,0,-2.4492935982947064e-16,1.0,0.49833887043189373,1,43.0,7.166666666666667,2.272125885509337,0.0,0.0,19.349999999999998
17,22.0,3.0,10.0,1.0,0,11,Faridabad,Ratnagiri Gas and Power Pvt. Ltd. (RGPPL),434,8.1,3515.4,300.6,2434.86,1.3,3515.4,135.0,28,4,3,-0.5000000000000004,0.8660254037844384,0.4491017964071856,1,53.0,8.833333333333334,2.2082744135228043,540.0,540.0,14.314285714285715
17,22.0,3.0,5.0,1.0,0,12,Mumbai,Sterlite Power Transmission Ltd,395,9.2,3634.0,285.6,2627.52,1.3,3634.0,135.0,20,0,0,-2.4492935982947064e-16,1.0,0.4726890756302521,1,48.0,8.0,2.322387720290225,0.0,0.0,13.600000000000001
7,18.0,3.0,4.0,7.0,0,4,Ahmedabad,KEC International,278,7.9,2196.2000000000003,249.0,1967.1000000000001,1.1164658634538154,2196.2000000000003,135.0,30,6,1,0.8660254037844387,-0.4999999999999998,0.5421686746987951,1,39.0,6.5,2.186051276738094,810.0,810.0,22.636363636363637
15,22.0,2.0,5.0,1.0,0,5,Kolkata,Ringfeder Power Transmission India Pvt. Ltd.,349,8.7,3036.3,236.4,2056.68,1.3,3036.3,90.0,38,14,1,0.49999999999999994,-0.8660254037844387,0.38071065989847713,0,45.0,7.5,2.272125885509337,1260.0,1260.0,13.133333333333333
12,22.0,2.0,3.0,1.0,0,4,Navi Mumbai,Optibelt Power Transmission India Private Limited,300,9.3,2790.0,224.1,2084.13,1.3,2790.0,90.0,30,6,1,0.8660254037844387,-0.4999999999999998,0.40160642570281124,1,40.0,6.666666666666667,2.33214389523559,540.0,540.0,14.94
8,19.0,3.0,6.0,7.0,0,6,Faridabad,L&T Transmission & Distribution,376,8.1,3045.6,261.6,2118.96,1.3,3045.6,135.0,38,14,2,1.2246467991473532e-16,-1.0,0.5160550458715596,1,43.0,7.166666666666667,2.2082744135228043,1890.0,1890.0,21.8
8,22.0,3.0,13.0,1.0,0,4,Chennai,Jyoti Structure,398,8.8,3502.4,290.7,2558.1600000000003,1.3,3502.4,135.0,30,6,1,0.8660254037844387,-0.4999999999999998,0.4643962848297214,1,47.0,7.833333333333333,2.2823823856765264,810.0,810.0,24.224999999999998
10,18.0,3.0,14.0,1.0,0,5,New Delhi,Sterlite Power Transmission Ltd,352,8.5,2992.0,279.9,2379.1499999999996,1.2575919971418366,2992.0,135.0,38,14,1,0.49999999999999994,-0.8660254037844387,0.482315112540193,1,46.0,7.666666666666667,2.2512917986064953,1890.0,1890.0,19.99285714285714
8,19.0,3.0,12.0,1.0,0,5,New Delhi,Torrent Power Ltd.,365,8.5,3102.5,274.2,2330.7,1.3,3102.5,135.0,38,14,1,0.49999999999999994,-0.8660254037844387,0.4923413566739606,1,43.0,7.166666666666667,2.2512917986064953,1890.0,1890.0,22.849999999999998
7,23.0,3.0,6.0,7.0,0,2,New Delhi,Indowind Energy,393,8.5,3340.5,277.5,2358.75,1.3,3340.5,135.0,20,0,0,0.8660254037844386,0.5000000000000001,0.4864864864864865,1,46.0,7.666666666666667,2.2512917986064953,0.0,0.0,25.227272727272727
6,22.0,2.0,11.0,1.0,0,6,Hyderabad,Bonfiglioli Transmission Pvt. Ltd.,341,8.4,2864.4,235.5,1978.2,1.3,2864.4,90.0,38,14,2,1.2246467991473532e-16,-1.0,0.3821656050955414,0,42.0,7.0,2.2407096892759584,1260.0,1260.0,26.166666666666668
8,18.0,3.0,17.0,1.0,0,2,Hyderabad,Adani Power Ltd.,339,8.4,2847.6,284.7,2391.48,1.19072708113804,2847.6,135.0,20,0,0,0.8660254037844386,0.5000000000000001,0.4741833508956797,1,47.0,7.833333333333333,2.2407096892759584,0.0,0.0,23.724999999999998
8,22.0,2.0,4.0,1.0,0,9,Faridabad,CESC,262,8.1,2122.2,218.7,1771.4699999999998,1.1979881115683586,2122.2,90.0,32,8,2,-1.0,-1.8369701987210297e-16,0.411522633744856,1,37.0,6.166666666666667,2.2082744135228043,720.0,720.0,19.88181818181818
17,23.0,2.0,5.0,1.0,0,6,Faridabad,Ratnagiri Gas and Power Pvt. Ltd. (RGPPL),358,8.1,2899.8,245.1,1985.31,1.3,2899.8,90.0,38,14,2,1.2246467991473532e-16,-1.0,0.36719706242350064,0,48.0,8.0,2.2082744135228043,1260.0,1260.0,12.254999999999999
10,21.0,2.0,11.0,1.0,0,2,Kolkata,Neueon Towers / Sujana Towers Ltd.,307,8.7,2670.9,239.4,2082.7799999999997,1.282372598162072,2670.9,90.0,20,0,0,0.8660254037844386,0.5000000000000001,0.37593984962406013,0,45.0,7.5,2.272125885509337,0.0,0.0,18.415384615384617
11,22.0,2.0,6.0,1.0,0,3,Dahej,Optibelt Power Transmission India Private Limited,319,7.6,2424.4,231.0,1755.6,1.3,2424.4,90.0,30,6,1,1.0,6.123233995736766e-17,0.38961038961038963,0,42.0,7.0,2.151762203259462,540.0,540.0,16.5
8,18.0,2.0,6.0,1.0,0,3,Faridabad,Unitech Power Transmission Ltd.,250,8.1,2025.0,206.7,1674.2699999999998,1.2094823415578135,2025.0,90.0,30,6,1,1.0,6.123233995736766e-17,0.4354136429608128,1,35.0,5.833333333333333,2.2082744135228043,540.0,540.0,18.79090909090909
7,18.0,3.0,7.0,1.0,0,4,New Delhi,Unitech Power Transmission Ltd.,336,8.5,2856.0,252.6,2147.1,1.3,2856.0,135.0,30,6,1,0.8660254037844387,-0.4999999999999998,0.5344418052256532,1,36.0,6.0,2.2512917986064953,810.0,810.0,22.963636363636365
10,20.0,2.0,10.0,1.0,0,3,Pune,"Maha Transco – Maharashtra State Electricity Transmission Co, Ltd.",346,9.1,3148.6,231.9,2110.29,1.3,3148.6,90.0,30,6,1,1.0,6.123233995736766e-17,0.38809831824062097,0,43.0,7.166666666666667,2.312535423847214,540.0,540.0,17.838461538461537
10,19.0,2.0,17.0,1.0,0,7,Shimla,Torrent Power Ltd.,370,7.7,2849.0,248.4,1912.68,1.3,2849.0,90.0,32,8,2,-0.4999999999999997,-0.8660254037844388,0.36231884057971014,0,49.0,8.166666666666666,2.163323025660538,720.0,720.0,19.107692307692307
11,23.0,3.0,8.0,1.0,0,5,Noida,JSW Energy Ltd.,417,8.2,3419.4,286.5,2349.2999999999997,1.3,3419.4,135.0,38,14,1,0.49999999999999994,-0.8660254037844387,0.4712041884816754,1,46.0,7.666666666666667,2.2192034840549946,1890.0,1890.0,19.1
16,22.0,3.0,6.0,1.0,0,4,Faridabad,Unitech Power Transmission Ltd.,359,8.1,2907.9,286.5,2320.65,1.2530541012216405,2907.9,135.0,30,6,1,0.8660254037844387,-0.4999999999999998,0.4712041884816754,1,48.0,8.0,2.2082744135228043,810.0,810.0,14.325
21,23.0,1.0,5.0,1.0,0,2,Shimla,Sunil Hitech Eng,300,7.7,2310.0,208.5,1605.45,1.3,2310.0,45.0,20,0,0,0.8660254037844386,0.5000000000000001,0.2158273381294964,0,51.0,8.5,2.163323025660538,0.0,0.0,9.065217391304348
9,17.0,1.0,13.0,1.0,0,2,Hyderabad,Jaiprakash Power,241,8.4,2024.4,180.3,1514.5200000000002,1.3,2024.4,45.0,20,0,0,0.8660254037844386,0.5000000000000001,0.24958402662229615,0,41.0,6.833333333333333,2.2407096892759584,0.0,0.0,16.39090909090909
12,22.0,3.0,6.0,1.0,0,8,Vadodara,NLC India,396,7.8,3088.8,278.1,2169.1800000000003,1.3,3088.8,135.0,32,8,2,-0.8660254037844385,-0.5000000000000004,0.48543689320388345,1,44.0,7.333333333333333,2.174751721484161,1080.0,1080.0,17.38125
7,18.0,1.0,3.0,1.0,0,9,Hyderabad,GE T&D India Limited,200,8.4,1680.0,150.6,1265.04,1.3,1680.0,45.0,32,8,2,-1.0,-1.8369701987210297e-16,0.29880478087649404,0,30.0,5.0,2.2407096892759584,360.0,360.0,16.733333333333334
6,21.0,3.0,6.0,1.0,0,12,Shimla,Reliance Power,336,7.7,2587.2000000000003,261.0,2009.7,1.2873563218390807,2587.2000000000003,135.0,20,0,0,-2.4492935982947064e-16,1.0,0.5172413793103449,1,37.0,6.166666666666667,2.163323025660538,0.0,0.0,26.1
9,20.0,1.0,6.0,1.0,0,6,Ratnagiri,Ratnagiri Gas and Power Pvt. Ltd. (RGPPL),225,7.4,1665.0,172.8,1278.7200000000003,1.3,1665.0,45.0,38,14,2,1.2246467991473532e-16,-1.0,0.26041666666666663,0,37.0,6.166666666666667,2.128231705849268,630.0,630.0,15.70909090909091
9,19.0,2.0,4.0,1.0,0,9,Dahej,SJVN Ltd.,296,7.6,2249.6,207.3,1575.48,1.3,2249.6,90.0,32,8,2,-1.0,-1.8369701987210297e-16,0.4341534008683068,1,35.0,5.833333333333333,2.151762203259462,720.0,720.0,17.275000000000002
14,23.0,2.0,4.0,1.0,0,6,Ahmedabad,"Maha Transco – Maharashtra State Electricity Transmission Co, Ltd.",345,7.9,2725.5,235.8,1862.8200000000002,1.3,2725.5,90.0,38,14,2,1.2246467991473532e-16,-1.0,0.38167938931297707,0,44.0,7.333333333333333,2.186051276738094,1260.0,1260.0,13.870588235294118
9,17.0,3.0,21.0,1.0,0,2,New Delhi,Power Grid Corp,352,8.5,2992.0,294.3,2501.55,1.1960584437648656,2992.0,135.0,20,0,0,0.8660254037844386,0.5000000000000001,0.4587155963302752,1,51.0,8.5,2.2512917986064953,0.0,0.0,22.638461538461538
10,19.0,3.0,18.0,1.0,0,2,Vadodara,Guj Ind Power,372,7.8,2901.6,296.4,2311.9199999999996,1.2550607287449393,2901.6,135.0,20,0,0,0.8660254037844386,0.5000000000000001,0.45546558704453444,1,51.0,8.5,2.174751721484161,0.0,0.0,21.17142857142857
9,18.0,2.0,21.0,1.0,0,6,Chennai,Adani Power Ltd.,378,8.8,3326.4,253.8,2233.44,1.3,3326.4,90.0,38,14,2,1.2246467991473532e-16,-1.0,0.35460992907801414,0,51.0,8.5,2.2823823856765264,1260.0,1260.0,21.150000000000002
10,17.0,3.0,4.0,1.0,0,10,Nagpur,Jaiprakash Power,361,8.9,3212.9,245.4,2184.06,1.3,3212.9,135.0,28,4,3,-0.8660254037844386,0.5000000000000001,0.5501222493887531,1,35.0,5.833333333333333,2.2925347571405443,540.0,540.0,17.52857142857143
6,17.0,3.0,17.0,1.0,0,1,Faridabad,SJVN Ltd.,366,8.1,2964.6,276.0,2235.6,1.3,2964.6,135.0,20,0,0,0.49999999999999994,0.8660254037844387,0.4891304347826087,1,44.0,7.333333333333333,2.2082744135228043,0.0,0.0,27.6
6,22.0,3.0,7.0,1.0,0,12,Gurgaon,Optibelt Power Transmission India Private Limited,331,8.3,2747.3,268.5,2228.55,1.2327746741154562,2747.3,135.0,20,0,0,-2.4492935982947064e-16,1.0,0.5027932960893855,1,39.0,6.5,2.2300144001592104,0.0,0.0,26.85
5,19.0,1.0,8.0,1.0,0,1,Faridabad,NTPC Pvt. Ltd.,236,8.1,1911.6,165.9,1343.79,1.3,1911.6,45.0,20,0,0,0.49999999999999994,0.8660254037844387,0.27124773960216997,0,34.0,5.666666666666667,2.2082744135228043,0.0,0.0,23.7
6,17.0,3.0,18.0,1.0,0,11,Pune,Bonfiglioli Transmission Pvt. Ltd.,332,9.1,3021.2,279.0,2538.9,1.189964157706093,3021.2,135.0,28,4,3,-0.5000000000000004,0.8660254037844384,0.4838709677419355,1,45.0,7.5,2.312535423847214,540.0,540.0,27.9
7,21.0,3.0,12.0,1.0,0,6,Nagpur,NTPC Pvt. Ltd.,366,8.9,3257.4,281.1,2501.7900000000004,1.3,3257.4,135.0,38,14,2,1.2246467991473532e-16,-1.0,0.48025613660618993,1,44.0,7.333333333333333,2.2925347571405443,1890.0,1890.0,25.55454545454546
7,19.0,3.0,15.0,1.0,0,3,Vadodara,KEC International,399,7.8,3112.2,281.1,2192.58,1.3,3112.2,135.0,30,6,1,1.0,6.123233995736766e-17,0.48025613660618993,1,45.0,7.5,2.174751721484161,810.0,810.0,25.55454545454546
21,23.0,2.0,6.0,1.0,0,9,Noida,Orient Green,382,8.2,3132.4,256.5,2103.2999999999997,1.3,3132.4,90.0,32,8,2,-1.0,-1.8369701987210297e-16,0.3508771929824561,0,53.0,8.833333333333334,2.2192034840549946,720.0,720.0,10.6875
9,22.0,1.0,10.0,1.0,0,9,Hyderabad,Adani Power Ltd.,289,8.4,2427.6,193.8,1627.92,1.3,2427.6,45.0,32,8,2,-1.0,-1.8369701987210297e-16,0.23219814241486067,0,43.0,7.166666666666667,2.2407096892759584,360.0,360.0,17.61818181818182
21,23.0,1.0,3.0,1.0,0,2,Chennai,Kalpataru Power,291,8.8,2560.8,202.5,1782.0000000000002,1.3,2560.8,45.0,20,0,0,0.8660254037844386,0.5000000000000001,0.2222222222222222,0,49.0,8.166666666666666,2.2823823856765264,0.0,0.0,8.804347826086957
7,21.0,2.0,8.0,1.0,0,6,Vadodara,Sterlite Power Transmission Ltd,296,7.8,2308.8,224.1,1747.98,1.3,2308.8,90.0,38,14,2,1.2246467991473532e-16,-1.0,0.40160642570281124,1,39.0,6.5,2.174751721484161,1260.0,1260.0,22.41
7,20.0,2.0,3.0,1.0,0,7,Shimla,NTPC Pvt. Ltd.,283,7.7,2179.1,204.6,1575.42,1.3,2179.1,90.0,32,8,2,-0.4999999999999997,-0.8660254037844388,0.4398826979472141,1,33.0,5.5,2.163323025660538,720.0,720.0,20.46
20,23.0,3.0,3.0,1.0,0,12,Mumbai,Reliance Power,407,9.2,3744.4,290.4,2671.6799999999994,1.3,3744.4,135.0,20,0,0,-2.4492935982947064e-16,1.0,0.4648760330578513,1,50.0,8.333333333333334,2.322387720290225,0.0,0.0,12.1
12,22.0,2.0,6.0,1.0,0,6,Chennai,Kalpataru Power,318,8.8,2798.4,233.1,2051.28,1.3,2798.4,90.0,38,14,2,1.2246467991473532e-16,-1.0,0.3861003861003861,0,43.0,7.166666666666667,2.2823823856765264,1260.0,1260.0,15.54
20,23.0,3.0,10.0,1.0,0,2,Vadodara,Tata Power Company Ltd.,457,7.8,3564.6,311.4,2428.9199999999996,1.3,3564.6,135.0,20,0,0,0.8660254037844386,0.5000000000000001,0.43352601156069365,1,57.0,9.5,2.174751721484161,0.0,0.0,12.975
6,18.0,1.0,9.0,1.0,0,9,Hyderabad,TransRail Lighting,228,8.4,1915.2,166.5,1398.6000000000001,1.3,1915.2,45.0,32,8,2,-1.0,-1.8369701987210297e-16,0.2702702702702703,0,35.0,5.833333333333333,2.2407096892759584,360.0,360.0,20.8125
6,22.0,2.0,13.0,1.0,0,11,Noida,Toshiba Transmission & Distribution Systems (India) Pvt. Ltd.,329,8.2,2697.8,241.5,1980.2999999999997,1.3,2697.8,90.0,28,4,3,-0.5000000000000004,0.8660254037844384,0.37267080745341613,0,44.0,7.333333333333333,2.2192034840549946,360.0,360.0,26.833333333333332
16,22.0,2.0,4.0,1.0,0,11,Ahmedabad,Power Grid Corp,353,7.9,2788.7000000000003,235.5,1860.45,1.3,2788.7000000000003,90.0,28,4,3,-0.5000000000000004,0.8660254037844384,0.3821656050955414,0,45.0,7.5,2.186051276738094,360.0,360.0,12.394736842105264
16,22.0,2.0,7.0,1.0,0,3,Gurgaon,Torrent Power Ltd.,354,8.3,2938.2000000000003,244.5,2029.3500000000001,1.3,2938.2000000000003,90.0,30,6,1,1.0,6.123233995736766e-17,0.36809815950920244,0,48.0,8.0,2.2300144001592104,540.0,540.0,12.868421052631579
8,17.0,2.0,8.0,1.0,0,9,Ahmedabad,Orient Green,246,7.9,1943.4,208.2,1644.78,1.181556195965418,1943.4,90.0,32,8,2,-1.0,-1.8369701987210297e-16,0.43227665706051877,1,36.0,6.0,2.186051276738094,720.0,720.0,18.927272727272726
9,19.0,3.0,6.0,1.0,0,2,Navi Mumbai,Reliance Energy,287,9.3,2669.1000000000004,258.3,2402.1900000000005,1.111111111111111,2669.1000000000004,135.0,20,0,0,0.8660254037844386,0.5000000000000001,0.5226480836236933,1,38.0,6.333333333333333,2.33214389523559,0.0,0.0,19.86923076923077
11,22.0,3.0,15.0,1.0,0,9,Mumbai,Guj Ind Power,447,9.2,4112.4,303.0,2787.6,1.3,4112.4,135.0,32,8,2,-1.0,-1.8369701987210297e-16,0.44554455445544555,1,52.0,8.666666666666666,2.322387720290225,1080.0,1080.0,20.2
19,22.0,3.0,7.0,1.0,0,12,Hyderabad,GE T&D India Limited,428,8.4,3595.2000000000003,295.8,2484.7200000000003,1.3,3595.2000000000003,135.0,20,0,0,-2.4492935982947064e-16,1.0,0.4563894523326572,1,52.0,8.666666666666666,2.2407096892759584,0.0,0.0,12.860869565217392
14,23.0,3.0,5.0,1.0,0,9,Shimla,Kalpataru Power,379,7.7,2918.3,283.8,2185.26,1.3,2918.3,135.0,32,8,2,-1.0,-1.8369701987210297e-16,0.47568710359408034,1,46.0,7.666666666666667,2.163323025660538,1080.0,1080.0,15.766666666666667
6,19.0,3.0,8.0,1.0,0,12,Navi Mumbai,NHPC,319,9.3,2966.7000000000003,258.0,2399.4,1.2364341085271318,2966.7000000000003,135.0,20,0,0,-2.4492935982947064e-16,1.0,0.5232558139534884,1,37.0,6.166666666666667,2.33214389523559,0.0,0.0,25.8
13,23.0,3.0,19.0,1.0,0,9,Ratnagiri,Adani Power Ltd.,479,7.4,3544.6000000000004,323.7,2395.38,1.3,3544.6000000000004,135.0,32,8,2,-1.0,-1.8369701987210297e-16,0.41705282669138094,1,59.0,9.833333333333334,2.128231705849268,1080.0,1080.0,19.041176470588233
5,23.0,3.0,19.0,1.0,0,3,Ahmedabad,Ringfeder Power Transmission India Pvt. Ltd.,453,7.9,3578.7000000000003,306.9,2424.5099999999998,1.3,3578.7000000000003,135.0,30,6,1,1.0,6.123233995736766e-17,0.43988269794721413,1,51.0,8.5,2.186051276738094,810.0,810.0,34.099999999999994
10,21.0,1.0,6.0,1.0,0,9,Mumbai,NHPC,259,9.2,2382.8,179.4,1650.48,1.3,2382.8,45.0,32,8,2,-1.0,-1.8369701987210297e-16,0.2508361204013378,0,39.0,6.5,2.322387720290225,360.0,360.0,14.950000000000001
15,22.0,3.0,5.0,1.0,0,10,Shimla,"Maha Transco – Maharashtra State Electricity Transmission Co, Ltd.",397,7.7,3056.9,281.4,2166.7799999999997,1.3,3056.9,135.0,28,4,3,-0.8660254037844386,0.5000000000000001,0.4797441364605544,1,46.0,7.666666666666667,2.163323025660538,540.0,540.0,14.810526315789472
6,21.0,3.0,3.0,1.0,0,8,Dahej,Reliance Energy,292,7.6,2219.2,252.0,1915.1999999999998,1.1587301587301588,2219.2,135.0,32,8,2,-0.8660254037844385,-0.5000000000000004,0.5357142857142857,1,34.0,5.666666666666667,2.151762203259462,1080.0,1080.0,25.2
21,23.0,3.0,15.0,1.0,0,2,Nagpur,Reliance Power,458,8.9,4076.2,328.5,2923.65,1.3,4076.2,135.0,20,0,0,0.8660254037844386,0.5000000000000001,0.410958904109589,1,63.0,10.5,2.2925347571405443,0.0,0.0,13.14
7,20.0,2.0,4.0,1.0,0,8,Pune,NTPC Pvt. Ltd.,237,9.1,2156.7,207.6,1889.1599999999999,1.1416184971098267,2156.7,90.0,32,8,2,-0.8660254037844385,-0.5000000000000004,0.43352601156069365,1,34.0,5.666666666666667,2.312535423847214,720.0,720.0,20.759999999999998
8,17.0,3.0,19.0,1.0,0,8,Ratnagiri,Bonfiglioli Transmission Pvt. Ltd.,394,7.4,2915.6000000000004,286.2,2117.88,1.3,2915.6000000000004,135.0,32,8,2,-0.8660254037844385,-0.5000000000000004,0.4716981132075472,1,48.0,8.0,2.128231705849268,1080.0,1080.0,23.849999999999998
10,19.0,2.0,19.0,1.0,0,2,Gurgaon,Indowind Energy,379,8.3,3145.7000000000003,254.4,2111.5200000000004,1.3,3145.7000000000003,90.0,20,0,0,0.8660254037844386,0.5000000000000001,0.35377358490566035,0,51.0,8.5,2.2300144001592104,0.0,0.0,19.56923076923077
19,23.0,3.0,7.0,1.0,0,1,Faridabad,Reliance Energy,440,8.1,3564.0,300.3,2432.43,1.3,3564.0,135.0,20,0,0,0.49999999999999994,0.8660254037844387,0.44955044955044954,1,53.0,8.833333333333334,2.2082744135228043,0.0,0.0,13.056521739130435
18,22.0,3.0,3.0,1.0,0,4,Chennai,SJVN Ltd.,375,8.8,3300.0000000000005,281.7,2478.96,1.3,3300.0000000000005,135.0,30,6,1,0.8660254037844387,-0.4999999999999998,0.4792332268370607,1,47.0,7.833333333333333,2.2823823856765264,810.0,810.0,12.804545454545455
21,23.0,3.0,5.0,1.0,0,6,Mumbai,Guj Ind Power,415,9.2,3818.0,298.5,2746.2,1.3,3818.0,135.0,38,14,2,1.2246467991473532e-16,-1.0,0.45226130653266333,1,53.0,8.833333333333334,2.322387720290225,1890.0,1890.0,11.94
18,22.0,1.0,3.0,1.0,0,9,Nagpur,Orient Green,280,8.9,2492.0,191.7,1706.1299999999999,1.3,2492.0,45.0,32,8,2,-1.0,-1.8369701987210297e-16,0.2347417840375587,0,45.0,7.5,2.2925347571405443,360.0,360.0,9.584999999999999
11,22.0,3.0,22.0,1.0,0,2,Pune,Jaiprakash Power,455,9.1,4140.5,324.0,2948.4,1.3,4140.5,135.0,20,0,0,0.8660254037844386,0.5000000000000001,0.4166666666666667,1,59.0,9.833333333333334,2.312535423847214,0.0,0.0,21.6
6,20.0,2.0,3.0,1.0,0,7,Shimla,Tata Power Company Ltd.,234,7.7,1801.8,202.5,1559.25,1.1555555555555554,1801.8,90.0,32,8,2,-0.4999999999999997,-0.8660254037844388,0.4444444444444444,1,32.0,5.333333333333333,2.163323025660538,720.0,720.0,22.5
8,22.0,3.0,4.0,1.0,0,3,Ratnagiri,L&T Transmission & Distribution,326,7.4,2412.4,263.7,1951.38,1.236253318164581,2412.4,135.0,30,6,1,1.0,6.123233995736766e-17,0.5119453924914676,1,38.0,6.333333333333333,2.128231705849268,810.0,810.0,21.974999999999998
5,18.0,1.0,7.0,1.0,0,11,Gurgaon,Jyoti Structure,184,8.3,1527.2,158.4,1314.7200000000003,1.1616161616161613,1527.2,45.0,28,4,3,-0.5000000000000004,0.8660254037844384,0.28409090909090906,0,32.0,5.333333333333333,2.2300144001592104,180.0,180.0,22.62857142857143
8,17.0,3.0,21.0,1.0,0,11,Chennai,NHPC,390,8.8,3432.0000000000005,292.2,2571.36,1.3,3432.0000000000005,135.0,28,4,3,-0.5000000000000004,0.8660254037844384,0.4620123203285421,1,50.0,8.333333333333334,2.2823823856765264,540.0,540.0,24.349999999999998
8,23.0,3.0,11.0,1.0,0,2,Hyderabad,Kalpataru Power,415,8.4,3486.0,289.2,2429.28,1.3,3486.0,135.0,20,0,0,0.8660254037844386,0.5000000000000001,0.46680497925311204,1,46.0,7.666666666666667,2.2407096892759584,0.0,0.0,24.099999999999998
15,22.0,3.0,11.0,1.0,0,11,Hyderabad,Jaiprakash Power,411,8.4,3452.4,299.4,2514.96,1.3,3452.4,135.0,28,4,3,-0.5000000000000004,0.8660254037844384,0.4509018036072145,1,52.0,8.666666666666666,2.2407096892759584,540.0,540.0,15.757894736842104
5,20.0,3.0,8.0,1.0,0,9,Navi Mumbai,Jaiprakash Power,306,9.3,2845.8,260.4,2421.72,1.175115207373272,2845.8,135.0,32,8,2,-1.0,-1.8369701987210297e-16,0.5184331797235023,1,37.0,6.166666666666667,2.33214389523559,1080.0,1080.0,28.93333333333333
19,23.0,3.0,6.0,1.0,0,10,New Delhi,Ratnagiri Gas and Power Pvt. Ltd. (RGPPL),425,8.5,3612.5,297.3,2527.05,1.3,3612.5,135.0,28,4,3,-0.8660254037844386,0.5000000000000001,0.45408678102926336,1,52.0,8.666666666666666,2.2512917986064953,540.0,540.0,12.92608695652174
12,22.0,2.0,6.0,1.0,0,6,Gurgaon,Reliance Power,309,8.3,2564.7000000000003,233.1,1934.73,1.3,2564.7000000000003,90.0,38,14,2,1.2246467991473532e-16,-1.0,0.3861003861003861,0,43.0,7.166666666666667,2.2300144001592104,1260.0,1260.0,15.54
6,19.0,3.0,16.0,7.0,0,9,Ratnagiri,Torrent Power Ltd.,421,7.4,3115.4,287.4,2126.7599999999998,1.3,3115.4,135.0,32,8,2,-1.0,-1.8369701987210297e-16,0.4697286012526096,1,51.0,8.5,2.128231705849268,1080.0,1080.0,28.74
8,20.0,3.0,5.0,1.0,0,10,Faridabad,NHPC,342,8.1,2770.2,257.7,2087.37,1.3,2770.2,135.0,28,4,3,-0.8660254037844386,0.5000000000000001,0.5238649592549476,1,37.0,6.166666666666667,2.2082744135228043,540.0,540.0,21.474999999999998
7,17.0,2.0,12.0,1.0,0,10,Pune,Unitech Power Transmission Ltd.,280,9.1,2548.0,218.1,1984.7099999999998,1.2838147638697845,2548.0,90.0,28,4,3,-0.8660254037844386,0.5000000000000001,0.4126547455295736,1,39.0,6.5,2.312535423847214,360.0,360.0,21.81
5,17.0,3.0,9.0,1.0,0,9,Faridabad,SJVN Ltd.,256,8.1,2073.6,249.9,2024.19,1.024409763905562,2073.6,135.0,32,8,2,-1.0,-1.8369701987210297e-16,0.5402160864345739,1,35.0,5.833333333333333,2.2082744135228043,1080.0,1080.0,27.766666666666666
21,23.0,3.0,3.0,1.0,0,1,Ahmedabad,Reliance Energy,413,7.9,3262.7000000000003,292.5,2310.75,1.3,3262.7000000000003,135.0,20,0,0,0.49999999999999994,0.8660254037844387,0.46153846153846156,1,51.0,8.5,2.186051276738094,0.0,0.0,11.7
7,22.0,3.0,8.0,1.0,0,2,Nagpur,L&T Transmission & Distribution,389,8.9,3462.1000000000004,273.6,2435.0400000000004,1.3,3462.1000000000004,135.0,20,0,0,0.8660254037844386,0.5000000000000001,0.4934210526315789,1,41.0,6.833333333333333,2.2925347571405443,0.0,0.0,24.872727272727275
16,23.0,2.0,4.0,1.0,0,7,Pune,Adani Power Ltd.,353,9.1,3212.3,240.0,2184.0,1.3,3212.3,90.0,32,8,2,-0.4999999999999997,-0.8660254037844388,0.375,0,46.0,7.666666666666667,2.312535423847214,720.0,720.0,12.631578947368421
9,18.0,3.0,10.0,1.0,0,6,Pune,Ringfeder Power Transmission India Pvt. Ltd.,293,9.1,2666.3,265.8,2418.78,1.1023325808878857,2666.3,135.0,38,14,2,1.2246467991473532e-16,-1.0,0.5079006772009029,1,41.0,6.833333333333333,2.312535423847214,1890.0,1890.0,20.446153846153848
6,21.0,3.0,18.0,1.0,0,7,Shimla,"Maha Transco – Maharashtra State Electricity Transmission Co, Ltd.",417,7.7,3210.9,297.0,2286.9,1.3,3210.9,135.0,32,8,2,-0.4999999999999997,-0.8660254037844388,0.45454545454545453,1,49.0,8.166666666666666,2.163323025660538,1080.0,1080.0,29.7
8,19.0,2.0,13.0,1.0,0,3,Pune,GE T&D India Limited,335,9.1,3048.5,232.2,2113.02,1.3,3048.5,90.0,30,6,1,1.0,6.123233995736766e-17,0.3875968992248062,0,43.0,7.166666666666667,2.312535423847214,540.0,540.0,21.10909090909091
7,21.0,3.0,3.0,1.0,0,2,Shimla,GE T&D India Limited,237,7.7,1824.9,254.1,1956.57,0.9327036599763874,1824.9,135.0,20,0,0,0.8660254037844386,0.5000000000000001,0.5312868949232585,1,35.0,5.833333333333333,2.163323025660538,0.0,0.0,23.099999999999998
6,20.0,1.0,5.0,1.0,0,9,Vadodara,JSW Energy Ltd.,228,7.8,1778.4,163.5,1275.3,1.3,1778.4,45.0,32,8,2,-1.0,-1.8369701987210297e-16,0.27522935779816515,0,33.0,5.5,2.174751721484161,360.0,360.0,20.4375
7,21.0,2.0,6.0,1.0,0,7,New Delhi,SJVN Ltd.,315,8.5,2677.5,218.1,1853.85,1.3,2677.5,90.0,32,8,2,-0.4999999999999997,-0.8660254037844388,0.4126547455295736,1,37.0,6.166666666666667,2.2512917986064953,720.0,720.0,21.81
14,22.0,2.0,6.0,1.0,0,4,Nagpur,Jyoti Structure,329,8.9,2928.1,237.3,2111.9700000000003,1.3,2928.1,90.0,30,6,1,0.8660254037844387,-0.4999999999999998,0.37926675094816686,0,45.0,7.5,2.2925347571405443,540.0,540.0,13.958823529411765
10,23.0,3.0,5.0,1.0,0,7,Ratnagiri,GE T&D India Limited,403,7.4,2982.2000000000003,275.4,2037.96,1.3,2982.2000000000003,135.0,32,8,2,-0.4999999999999997,-0.8660254037844388,0.4901960784313726,1,42.0,7.0,2.128231705849268,1080.0,1080.0,19.67142857142857
9,18.0,3.0,16.0,7.0,0,11,Faridabad,Orient Green,415,8.1,3361.5,289.2,2342.52,1.3,3361.5,135.0,28,4,3,-0.5000000000000004,0.8660254037844384,0.46680497925311204,1,53.0,8.833333333333334,2.2082744135228043,540.0,540.0,22.246153846153845
8,17.0,3.0,14.0,7.0,0,10,Hyderabad,NHPC,412,8.4,3460.8,276.6,2323.4400000000005,1.3,3460.8,135.0,28,4,3,-0.8660254037844386,0.5000000000000001,0.48806941431670275,1,49.0,8.166666666666666,2.2407096892759584,540.0,540.0,23.05
12,22.0,3.0,12.0,1.0,0,3,Shimla,Indowind Energy,414,7.7,3187.8,296.1,2279.9700000000003,1.3,3187.8,135.0,30,6,1,1.0,6.123233995736766e-17,0.4559270516717325,1,50.0,8.333333333333334,2.163323025660538,810.0,810.0,18.50625
10,19.0,3.0,3.0,7.0,0,9,Pune,TransRail Lighting,383,9.1,3485.3,256.8,2336.88,1.3,3485.3,135.0,32,8,2,-1.0,-1.8369701987210297e-16,0.5257009345794392,1,42.0,7.0,2.312535423847214,1080.0,1080.0,18.342857142857145
14,22.0,3.0,7.0,1.0,0,9,Nagpur,Bonfiglioli Transmission Pvt. Ltd.,417,8.9,3711.3,285.3,2539.17,1.3,3711.3,135.0,32,8,2,-1.0,-1.8369701987210297e-16,0.47318611987381703,1,47.0,7.833333333333333,2.2925347571405443,1080.0,1080.0,15.850000000000001
14,23.0,3.0,5.0,1.0,0,2,Ratnagiri,Optibelt Power Transmission India Private Limited,412,7.4,3048.8,283.8,2100.1200000000003,1.3,3048.8,135.0,20,0,0,0.8660254037844386,0.5000000000000001,0.47568710359408034,1,46.0,7.666666666666667,2.128231705849268,0.0,0.0,15.766666666666667
17,22.0,3.0,8.0,1.0,0,11,New Delhi,Ringfeder Power Transmission India Pvt. Ltd.,382,8.5,3247.0,294.6,2504.1000000000004,1.2966734555329258,3247.0,135.0,28,4,3,-0.5000000000000004,0.8660254037844384,0.4582484725050916,1,51.0,8.5,2.2512917986064953,540.0,540.0,14.02857142857143
11,22.0,2.0,7.0,1.0,0,6,Dahej,Guj Ind Power,315,7.6,2394.0,234.0,1778.3999999999999,1.3,2394.0,90.0,38,14,2,1.2246467991473532e-16,-1.0,0.38461538461538464,0,43.0,7.166666666666667,2.151762203259462,1260.0,1260.0,16.714285714285715
23,23.0,3.0,3.0,1.0,0,10,Ahmedabad,GE T&D India Limited,439,7.9,3468.1000000000004,296.7,2343.93,1.3,3468.1000000000004,135.0,28,4,3,-0.8660254037844386,0.5000000000000001,0.45500505561172905,1,53.0,8.833333333333334,2.186051276738094,540.0,540.0,10.988888888888889
10,18.0,3.0,8.0,1.0,0,4,Noida,Kalpataru Power,341,8.2,2796.2,261.9,2147.5799999999995,1.3,2796.2,135.0,30,6,1,0.8660254037844387,-0.4999999999999998,0.5154639175257733,1,40.0,6.666666666666667,2.2192034840549946,810.0,810.0,18.707142857142856
5,20.0,3.0,4.0,1.0,0,10,Hyderabad,CESC,308,8.4,2587.2000000000003,248.4,2086.56,1.239935587761675,2587.2000000000003,135.0,28,4,3,-0.8660254037844386,0.5000000000000001,0.5434782608695652,1,33.0,5.5,2.2407096892759584,540.0,540.0,27.6
11,22.0,3.0,13.0,1.0,0,2,Chennai,Ratnagiri Gas and Power Pvt. Ltd. (RGPPL),372,8.8,3273.6000000000004,297.0,2613.6000000000004,1.2525252525252526,3273.6000000000004,135.0,20,0,0,0.8660254037844386,0.5000000000000001,0.45454545454545453,1,50.0,8.333333333333334,2.2823823856765264,0.0,0.0,19.8
14,22.0,3.0,12.0,1.0,0,3,Hyderabad,Torrent Power Ltd.,437,8.4,3670.8,300.3,2522.52,1.3,3670.8,135.0,30,6,1,1.0,6.123233995736766e-17,0.44955044955044954,1,52.0,8.666666666666666,2.2407096892759584,810.0,810.0,16.683333333333334
10,20.0,2.0,12.0,1.0,0,10,Pune,Kalpataru Power,349,9.1,3175.9,237.9,2164.89,1.3,3175.9,90.0,28,4,3,-0.8660254037844386,0.5000000000000001,0.37831021437578816,0,45.0,7.5,2.312535423847214,360.0,360.0,18.3
12,23.0,3.0,7.0,1.0,0,4,Ahmedabad,NHPC,416,7.9,3286.4,285.6,2256.2400000000002,1.3,3286.4,135.0,30,6,1,0.8660254037844387,-0.4999999999999998,0.4726890756302521,1,46.0,7.666666666666667,2.186051276738094,810.0,810.0,17.85
14,22.0,3.0,12.0,1.0,0,2,Ahmedabad,Kalpataru Power,406,7.9,3207.4,300.3,2372.3700000000003,1.3,3207.4,135.0,20,0,0,0.8660254037844386,0.5000000000000001,0.44955044955044954,1,52.0,8.666666666666666,2.186051276738094,0.0,0.0,16.683333333333334
5,19.0,3.0,7.0,7.0,0,9,Chennai,Sterlite Power Transmission Ltd,370,8.8,3256.0000000000005,258.3,2273.0400000000004,1.3,3256.0000000000005,135.0,32,8,2,-1.0,-1.8369701987210297e-16,0.5226480836236933,1,41.0,6.833333333333333,2.2823823856765264,1080.0,1080.0,28.700000000000003
7,17.0,2.0,15.0,1.0,0,4,New Delhi,NLC India,278,8.5,2363.0,227.1,1930.35,1.2241303390576839,2363.0,90.0,30,6,1,0.8660254037844387,-0.4999999999999998,0.39630118890356675,0,42.0,7.0,2.2512917986064953,540.0,540.0,22.71
7,17.0,3.0,8.0,1.0,0,11,Vadodara,Indowind Energy,259,7.8,2020.2,251.1,1958.58,1.0314615690959779,2020.2,135.0,28,4,3,-0.5000000000000004,0.8660254037844384,0.5376344086021505,1,36.0,6.0,2.174751721484161,540.0,540.0,22.827272727272728
15,23.0,3.0,8.0,1.0,0,2,Gurgaon,GE T&D India Limited,412,8.3,3419.6000000000004,294.9,2447.67,1.3,3419.6000000000004,135.0,20,0,0,0.8660254037844386,0.5000000000000001,0.45778229908443546,1,50.0,8.333333333333334,2.2300144001592104,0.0,0.0,15.521052631578947
6,18.0,3.0,13.0,1.0,0,8,Pune,Reliance Power,351,9.1,3194.1,268.5,2443.35,1.3,3194.1,135.0,32,8,2,-0.8660254037844385,-0.5000000000000004,0.5027932960893855,1,41.0,6.833333333333333,2.312535423847214,1080.0,1080.0,26.85
10,17.0,2.0,7.0,1.0,0,5,Shimla,Reliance Power,271,7.7,2086.7000000000003,209.4,1612.38,1.294173829990449,2086.7000000000003,90.0,38,14,1,0.49999999999999994,-0.8660254037844387,0.4297994269340974,1,37.0,6.166666666666667,2.163323025660538,1260.0,1260.0,16.107692307692307
5,17.0,3.0,21.0,1.0,0,3,Nagpur,NHPC,377,8.9,3355.3,285.9,2544.5099999999998,1.3,3355.3,135.0,30,6,1,1.0,6.123233995736766e-17,0.472193074501574,1,47.0,7.833333333333333,2.2925347571405443,810.0,810.0,31.766666666666666
15,23.0,3.0,17.0,1.0,0,11,Ratnagiri,Ratnagiri Gas and Power Pvt. Ltd. (RGPPL),474,7.4,3507.6000000000004,321.9,2382.06,1.3,3507.6000000000004,135.0,28,4,3,-0.5000000000000004,0.8660254037844384,0.41938490214352286,1,59.0,9.833333333333334,2.128231705849268,540.0,540.0,16.942105263157895
8,17.0,3.0,14.0,1.0,0,6,Chennai,Neueon Towers / Sujana Towers Ltd.,359,8.8,3159.2000000000003,271.2,2386.56,1.3,3159.2000000000003,135.0,38,14,2,1.2246467991473532e-16,-1.0,0.497787610619469,1,43.0,7.166666666666667,2.2823823856765264,1890.0,1890.0,22.599999999999998
23,22.0,2.0,5.0,1.0,0,2,Nagpur,Sunil Hitech Eng,369,8.9,3284.1,253.2,2253.48,1.3,3284.1,90.0,20,0,0,0.8660254037844386,0.5000000000000001,0.35545023696682465,0,53.0,8.833333333333334,2.2925347571405443,0.0,0.0,9.738461538461538
10,20.0,1.0,9.0,1.0,0,2,Kolkata,JSW Energy Ltd.,247,8.7,2148.9,183.9,1599.9299999999998,1.3,2148.9,45.0,20,0,0,0.8660254037844386,0.5000000000000001,0.24469820554649266,0,41.0,6.833333333333333,2.272125885509337,0.0,0.0,15.325000000000001
9,17.0,3.0,4.0,1.0,0,8,Mumbai,Unitech Power Transmission Ltd.,329,9.2,3026.8,243.3,2238.36,1.3,3026.8,135.0,32,8,2,-0.8660254037844385,-0.5000000000000004,0.5548705302096177,1,34.0,5.666666666666667,2.322387720290225,1080.0,1080.0,18.715384615384615
8,23.0,3.0,7.0,1.0,0,10,Hyderabad,JSW Energy Ltd.,406,8.4,3410.4,277.2,2328.48,1.3,3410.4,135.0,28,4,3,-0.8660254037844386,0.5000000000000001,0.487012987012987,1,42.0,7.0,2.2407096892759584,540.0,540.0,23.099999999999998
5,21.0,2.0,11.0,1.0,0,2,Navi Mumbai,Bonfiglioli Transmission Pvt. Ltd.,258,9.3,2399.4,228.9,2128.7700000000004,1.1271297509829619,2399.4,90.0,20,0,0,0.8660254037844386,0.5000000000000001,0.3931847968545216,0,40.0,6.666666666666667,2.33214389523559,0.0,0.0,28.6125
7,22.0,2.0,5.0,1.0,0,12,Noida,Jyoti Structure,306,8.2,2509.2,219.6,1800.7199999999998,1.3,2509.2,90.0,20,0,0,-2.4492935982947064e-16,1.0,0.4098360655737705,1,37.0,6.166666666666667,2.2192034840549946,0.0,0.0,21.96
8,23.0,2.0,3.0,1.0,0,6,Ahmedabad,Guj Ind Power,304,7.9,2401.6,220.2,1739.58,1.3,2401.6,90.0,38,14,2,1.2246467991473532e-16,-1.0,0.40871934604904636,1,37.0,6.166666666666667,2.186051276738094,1260.0,1260.0,20.018181818181816
10,17.0,1.0,6.0,1.0,0,10,Vadodara,Reliance Energy,222,7.8,1731.6,161.4,1258.92,1.3,1731.6,45.0,28,4,3,-0.8660254037844386,0.5000000000000001,0.2788104089219331,0,35.0,5.833333333333333,2.174751721484161,180.0,180.0,13.450000000000001
5,20.0,3.0,8.0,1.0,0,1,Ratnagiri,L&T Transmission & Distribution,298,7.4,2205.2000000000003,260.4,1926.96,1.144393241167435,2205.2000000000003,135.0,20,0,0,0.49999999999999994,0.8660254037844387,0.5184331797235023,1,37.0,6.166666666666667,2.128231705849268,0.0,0.0,28.93333333333333
9,20.0,3.0,20.0,1.0,0,11,Nagpur,Unitech Power Transmission Ltd.,442,8.9,3933.8,304.8,2712.7200000000003,1.3,3933.8,135.0,28,4,3,-0.5000000000000004,0.8660254037844384,0.44291338582677164,1,53.0,8.833333333333334,2.2925347571405443,540.0,540.0,23.446153846153848
11,22.0,3.0,5.0,1.0,0,1,Gurgaon,Torrent Power Ltd.,403,8.3,3344.9,273.0,2265.9,1.3,3344.9,135.0,20,0,0,0.49999999999999994,0.8660254037844387,0.4945054945054945,1,42.0,7.0,2.2300144001592104,0.0,0.0,18.2
5,20.0,3.0,11.0,1.0,0,3,Hyderabad,Sterlite Power Transmission Ltd,375,8.4,3150.0,269.4,2262.96,1.3,3150.0,135.0,30,6,1,1.0,6.123233995736766e-17,0.5011135857461025,1,40.0,6.666666666666667,2.2407096892759584,810.0,810.0,29.93333333333333
14,22.0,2.0,8.0,1.0,0,6,Ratnagiri,Ratnagiri Gas and Power Pvt. Ltd. (RGPPL),349,7.4,2582.6,243.3,1800.42,1.3,2582.6,90.0,38,14,2,1.2246467991473532e-16,-1.0,0.36991368680641185,0,47.0,7.833333333333333,2.128231705849268,1260.0,1260.0,14.311764705882354
8,18.0,3.0,14.0,1.0,0,9,Faridabad,Guj Ind Power,354,8.1,2867.4,275.7,2233.1699999999996,1.2840043525571276,2867.4,135.0,32,8,2,-1.0,-1.8369701987210297e-16,0.4896626768226333,1,44.0,7.333333333333333,2.2082744135228043,1080.0,1080.0,22.974999999999998
20,23.0,3.0,6.0,1.0,0,4,Shimla,Ratnagiri Gas and Power Pvt. Ltd. (RGPPL),439,7.7,3380.3,299.4,2305.3799999999997,1.3,3380.3,135.0,30,6,1,0.8660254037844387,-0.4999999999999998,0.4509018036072145,1,53.0,8.833333333333334,2.163323025660538,810.0,810.0,12.475
6,21.0,3.0,16.0,1.0,0,2,Dahej,NHPC,403,7.6,3062.8,291.0,2211.6,1.3,3062.8,135.0,20,0,0,0.8660254037844386,0.5000000000000001,0.4639175257731959,1,47.0,7.833333333333333,2.151762203259462,0.0,0.0,29.1
19,22.0,3.0,9.0,1.0,0,12,Hyderabad,Sterlite Power Transmission Ltd,432,8.4,3628.8,301.8,2535.1200000000003,1.3,3628.8,135.0,20,0,0,-2.4492935982947064e-16,1.0,0.44731610337972166,1,54.0,9.0,2.2407096892759584,0.0,0.0,13.121739130434783
9,17.0,2.0,4.0,1.0,0,7,Mumbai,L&T Transmission & Distribution,292,9.2,2686.4,198.3,1824.36,1.3,2686.4,90.0,32,8,2,-0.4999999999999997,-0.8660254037844388,0.45385779122541603,1,33.0,5.5,2.322387720290225,720.0,720.0,16.525000000000002
10,21.0,2.0,12.0,1.0,0,11,New Delhi,Sterlite Power Transmission Ltd,342,8.5,2907.0,242.4,2060.4,1.3,2907.0,90.0,28,4,3,-0.5000000000000004,0.8660254037844384,0.3712871287128713,0,46.0,7.666666666666667,2.2512917986064953,360.0,360.0,18.646153846153847
16,23.0,3.0,8.0,1.0,0,2,Vadodara,Toshiba Transmission & Distribution Systems (India) Pvt. Ltd.,379,7.8,2956.2,297.0,2316.6,1.2760942760942762,2956.2,135.0,20,0,0,0.8660254037844386,0.5000000000000001,0.45454545454545453,1,51.0,8.5,2.174751721484161,0.0,0.0,14.85
14,23.0,1.0,11.0,1.0,0,2,Ahmedabad,Bonfiglioli Transmission Pvt. Ltd.,311,7.9,2456.9,211.8,1673.2200000000003,1.3,2456.9,45.0,20,0,0,0.8660254037844386,0.5000000000000001,0.21246458923512745,0,50.0,8.333333333333334,2.186051276738094,0.0,0.0,13.2375
12,22.0,3.0,4.0,1.0,0,7,Chennai,Unitech Power Transmission Ltd.,403,8.8,3546.4,272.1,2394.4800000000005,1.3,3546.4,135.0,32,8,2,-0.4999999999999997,-0.8660254037844388,0.496141124586549,1,42.0,7.0,2.2823823856765264,1080.0,1080.0,17.00625
6,22.0,3.0,7.0,1.0,0,6,Gurgaon,KEC International,306,8.3,2539.8,268.5,2228.55,1.1396648044692737,2539.8,135.0,38,14,2,1.2246467991473532e-16,-1.0,0.5027932960893855,1,39.0,6.5,2.2300144001592104,1890.0,1890.0,26.85
6,19.0,2.0,8.0,1.0,0,6,Mumbai,CESC,269,9.2,2474.8,213.0,1959.6,1.262910798122066,2474.8,90.0,38,14,2,1.2246467991473532e-16,-1.0,0.4225352112676056,1,36.0,6.0,2.322387720290225,1260.0,1260.0,23.666666666666668
6,17.0,3.0,8.0,7.0,0,6,New Delhi,L&T Transmission & Distribution,319,8.5,2711.5,254.4,2162.4,1.2539308176100628,2711.5,135.0,38,14,2,1.2246467991473532e-16,-1.0,0.5306603773584906,1,41.0,6.833333333333333,2.2512917986064953,1890.0,1890.0,25.44
12,22.0,2.0,6.0,1.0,0,2,Ahmedabad,NHPC,333,7.9,2630.7000000000003,233.1,1841.49,1.3,2630.7000000000003,90.0,20,0,0,0.8660254037844386,0.5000000000000001,0.3861003861003861,0,43.0,7.166666666666667,2.186051276738094,0.0,0.0,15.54
10,21.0,2.0,8.0,1.0,0,1,Noida,CESC,330,8.2,2705.9999999999995,230.4,1889.28,1.3,2705.9999999999995,90.0,20,0,0,0.49999999999999994,0.8660254037844387,0.390625,0,42.0,7.0,2.2192034840549946,0.0,0.0,17.723076923076924
5,17.0,1.0,8.0,1.0,0,6,Shimla,Adani Power Ltd.,235,7.7,1809.5,156.9,1208.13,1.3,1809.5,45.0,38,14,2,1.2246467991473532e-16,-1.0,0.28680688336520077,0,32.0,5.333333333333333,2.163323025660538,630.0,630.0,22.414285714285715
5,19.0,1.0,15.0,1.0,0,6,Kolkata,Jaiprakash Power,277,8.7,2409.9,186.9,1626.03,1.3,2409.9,45.0,38,14,2,1.2246467991473532e-16,-1.0,0.2407704654895666,0,41.0,6.833333333333333,2.272125885509337,630.0,630.0,26.7
10,22.0,3.0,12.0,1.0,0,12,Gurgaon,"Maha Transco – Maharashtra State Electricity Transmission Co, Ltd.",407,8.3,3378.1000000000004,291.9,2422.77,1.3,3378.1000000000004,135.0,20,0,0,-2.4492935982947064e-16,1.0,0.4624871531346352,1,48.0,8.0,2.2300144001592104,0.0,0.0,20.849999999999998
13,22.0,3.0,8.0,1.0,0,1,Nagpur,Orient Green,413,8.9,3675.7,286.2,2547.18,1.3,3675.7,135.0,20,0,0,0.49999999999999994,0.8660254037844387,0.4716981132075472,1,47.0,7.833333333333333,2.2925347571405443,0.0,0.0,16.83529411764706
5,19.0,2.0,6.0,1.0,0,1,Shimla,Jaiprakash Power,307,7.7,2363.9,204.9,1577.73,1.3,2363.9,90.0,20,0,0,0.49999999999999994,0.8660254037844387,0.43923865300146414,1,33.0,5.5,2.163323025660538,0.0,0.0,25.6125
12,23.0,3.0,3.0,1.0,0,5,Gurgaon,Neueon Towers / Sujana Towers Ltd.,354,8.3,2938.2000000000003,273.6,2270.8800000000006,1.2938596491228067,2938.2000000000003,135.0,38,14,1,0.49999999999999994,-0.8660254037844387,0.4934210526315789,1,42.0,7.0,2.2300144001592104,1890.0,1890.0,17.1
16,22.0,2.0,6.0,1.0,0,2,Kolkata,CESC,299,8.7,2601.3,241.5,2101.0499999999997,1.2380952380952384,2601.3,90.0,20,0,0,0.8660254037844386,0.5000000000000001,0.37267080745341613,0,47.0,7.833333333333333,2.272125885509337,0.0,0.0,12.710526315789474
16,23.0,3.0,5.0,1.0,0,2,Ratnagiri,Ringfeder Power Transmission India Pvt. Ltd.,363,7.4,2686.2000000000003,288.0,2131.2000000000003,1.2604166666666667,2686.2000000000003,135.0,20,0,0,0.8660254037844386,0.5000000000000001,0.46875,1,48.0,8.0,2.128231705849268,0.0,0.0,14.4
18,22.0,2.0,5.0,1.0,0,3,Ahmedabad,Indowind Energy,356,7.9,2812.4,242.7,1917.33,1.3,2812.4,90.0,30,6,1,1.0,6.123233995736766e-17,0.3708281829419036,0,48.0,8.0,2.186051276738094,540.0,540.0,11.557142857142857
7,19.0,2.0,6.0,7.0,0,11,Dahej,CESC,309,7.6,2348.4,214.5,1630.1999999999998,1.3,2348.4,90.0,28,4,3,-0.5000000000000004,0.8660254037844384,0.4195804195804196,1,41.0,6.833333333333333,2.151762203259462,360.0,360.0,21.45
19,23.0,2.0,5.0,1.0,0,8,Noida,Reliance Power,368,8.2,3017.6,249.3,2044.26,1.3,3017.6,90.0,32,8,2,-0.8660254037844385,-0.5000000000000004,0.3610108303249097,0,50.0,8.333333333333334,2.2192034840549946,720.0,720.0,11.331818181818182
11,23.0,3.0,3.0,1.0,0,10,Faridabad,Neueon Towers / Sujana Towers Ltd.,365,8.1,2956.5,271.5,2199.15,1.3,2956.5,135.0,28,4,3,-0.8660254037844386,0.5000000000000001,0.4972375690607735,1,41.0,6.833333333333333,2.2082744135228043,540.0,540.0,18.1
22,22.0,3.0,12.0,1.0,0,5,Dahej,Ratnagiri Gas and Power Pvt. Ltd. (RGPPL),475,7.6,3610.0,317.1,2409.96,1.3,3610.0,135.0,38,14,1,0.49999999999999994,-0.8660254037844387,0.4257332071901608,1,60.0,10.0,2.151762203259462,1890.0,1890.0,12.196153846153846
8,22.0,3.0,21.0,1.0,0,11,Pune,Ratnagiri Gas and Power Pvt. Ltd. (RGPPL),453,9.1,4122.3,314.7,2863.77,1.3,4122.3,135.0,28,4,3,-0.5000000000000004,0.8660254037844384,0.42897998093422307,1,55.0,9.166666666666666,2.312535423847214,540.0,540.0,26.224999999999998
10,23.0,3.0,14.0,1.0,0,9,Noida,Bonfiglioli Transmission Pvt. Ltd.,424,8.2,3476.8,302.4,2479.6799999999994,1.3,3476.8,135.0,32,8,2,-1.0,-1.8369701987210297e-16,0.44642857142857145,1,51.0,8.5,2.2192034840549946,1080.0,1080.0,21.599999999999998
5,19.0,3.0,5.0,7.0,0,9,Nagpur,KEC International,298,8.9,2652.2000000000003,252.3,2245.4700000000003,1.1811335711454618,2652.2000000000003,135.0,32,8,2,-1.0,-1.8369701987210297e-16,0.535077288941736,1,39.0,6.5,2.2925347571405443,1080.0,1080.0,28.033333333333335
9,22.0,2.0,9.0,1.0,0,12,Shimla,Sterlite Power Transmission Ltd,345,7.7,2656.5,235.8,1815.66,1.3,2656.5,90.0,20,0,0,-2.4492935982947064e-16,1.0,0.38167938931297707,0,43.0,7.166666666666667,2.163323025660538,0.0,0.0,19.650000000000002
8,22.0,3.0,3.0,1.0,0,1,Nagpur,TransRail Lighting,302,8.9,2687.8,260.7,2320.23,1.1584196394322976,2687.8,135.0,20,0,0,0.49999999999999994,0.8660254037844387,0.5178365937859609,1,37.0,6.166666666666667,2.2925347571405443,0.0,0.0,21.724999999999998
6,20.0,3.0,16.0,1.0,0,1,Kolkata,Optibelt Power Transmission India Private Limited,423,8.7,3680.1,286.5,2492.5499999999997,1.3,3680.1,135.0,20,0,0,0.49999999999999994,0.8660254037844387,0.4712041884816754,1,46.0,7.666666666666667,2.272125885509337,0.0,0.0,28.65
5,23.0,3.0,15.0,1.0,0,7,Ahmedabad,TransRail Lighting,426,7.9,3365.4,294.9,2329.71,1.3,3365.4,135.0,32,8,2,-0.4999999999999997,-0.8660254037844388,0.45778229908443546,1,47.0,7.833333333333333,2.186051276738094,1080.0,1080.0,32.766666666666666
5,19.0,1.0,3.0,1.0,0,8,Gurgaon,SJVN Ltd.,215,8.3,1784.5000000000002,150.9,1252.4700000000003,1.3,1784.5000000000002,45.0,32,8,2,-0.8660254037844385,-0.5000000000000004,0.2982107355864811,0,29.0,4.833333333333333,2.2300144001592104,360.0,360.0,21.557142857142857
6,19.0,2.0,8.0,1.0,0,7,Hyderabad,Neueon Towers / Sujana Towers Ltd.,265,8.4,2226.0,213.0,1789.2,1.244131455399061,2226.0,90.0,32,8,2,-0.4999999999999997,-0.8660254037844388,0.4225352112676056,1,36.0,6.0,2.2407096892759584,720.0,720.0,23.666666666666668
5,21.0,2.0,4.0,1.0,0,11,Dahej,NTPC Pvt. Ltd.,250,7.6,1900.0,207.9,1580.04,1.2025012025012025,1900.0,90.0,28,4,3,-0.5000000000000004,0.8660254037844384,0.4329004329004329,1,33.0,5.5,2.151762203259462,360.0,360.0,25.9875
10,18.0,3.0,9.0,1.0,0,6,Navi Mumbai,TransRail Lighting,338,9.3,3143.4,264.9,2463.57,1.2759531898829746,3143.4,135.0,38,14,2,1.2246467991473532e-16,-1.0,0.5096262740656852,1,41.0,6.833333333333333,2.33214389523559,1890.0,1890.0,18.92142857142857
8,21.0,3.0,12.0,1.0,0,5,Faridabad,SJVN Ltd.,418,8.1,3385.8,283.2,2293.9199999999996,1.3,3385.8,135.0,38,14,1,0.49999999999999994,-0.8660254037844387,0.4766949152542373,1,45.0,7.5,2.2082744135228043,1890.0,1890.0,23.599999999999998
8,18.0,3.0,3.0,7.0,0,2,Navi Mumbai,Indowind Energy,287,9.3,2669.1000000000004,248.1,2307.33,1.1567916162837568,2669.1000000000004,135.0,20,0,0,0.8660254037844386,0.5000000000000001,0.5441354292623942,1,39.0,6.5,2.33214389523559,0.0,0.0,20.675
23,22.0,3.0,14.0,1.0,0,2,Kolkata,Sunil Hitech Eng,457,8.7,3975.9,325.2,2829.24,1.3,3975.9,135.0,20,0,0,0.8660254037844386,0.5000000000000001,0.41512915129151295,1,63.0,10.5,2.272125885509337,0.0,0.0,12.044444444444444
19,22.0,3.0,6.0,1.0,0,10,Dahej,Orient Green,393,7.6,2986.8,292.8,2225.28,1.3,2986.8,135.0,28,4,3,-0.8660254037844386,0.5000000000000001,0.4610655737704918,1,51.0,8.5,2.151762203259462,540.0,540.0,12.730434782608697
15,23.0,2.0,8.0,1.0,0,6,Chennai,Jyoti Structure,368,8.8,3238.4,249.9,2199.1200000000003,1.3,3238.4,90.0,38,14,2,1.2246467991473532e-16,-1.0,0.3601440576230492,0,49.0,8.166666666666666,2.2823823856765264,1260.0,1260.0,13.883333333333333
14,23.0,3.0,3.0,1.0,0,11,New Delhi,KEC International,370,8.5,3145.0,277.8,2361.3,1.3,3145.0,135.0,28,4,3,-0.5000000000000004,0.8660254037844384,0.48596112311015116,1,44.0,7.333333333333333,2.2512917986064953,540.0,540.0,15.433333333333334
6,20.0,2.0,11.0,1.0,0,9,Faridabad,GE T&D India Limited,287,8.1,2324.7,226.5,1834.6499999999999,1.2671081677704195,2324.7,90.0,32,8,2,-1.0,-1.8369701987210297e-16,0.3973509933774834,0,40.0,6.666666666666667,2.2082744135228043,720.0,720.0,25.166666666666668
18,22.0,3.0,4.0,1.0,0,2,Navi Mumbai,Orient Green,357,9.3,3320.1000000000004,284.7,2647.71,1.253951527924131,3320.1000000000004,135.0,20,0,0,0.8660254037844386,0.5000000000000001,0.4741833508956797,1,48.0,8.0,2.33214389523559,0.0,0.0,12.94090909090909
22,22.0,3.0,5.0,1.0,0,10,Shimla,NTPC Pvt. Ltd.,443,7.7,3411.1,296.1,2279.9700000000003,1.3,3411.1,135.0,28,4,3,-0.8660254037844386,0.5000000000000001,0.4559270516717325,1,53.0,8.833333333333334,2.163323025660538,540.0,540.0,11.38846153846154
11,22.0,1.0,4.0,1.0,0,3,Navi Mumbai,"Maha Transco – Maharashtra State Electricity Transmission Co, Ltd.",269,9.3,2501.7000000000003,180.0,1674.0000000000002,1.3,2501.7000000000003,45.0,30,6,1,1.0,6.123233995736766e-17,0.25,0,39.0,6.5,2.33214389523559,270.0,270.0,13.846153846153847
16,22.0,2.0,6.0,1.0,0,4,Faridabad,NLC India,337,8.1,2729.7,241.5,1956.1499999999999,1.3,2729.7,90.0,30,6,1,0.8660254037844387,-0.4999999999999998,0.37267080745341613,0,47.0,7.833333333333333,2.2082744135228043,540.0,540.0,12.710526315789474
6,18.0,3.0,14.0,1.0,0,1,Vadodara,Guj Ind Power,353,7.8,2753.4,271.5,2117.7,1.3,2753.4,135.0,20,0,0,0.49999999999999994,0.8660254037844387,0.4972375690607735,1,42.0,7.0,2.174751721484161,0.0,0.0,27.15
15,22.0,3.0,15.0,1.0,0,5,Shimla,Bonfiglioli Transmission Pvt. Ltd.,463,7.7,3565.1,311.4,2397.7799999999997,1.3,3565.1,135.0,38,14,1,0.49999999999999994,-0.8660254037844387,0.43352601156069365,1,56.0,9.333333333333334,2.163323025660538,1890.0,1890.0,16.389473684210525
14,22.0,3.0,9.0,1.0,0,7,Gurgaon,Indowind Energy,415,8.3,3444.5000000000005,291.3,2417.7900000000004,1.3,3444.5000000000005,135.0,32,8,2,-0.4999999999999997,-0.8660254037844388,0.4634397528321318,1,49.0,8.166666666666666,2.2300144001592104,1080.0,1080.0,16.183333333333334
8,19.0,1.0,3.0,1.0,0,6,Ahmedabad,NHPC,211,7.9,1666.9,157.2,1241.8799999999999,1.3,1666.9,45.0,38,14,2,1.2246467991473532e-16,-1.0,0.28625954198473286,0,32.0,5.333333333333333,2.186051276738094,630.0,630.0,15.719999999999999
13,22.0,3.0,6.0,1.0,0,2,Hyderabad,Jyoti Structure,317,8.4,2662.8,280.2,2353.68,1.1313347608850823,2662.8,135.0,20,0,0,0.8660254037844386,0.5000000000000001,0.48179871520342615,1,45.0,7.5,2.2407096892759584,0.0,0.0,16.48235294117647
22,22.0,3.0,9.0,1.0,0,6,Dahej,Kalpataru Power,418,7.6,3176.8,308.1,2341.56,1.3,3176.8,135.0,38,14,2,1.2246467991473532e-16,-1.0,0.43816942551119764,1,57.0,9.5,2.151762203259462,1890.0,1890.0,11.850000000000001
12,23.0,3.0,14.0,1.0,0,4,Nagpur,Sterlite Power Transmission Ltd,421,8.9,3746.9,306.6,2728.7400000000002,1.3,3746.9,135.0,30,6,1,0.8660254037844387,-0.4999999999999998,0.44031311154598823,1,53.0,8.833333333333334,2.2925347571405443,810.0,810.0,19.1625
19,23.0,3.0,10.0,1.0,0,11,Dahej,Reliance Power,428,7.6,3252.8,309.3,2350.68,1.3,3252.8,135.0,28,4,3,-0.5000000000000004,0.8660254037844384,0.4364694471387003,1,56.0,9.333333333333334,2.151762203259462,540.0,540.0,13.447826086956523
13,22.0,2.0,4.0,1.0,0,4,Shimla,Guj Ind Power,309,7.7,2379.3,229.2,1764.84,1.3,2379.3,90.0,30,6,1,0.8660254037844387,-0.4999999999999998,0.39267015706806285,0,42.0,7.0,2.163323025660538,540.0,540.0,14.325
6,19.0,3.0,10.0,1.0,0,9,Navi Mumbai,NTPC Pvt. Ltd.,361,9.3,3357.3,264.0,2455.2000000000003,1.3,3357.3,135.0,32,8,2,-1.0,-1.8369701987210297e-16,0.5113636363636364,1,39.0,6.5,2.33214389523559,1080.0,1080.0,26.4
11,22.0,2.0,7.0,1.0,0,7,Kolkata,NHPC,321,8.7,2792.7,234.0,2035.7999999999997,1.3,2792.7,90.0,32,8,2,-0.4999999999999997,-0.8660254037844388,0.38461538461538464,0,43.0,7.166666666666667,2.272125885509337,720.0,720.0,16.714285714285715
14,23.0,2.0,10.0,1.0,0,2,Chennai,NLC India,329,8.8,2895.2000000000003,253.8,2233.44,1.2962962962962963,2895.2000000000003,90.0,20,0,0,0.8660254037844386,0.5000000000000001,0.35460992907801414,0,50.0,8.333333333333334,2.2823823856765264,0.0,0.0,14.929411764705883
14,22.0,3.0,9.0,1.0,0,1,Mumbai,Ringfeder Power Transmission India Pvt. Ltd.,431,9.2,3965.2,291.3,2679.96,1.3,3965.2,135.0,20,0,0,0.49999999999999994,0.8660254037844387,0.4634397528321318,1,49.0,8.166666666666666,2.322387720290225,0.0,0.0,16.183333333333334
15,22.0,2.0,7.0,1.0,0,2,Kolkata,Tata Power Company Ltd.,311,8.7,2705.7,242.4,2108.8799999999997,1.2830033003300332,2705.7,90.0,20,0,0,0.8660254037844386,0.5000000000000001,0.3712871287128713,0,47.0,7.833333333333333,2.272125885509337,0.0,0.0,13.466666666666667
8,18.0,3.0,10.0,1.0,0,11,Ahmedabad,Sterlite Power Transmission Ltd,292,7.9,2306.8,263.7,2083.23,1.1073189230185818,2306.8,135.0,28,4,3,-0.5000000000000004,0.8660254037844384,0.5119453924914676,1,40.0,6.666666666666667,2.186051276738094,540.0,540.0,21.974999999999998
5,18.0,2.0,9.0,7.0,0,12,Hyderabad,Ringfeder Power Transmission India Pvt. Ltd.,307,8.4,2578.8,214.8,1804.3200000000002,1.3,2578.8,90.0,20,0,0,-2.4492935982947064e-16,1.0,0.41899441340782123,1,41.0,6.833333333333333,2.2407096892759584,0.0,0.0,26.85
7,23.0,2.0,5.0,1.0,0,4,Mumbai,Sunil Hitech Eng,322,9.2,2962.4,224.1,2061.72,1.3,2962.4,90.0,30,6,1,0.8660254037844387,-0.4999999999999998,0.40160642570281124,1,38.0,6.333333333333333,2.322387720290225,540.0,540.0,22.41
6,20.0,3.0,19.0,1.0,0,9,Dahej,Tata Power Company Ltd.,410,7.6,3116.0,295.5,2245.7999999999997,1.3,3116.0,135.0,32,8,2,-1.0,-1.8369701987210297e-16,0.45685279187817257,1,49.0,8.166666666666666,2.151762203259462,1080.0,1080.0,29.55
17,23.0,3.0,8.0,1.0,0,3,Hyderabad,Neueon Towers / Sujana Towers Ltd.,423,8.4,3553.2000000000003,299.1,2512.4400000000005,1.3,3553.2000000000003,135.0,30,6,1,1.0,6.123233995736766e-17,0.45135406218655966,1,52.0,8.666666666666666,2.2407096892759584,810.0,810.0,14.242857142857144
18,23.0,3.0,17.0,1.0,0,6,Gurgaon,Ratnagiri Gas and Power Pvt. Ltd. (RGPPL),485,8.3,4025.500000000001,328.2,2724.06,1.3,4025.500000000001,135.0,38,14,2,1.2246467991473532e-16,-1.0,0.4113345521023766,1,62.0,10.333333333333334,2.2300144001592104,1890.0,1890.0,14.918181818181818
6,20.0,2.0,16.0,1.0,0,5,Navi Mumbai,TransRail Lighting,354,9.3,3292.2000000000003,241.5,2245.9500000000003,1.3,3292.2000000000003,90.0,38,14,1,0.49999999999999994,-0.8660254037844387,0.37267080745341613,0,45.0,7.5,2.33214389523559,1260.0,1260.0,26.833333333333332
6,17.0,2.0,7.0,1.0,0,8,Noida,TransRail Lighting,274,8.2,2246.8,201.0,1648.1999999999998,1.3,2246.8,90.0,32,8,2,-0.8660254037844385,-0.5000000000000004,0.44776119402985076,1,33.0,5.5,2.2192034840549946,720.0,720.0,22.333333333333332
22,22.0,3.0,3.0,1.0,0,1,Mumbai,Bonfiglioli Transmission Pvt. Ltd.,402,9.2,3698.4,290.1,2668.92,1.3,3698.4,135.0,20,0,0,0.49999999999999994,0.8660254037844387,0.46535677352637017,1,51.0,8.5,2.322387720290225,0.0,0.0,11.157692307692308
6,18.0,1.0,9.0,1.0,0,1,Dahej,Reliance Power,228,7.6,1732.8,166.5,1265.3999999999999,1.3,1732.8,45.0,20,0,0,0.49999999999999994,0.8660254037844387,0.2702702702702703,0,35.0,5.833333333333333,2.151762203259462,0.0,0.0,20.8125
16,23.0,2.0,3.0,1.0,0,4,New Delhi,Neueon Towers / Sujana Towers Ltd.,352,8.5,2992.0,237.0,2014.5,1.3,2992.0,90.0,30,6,1,0.8660254037844387,-0.4999999999999998,0.379746835443038,0,45.0,7.5,2.2512917986064953,540.0,540.0,12.473684210526315
10,20.0,2.0,6.0,1.0,0,2,Kolkata,Orient Green,313,8.7,2723.1,219.9,1913.1299999999999,1.3,2723.1,90.0,20,0,0,0.8660254037844386,0.5000000000000001,0.4092769440654843,1,39.0,6.5,2.272125885509337,0.0,0.0,16.915384615384617
8,21.0,3.0,4.0,1.0,0,9,Nagpur,Optibelt Power Transmission India Private Limited,310,8.9,2759.0,259.2,2306.88,1.1959876543209875,2759.0,135.0,32,8,2,-1.0,-1.8369701987210297e-16,0.5208333333333334,1,37.0,6.166666666666667,2.2925347571405443,1080.0,1080.0,21.599999999999998
7,22.0,1.0,6.0,1.0,0,9,Nagpur,NLC India,250,8.9,2225.0,177.6,1580.64,1.3,2225.0,45.0,32,8,2,-1.0,-1.8369701987210297e-16,0.2533783783783784,0,37.0,6.166666666666667,2.2925347571405443,360.0,360.0,19.733333333333334
18,22.0,3.0,3.0,1.0,0,8,Kolkata,Jyoti Structure,387,8.7,3366.9,281.7,2450.7899999999995,1.3,3366.9,135.0,32,8,2,-0.8660254037844385,-0.5000000000000004,0.4792332268370607,1,47.0,7.833333333333333,2.272125885509337,1080.0,1080.0,12.804545454545455
15,22.0,3.0,16.0,1.0,0,9,Shimla,Adani Power Ltd.,443,7.7,3411.1,314.4,2420.8799999999997,1.3,3411.1,135.0,32,8,2,-1.0,-1.8369701987210297e-16,0.42938931297709926,1,57.0,9.5,2.163323025660538,1080.0,1080.0,16.54736842105263
5,20.0,3.0,17.0,1.0,0,9,Faridabad,Toshiba Transmission & Distribution Systems (India) Pvt. Ltd.,411,8.1,3329.1,287.4,2327.9399999999996,1.3,3329.1,135.0,32,8,2,-1.0,-1.8369701987210297e-16,0.4697286012526096,1,46.0,7.666666666666667,2.2082744135228043,1080.0,1080.0,31.93333333333333
5,22.0,2.0,8.0,1.0,0,2,Nagpur,Jyoti Structure,313,8.9,2785.7000000000003,224.4,1997.16,1.3,2785.7000000000003,90.0,20,0,0,0.8660254037844386,0.5000000000000001,0.40106951871657753,1,38.0,6.333333333333333,2.2925347571405443,0.0,0.0,28.05
6,17.0,3.0,7.0,1.0,0,9,Navi Mumbai,Optibelt Power Transmission India Private Limited,324,9.3,3013.2000000000003,246.0,2287.8,1.3,3013.2000000000003,135.0,32,8,2,-1.0,-1.8369701987210297e-16,0.5487804878048781,1,34.0,5.666666666666667,2.33214389523559,1080.0,1080.0,24.6
21,22.0,3.0,3.0,1.0,0,6,Shimla,NLC India,409,7.7,3149.3,288.0,2217.6,1.3,3149.3,135.0,38,14,2,1.2246467991473532e-16,-1.0,0.46875,1,50.0,8.333333333333334,2.163323025660538,1890.0,1890.0,11.52
14,23.0,3.0,12.0,1.0,0,4,Dahej,NHPC,422,7.6,3207.2,304.8,2316.48,1.3,3207.2,135.0,30,6,1,0.8660254037844387,-0.4999999999999998,0.44291338582677164,1,53.0,8.833333333333334,2.151762203259462,810.0,810.0,16.933333333333334
16,22.0,3.0,16.0,1.0,0,6,Kolkata,SJVN Ltd.,465,8.7,4045.5,316.5,2753.5499999999997,1.3,4045.5,135.0,38,14,2,1.2246467991473532e-16,-1.0,0.4265402843601896,1,58.0,9.666666666666666,2.272125885509337,1890.0,1890.0,15.825
10,20.0,1.0,4.0,1.0,0,2,Mumbai,Kalpataru Power,223,9.2,2051.6,168.9,1553.8799999999999,1.3,2051.6,45.0,20,0,0,0.8660254037844386,0.5000000000000001,0.2664298401420959,0,36.0,6.0,2.322387720290225,0.0,0.0,14.075000000000001
6,21.0,3.0,12.0,1.0,0,10,Faridabad,"Maha Transco – Maharashtra State Electricity Transmission Co, Ltd.",390,8.1,3159.0,279.0,2259.9,1.3,3159.0,135.0,28,4,3,-0.8660254037844386,0.5000000000000001,0.4838709677419355,1,43.0,7.166666666666667,2.2082744135228043,540.0,540.0,27.9
19,23.0,3.0,12.0,1.0,0,8,Hyderabad,Unitech Power Transmission Ltd.,465,8.4,3906.0,315.3,2648.52,1.3,3906.0,135.0,32,8,2,-0.8660254037844385,-0.5000000000000004,0.42816365366317793,1,58.0,9.666666666666666,2.2407096892759584,1080.0,1080.0,13.708695652173914
7,18.0,2.0,14.0,1.0,0,1,Chennai,Power Grid Corp,312,8.8,2745.6000000000004,228.6,2011.68,1.3,2745.6000000000004,90.0,20,0,0,0.49999999999999994,0.8660254037844387,0.3937007874015748,0,42.0,7.0,2.2823823856765264,0.0,0.0,22.86
13,22.0,3.0,4.0,1.0,0,2,Ahmedabad,Orient Green,358,7.9,2828.2000000000003,274.2,2166.18,1.3,2828.2000000000003,135.0,20,0,0,0.8660254037844386,0.5000000000000001,0.4923413566739606,1,43.0,7.166666666666667,2.186051276738094,0.0,0.0,16.129411764705882
5,23.0,3.0,5.0,7.0,0,6,Mumbai,Orient Green,400,9.2,3680.0,270.3,2486.7599999999998,1.3,3680.0,135.0,38,14,2,1.2246467991473532e-16,-1.0,0.49944506104328523,1,43.0,7.166666666666667,2.322387720290225,1890.0,1890.0,30.033333333333335
7,21.0,3.0,15.0,1.0,0,4,Shimla,Reliance Power,401,7.7,3087.7000000000003,290.1,2233.7700000000004,1.3,3087.7000000000003,135.0,30,6,1,0.8660254037844387,-0.4999999999999998,0.46535677352637017,1,47.0,7.833333333333333,2.163323025660538,810.0,810.0,26.372727272727275
20,22.0,3.0,5.0,1.0,0,1,New Delhi,"Maha Transco – Maharashtra State Electricity Transmission Co, Ltd.",393,8.5,3340.5,291.9,2481.1499999999996,1.3,3340.5,135.0,20,0,0,0.49999999999999994,0.8660254037844387,0.4624871531346352,1,51.0,8.5,2.2512917986064953,0.0,0.0,12.1625
13,22.0,2.0,10.0,1.0,0,2,Chennai,Orient Green,340,8.8,2992.0000000000005,247.2,2175.36,1.3,2992.0000000000005,90.0,20,0,0,0.8660254037844386,0.5000000000000001,0.3640776699029126,0,48.0,8.0,2.2823823856765264,0.0,0.0,15.45
6,22.0,3.0,8.0,1.0,0,9,Ratnagiri,SJVN Ltd.,334,7.4,2471.6,271.5,2009.1000000000001,1.2302025782688766,2471.6,135.0,32,8,2,-1.0,-1.8369701987210297e-16,0.4972375690607735,1,40.0,6.666666666666667,2.128231705849268,1080.0,1080.0,27.15
11,22.0,3.0,7.0,1.0,0,2,Gurgaon,NTPC Pvt. Ltd.,347,8.3,2880.1000000000004,279.0,2315.7000000000003,1.2437275985663083,2880.1000000000004,135.0,20,0,0,0.8660254037844386,0.5000000000000001,0.4838709677419355,1,44.0,7.333333333333333,2.2300144001592104,0.0,0.0,18.6
8,23.0,3.0,14.0,1.0,0,10,Kolkata,Tata Power Company Ltd.,446,8.7,3880.2,298.2,2594.3399999999997,1.3,3880.2,135.0,28,4,3,-0.8660254037844386,0.5000000000000001,0.45271629778672035,1,49.0,8.166666666666666,2.272125885509337,540.0,540.0,24.849999999999998
18,22.0,3.0,13.0,1.0,0,2,Chennai,Optibelt Power Transmission India Private Limited,463,8.8,4074.400000000001,311.7,2742.96,1.3,4074.400000000001,135.0,20,0,0,0.8660254037844386,0.5000000000000001,0.4331087584215592,1,57.0,9.5,2.2823823856765264,0.0,0.0,14.168181818181818
8,19.0,3.0,8.0,1.0,0,11,Vadodara,Indowind Energy,302,7.8,2355.6,262.2,2045.1599999999999,1.1517925247902365,2355.6,135.0,28,4,3,-0.5000000000000004,0.8660254037844384,0.5148741418764302,1,39.0,6.5,2.174751721484161,540.0,540.0,21.849999999999998
7,21.0,3.0,20.0,1.0,0,10,New Delhi,Ratnagiri Gas and Power Pvt. Ltd. (RGPPL),457,8.5,3884.5,305.1,2593.3500000000004,1.3,3884.5,135.0,28,4,3,-0.8660254037844386,0.5000000000000001,0.44247787610619466,1,52.0,8.666666666666666,2.2512917986064953,540.0,540.0,27.736363636363638
20,23.0,3.0,10.0,1.0,0,9,Faridabad,Tata Power Company Ltd.,440,8.1,3564.0,311.4,2522.3399999999997,1.3,3564.0,135.0,32,8,2,-1.0,-1.8369701987210297e-16,0.43352601156069365,1,57.0,9.5,2.2082744135228043,1080.0,1080.0,12.975
8,19.0,3.0,19.0,1.0,0,11,Shimla,KEC International,414,7.7,3187.8,295.2,2273.04,1.3,3187.8,135.0,28,4,3,-0.5000000000000004,0.8660254037844384,0.4573170731707317,1,50.0,8.333333333333334,2.163323025660538,540.0,540.0,24.599999999999998
11,23.0,3.0,13.0,1.0,0,4,Gurgaon,L&T Transmission & Distribution,405,8.3,3361.5000000000005,301.5,2502.4500000000003,1.3,3361.5000000000005,135.0,30,6,1,0.8660254037844387,-0.4999999999999998,0.44776119402985076,1,51.0,8.5,2.2300144001592104,810.0,810.0,20.1
7,23.0,3.0,3.0,1.0,0,11,Kolkata,Adani Power Ltd.,342,8.7,2975.4,263.1,2288.97,1.2998859749144813,2975.4,135.0,28,4,3,-0.5000000000000004,0.8660254037844384,0.5131128848346636,1,37.0,6.166666666666667,2.272125885509337,540.0,540.0,23.91818181818182
14,23.0,2.0,4.0,1.0,0,5,Ahmedabad,Kalpataru Power,352,7.9,2780.8,235.8,1862.8200000000002,1.3,2780.8,90.0,38,14,1,0.49999999999999994,-0.8660254037844387,0.38167938931297707,0,44.0,7.333333333333333,2.186051276738094,1260.0,1260.0,13.870588235294118
15,23.0,3.0,7.0,1.0,0,2,Dahej,NLC India,390,7.6,2964.0,291.9,2218.4399999999996,1.3,2964.0,135.0,20,0,0,0.8660254037844386,0.5000000000000001,0.4624871531346352,1,49.0,8.166666666666666,2.151762203259462,0.0,0.0,15.36315789473684
10,20.0,3.0,5.0,1.0,0,3,Pune,Unitech Power Transmission Ltd.,313,9.1,2848.3,261.9,2383.2899999999995,1.1951126384116078,2848.3,135.0,30,6,1,1.0,6.123233995736766e-17,0.5154639175257733,1,39.0,6.5,2.312535423847214,810.0,810.0,18.707142857142856
10,17.0,2.0,8.0,1.0,0,2,Chennai,NLC India,302,8.8,2657.6000000000004,212.4,1869.1200000000001,1.3,2657.6000000000004,90.0,20,0,0,0.8660254037844386,0.5000000000000001,0.423728813559322,1,38.0,6.333333333333333,2.2823823856765264,0.0,0.0,16.338461538461537
8,22.0,2.0,17.0,1.0,0,2,Faridabad,CESC,337,8.1,2729.7,257.7,2087.37,1.3,2729.7,90.0,20,0,0,0.8660254037844386,0.5000000000000001,0.3492433061699651,0,50.0,8.333333333333334,2.2082744135228043,0.0,0.0,23.427272727272726
11,22.0,1.0,4.0,1.0,0,2,Noida,Adani Power Ltd.,217,8.2,1779.4,180.0,1475.9999999999998,1.2055555555555557,1779.4,45.0,20,0,0,0.8660254037844386,0.5000000000000001,0.25,0,39.0,6.5,2.2192034840549946,0.0,0.0,13.846153846153847
7,18.0,3.0,6.0,7.0,0,8,Ratnagiri,Sunil Hitech Eng,352,7.4,2604.8,255.0,1887.0,1.3,2604.8,135.0,32,8,2,-0.8660254037844385,-0.5000000000000004,0.5294117647058824,1,41.0,6.833333333333333,2.128231705849268,1080.0,1080.0,23.181818181818183
5,17.0,3.0,4.0,1.0,0,11,Chennai,Torrent Power Ltd.,292,8.8,2569.6000000000004,234.9,2067.1200000000003,1.2430821626223925,2569.6000000000004,135.0,28,4,3,-0.5000000000000004,0.8660254037844384,0.5747126436781609,1,30.0,5.0,2.2823823856765264,540.0,540.0,26.1
11,23.0,2.0,6.0,1.0,0,11,Vadodara,KEC International,312,7.8,2433.6,235.5,1836.8999999999999,1.3,2433.6,90.0,28,4,3,-0.5000000000000004,0.8660254037844384,0.3821656050955414,0,43.0,7.166666666666667,2.174751721484161,360.0,360.0,16.821428571428573
19,22.0,3.0,4.0,1.0,0,3,Mumbai,Optibelt Power Transmission India Private Limited,413,9.2,3799.6,286.8,2638.56,1.3,3799.6,135.0,30,6,1,1.0,6.123233995736766e-17,0.4707112970711297,1,49.0,8.166666666666666,2.322387720290225,810.0,810.0,12.469565217391304
11,22.0,3.0,13.0,1.0,0,9,Chennai,Kalpataru Power,437,8.8,3845.6,297.0,2613.6000000000004,1.3,3845.6,135.0,32,8,2,-1.0,-1.8369701987210297e-16,0.45454545454545453,1,50.0,8.333333333333334,2.2823823856765264,1080.0,1080.0,19.8
16,23.0,3.0,8.0,1.0,0,1,New Delhi,L&T Transmission & Distribution,443,8.5,3765.5,297.0,2524.5,1.3,3765.5,135.0,20,0,0,0.49999999999999994,0.8660254037844387,0.45454545454545453,1,51.0,8.5,2.2512917986064953,0.0,0.0,14.85
20,22.0,3.0,4.0,1.0,0,2,Pune,KEC International,385,9.1,3503.5,288.9,2628.99,1.3,3503.5,135.0,20,0,0,0.8660254037844386,0.5000000000000001,0.4672897196261683,1,50.0,8.333333333333334,2.312535423847214,0.0,0.0,12.0375
14,23.0,1.0,5.0,1.0,0,2,Dahej,KEC International,290,7.6,2204.0,193.8,1472.88,1.3,2204.0,45.0,20,0,0,0.8660254037844386,0.5000000000000001,0.23219814241486067,0,44.0,7.333333333333333,2.151762203259462,0.0,0.0,12.1125
16,23.0,3.0,4.0,1.0,0,6,New Delhi,Reliance Energy,392,8.5,3332.0,285.0,2422.5,1.3,3332.0,135.0,38,14,2,1.2246467991473532e-16,-1.0,0.47368421052631576,1,47.0,7.833333333333333,2.2512917986064953,1890.0,1890.0,14.25
18,22.0,2.0,7.0,1.0,0,9,Gurgaon,Sunil Hitech Eng,347,8.3,2880.1000000000004,248.7,2064.21,1.3,2880.1000000000004,90.0,32,8,2,-1.0,-1.8369701987210297e-16,0.3618817852834741,0,50.0,8.333333333333334,2.2300144001592104,720.0,720.0,11.842857142857142
9,22.0,3.0,6.0,7.0,0,3,Noida,Reliance Power,415,8.2,3402.9999999999995,277.2,2273.0399999999995,1.3,3402.9999999999995,135.0,30,6,1,1.0,6.123233995736766e-17,0.487012987012987,1,47.0,7.833333333333333,2.2192034840549946,810.0,810.0,21.323076923076922
15,23.0,3.0,8.0,1.0,0,4,Dahej,Orient Green,410,7.6,3116.0,294.9,2241.24,1.3,3116.0,135.0,30,6,1,0.8660254037844387,-0.4999999999999998,0.45778229908443546,1,50.0,8.333333333333334,2.151762203259462,810.0,810.0,15.521052631578947
6,21.0,3.0,12.0,1.0,0,2,Pune,Orient Green,321,9.1,2921.1,279.0,2538.9,1.150537634408602,2921.1,135.0,20,0,0,0.8660254037844386,0.5000000000000001,0.4838709677419355,1,43.0,7.166666666666667,2.312535423847214,0.0,0.0,27.9
16,23.0,3.0,12.0,1.0,0,6,Ahmedabad,Toshiba Transmission & Distribution Systems (India) Pvt. Ltd.,444,7.9,3507.6000000000004,309.0,2441.1,1.3,3507.6000000000004,135.0,38,14,2,1.2246467991473532e-16,-1.0,0.4368932038834951,1,55.0,9.166666666666666,2.186051276738094,1890.0,1890.0,15.45
14,22.0,3.0,3.0,1.0,0,12,Nagpur,JSW Energy Ltd.,369,8.9,3284.1,273.3,2432.3700000000003,1.3,3284.1,135.0,20,0,0,-2.4492935982947064e-16,1.0,0.49396267837541163,1,43.0,7.166666666666667,2.2925347571405443,0.0,0.0,15.183333333333334
10,19.0,2.0,3.0,1.0,0,8,Dahej,Adani Power Ltd.,245,7.6,1862.0,206.4,1568.6399999999999,1.187015503875969,1862.0,90.0,32,8,2,-0.8660254037844385,-0.5000000000000004,0.436046511627907,1,35.0,5.833333333333333,2.151762203259462,720.0,720.0,15.876923076923077
6,20.0,2.0,5.0,1.0,0,7,Nagpur,Reliance Power,246,8.9,2189.4,208.5,1855.65,1.1798561151079137,2189.4,90.0,32,8,2,-0.4999999999999997,-0.8660254037844388,0.4316546762589928,1,34.0,5.666666666666667,2.2925347571405443,720.0,720.0,23.166666666666668
13,23.0,3.0,9.0,1.0,0,4,Kolkata,Indowind Energy,400,8.7,3479.9999999999995,293.7,2555.1899999999996,1.3,3479.9999999999995,135.0,30,6,1,0.8660254037844387,-0.4999999999999998,0.4596527068437181,1,49.0,8.166666666666666,2.272125885509337,810.0,810.0,17.276470588235295
10,19.0,1.0,7.0,1.0,0,8,Pune,"Maha Transco – Maharashtra State Electricity Transmission Co, Ltd.",251,9.1,2284.1,173.4,1577.94,1.3,2284.1,45.0,32,8,2,-0.8660254037844385,-0.5000000000000004,0.25951557093425603,0,38.0,6.333333333333333,2.312535423847214,360.0,360.0,14.450000000000001
12,22.0,3.0,15.0,1.0,0,11,Nagpur,NLC India,433,8.9,3853.7,305.1,2715.3900000000003,1.3,3853.7,135.0,28,4,3,-0.5000000000000004,0.8660254037844384,0.44247787610619466,1,53.0,8.833333333333334,2.2925347571405443,540.0,540.0,19.06875
9,19.0,3.0,9.0,1.0,0,8,Kolkata,TransRail Lighting,326,8.7,2836.2,267.3,2325.5099999999998,1.219603441825664,2836.2,135.0,32,8,2,-0.8660254037844385,-0.5000000000000004,0.5050505050505051,1,41.0,6.833333333333333,2.272125885509337,1080.0,1080.0,20.56153846153846
15,22.0,2.0,3.0,1.0,0,10,Noida,L&T Transmission & Distribution,334,8.2,2738.8,230.4,1889.28,1.3,2738.8,90.0,28,4,3,-0.8660254037844386,0.5000000000000001,0.390625,0,43.0,7.166666666666667,2.2192034840549946,360.0,360.0,12.8
6,20.0,3.0,10.0,1.0,0,6,Chennai,Kalpataru Power,339,8.8,2983.2000000000003,268.5,2362.8,1.2625698324022347,2983.2000000000003,135.0,38,14,2,1.2246467991473532e-16,-1.0,0.5027932960893855,1,40.0,6.666666666666667,2.2823823856765264,1890.0,1890.0,26.85
15,22.0,3.0,3.0,1.0,0,2,Vadodara,Jyoti Structure,316,7.8,2464.8,275.4,2148.12,1.1474219317356573,2464.8,135.0,20,0,0,0.8660254037844386,0.5000000000000001,0.4901960784313726,1,44.0,7.333333333333333,2.174751721484161,0.0,0.0,14.494736842105262
9,18.0,3.0,3.0,1.0,0,5,Noida,"Maha Transco – Maharashtra State Electricity Transmission Co, Ltd.",346,8.2,2837.2,244.8,2007.36,1.3,2837.2,135.0,38,14,1,0.49999999999999994,-0.8660254037844387,0.551470588235294,1,34.0,5.666666666666667,2.2192034840549946,1890.0,1890.0,18.83076923076923
10,17.0,3.0,3.0,1.0,0,11,Ratnagiri,Tata Power Company Ltd.,291,7.4,2153.4,242.4,1793.7600000000002,1.2004950495049505,2153.4,135.0,28,4,3,-0.5000000000000004,0.8660254037844384,0.5569306930693069,1,34.0,5.666666666666667,2.128231705849268,540.0,540.0,17.314285714285713
6,20.0,3.0,20.0,1.0,0,12,Gurgaon,Orient Green,422,8.3,3502.6000000000004,298.5,2477.55,1.3,3502.6000000000004,135.0,20,0,0,-2.4492935982947064e-16,1.0,0.45226130653266333,1,50.0,8.333333333333334,2.2300144001592104,0.0,0.0,29.85
5,17.0,3.0,19.0,1.0,0,7,Navi Mumbai,Indowind Energy,382,9.3,3552.6000000000004,279.9,2603.07,1.3,3552.6000000000004,135.0,32,8,2,-0.4999999999999997,-0.8660254037844388,0.482315112540193,1,45.0,7.5,2.33214389523559,1080.0,1080.0,31.099999999999998
11,23.0,1.0,10.0,1.0,0,2,Vadodara,Toshiba Transmission & Distribution Systems (India) Pvt. Ltd.,283,7.8,2207.4,202.5,1579.5,1.3,2207.4,45.0,20,0,0,0.8660254037844386,0.5000000000000001,0.2222222222222222,0,46.0,7.666666666666667,2.174751721484161,0.0,0.0,15.576923076923077
9,21.0,3.0,18.0,1.0,0,12,Nagpur,GE T&D India Limited,438,8.9,3898.2,303.3,2699.3700000000003,1.3,3898.2,135.0,20,0,0,-2.4492935982947064e-16,1.0,0.44510385756676557,1,52.0,8.666666666666666,2.2925347571405443,0.0,0.0,23.33076923076923
20,22.0,3.0,6.0,1.0,0,7,Ratnagiri,Jaiprakash Power,420,7.4,3108.0,294.9,2182.2599999999998,1.3,3108.0,135.0,32,8,2,-0.4999999999999997,-0.8660254037844388,0.45778229908443546,1,52.0,8.666666666666666,2.128231705849268,1080.0,1080.0,12.2875
5,20.0,2.0,16.0,1.0,0,2,Hyderabad,Orient Green,307,8.4,2578.8,239.4,2010.96,1.282372598162072,2578.8,90.0,20,0,0,0.8660254037844386,0.5000000000000001,0.37593984962406013,0,44.0,7.333333333333333,2.2407096892759584,0.0,0.0,29.925
7,22.0,2.0,4.0,1.0,0,2,Pune,NLC India,223,9.1,2029.3,216.6,1971.06,1.0295475530932594,2029.3,90.0,20,0,0,0.8660254037844386,0.5000000000000001,0.41551246537396125,1,36.0,6.0,2.312535423847214,0.0,0.0,21.66
12,22.0,3.0,9.0,1.0,0,10,Ahmedabad,Sunil Hitech Eng,429,7.9,3389.1000000000004,287.1,2268.09,1.3,3389.1000000000004,135.0,28,4,3,-0.8660254037844386,0.5000000000000001,0.47021943573667707,1,47.0,7.833333333333333,2.186051276738094,540.0,540.0,17.94375
8,17.0,3.0,16.0,1.0,0,6,Kolkata,Torrent Power Ltd.,360,8.7,3131.9999999999995,277.2,2411.64,1.2987012987012987,3131.9999999999995,135.0,38,14,2,1.2246467991473532e-16,-1.0,0.487012987012987,1,45.0,7.5,2.272125885509337,1890.0,1890.0,23.099999999999998
8,19.0,3.0,4.0,1.0,0,11,Gurgaon,Neueon Towers / Sujana Towers Ltd.,327,8.3,2714.1000000000004,250.2,2076.6600000000003,1.3,2714.1000000000004,135.0,28,4,3,-0.5000000000000004,0.8660254037844384,0.539568345323741,1,35.0,5.833333333333333,2.2300144001592104,540.0,540.0,20.849999999999998
5,21.0,3.0,13.0,1.0,0,6,Hyderabad,Ringfeder Power Transmission India Pvt. Ltd.,413,8.4,3469.2000000000003,279.9,2351.16,1.3,3469.2000000000003,135.0,38,14,2,1.2246467991473532e-16,-1.0,0.482315112540193,1,43.0,7.166666666666667,2.2407096892759584,1890.0,1890.0,31.099999999999998
5,21.0,2.0,14.0,1.0,0,11,Kolkata,Torrent Power Ltd.,349,8.7,3036.3,237.9,2069.73,1.3,3036.3,90.0,28,4,3,-0.5000000000000004,0.8660254037844384,0.37831021437578816,0,43.0,7.166666666666667,2.272125885509337,360.0,360.0,29.7375
18,22.0,2.0,3.0,1.0,0,6,Chennai,Toshiba Transmission & Distribution Systems (India) Pvt. Ltd.,316,8.8,2780.8,236.7,2082.96,1.3,2780.8,90.0,38,14,2,1.2246467991473532e-16,-1.0,0.3802281368821293,0,46.0,7.666666666666667,2.2823823856765264,1260.0,1260.0,11.27142857142857
12,23.0,3.0,7.0,1.0,0,12,Ahmedabad,NLC India,407,7.9,3215.3,285.6,2256.2400000000002,1.3,3215.3,135.0,20,0,0,-2.4492935982947064e-16,1.0,0.4726890756302521,1,46.0,7.666666666666667,2.186051276738094,0.0,0.0,17.85
12,22.0,1.0,5.0,1.0,0,11,Ahmedabad,NLC India,268,7.9,2117.2000000000003,185.1,1462.29,1.3,2117.2000000000003,45.0,28,4,3,-0.5000000000000004,0.8660254037844384,0.24311183144246354,0,41.0,6.833333333333333,2.186051276738094,180.0,180.0,13.221428571428572
15,22.0,3.0,9.0,1.0,0,5,Chennai,Guj Ind Power,412,8.8,3625.6,293.4,2581.92,1.3,3625.6,135.0,38,14,1,0.49999999999999994,-0.8660254037844387,0.4601226993865031,1,50.0,8.333333333333334,2.2823823856765264,1890.0,1890.0,15.442105263157893
6,22.0,2.0,20.0,1.0,0,2,Ahmedabad,Jyoti Structure,374,7.9,2954.6,262.5,2073.75,1.3,2954.6,90.0,20,0,0,0.8660254037844386,0.5000000000000001,0.34285714285714286,0,51.0,8.5,2.186051276738094,0.0,0.0,29.166666666666668
11,22.0,2.0,5.0,1.0,0,11,Shimla,Kalpataru Power,296,7.7,2279.2000000000003,228.0,1755.6000000000001,1.2982456140350878,2279.2000000000003,90.0,28,4,3,-0.5000000000000004,0.8660254037844384,0.39473684210526316,0,41.0,6.833333333333333,2.163323025660538,360.0,360.0,16.285714285714285
14,22.0,3.0,6.0,1.0,0,9,Kolkata,TransRail Lighting,412,8.7,3584.4,282.3,2456.0099999999998,1.3,3584.4,135.0,32,8,2,-1.0,-1.8369701987210297e-16,0.4782146652497343,1,46.0,7.666666666666667,2.272125885509337,1080.0,1080.0,15.683333333333334
5,17.0,3.0,15.0,1.0,0,2,Navi Mumbai,Bonfiglioli Transmission Pvt. Ltd.,266,9.3,2473.8,267.9,2491.47,0.9929078014184398,2473.8,135.0,20,0,0,0.8660254037844386,0.5000000000000001,0.503919372900336,1,41.0,6.833333333333333,2.33214389523559,0.0,0.0,29.766666666666666
19,22.0,3.0,7.0,1.0,0,4,Ahmedabad,NHPC,384,7.9,3033.6000000000004,295.8,2336.82,1.2981744421906694,3033.6000000000004,135.0,30,6,1,0.8660254037844387,-0.4999999999999998,0.4563894523326572,1,52.0,8.666666666666666,2.186051276738094,810.0,810.0,12.860869565217392
9,19.0,2.0,4.0,7.0,0,4,Kolkata,Tata Power Company Ltd.,306,8.7,2662.2,212.7,1850.4899999999998,1.3,2662.2,90.0,30,6,1,0.8660254037844387,-0.4999999999999998,0.4231311706629055,1,41.0,6.833333333333333,2.272125885509337,540.0,540.0,17.724999999999998
9,19.0,3.0,17.0,1.0,0,3,Faridabad,Optibelt Power Transmission India Private Limited,386,8.1,3126.6,291.3,2359.53,1.3,3126.6,135.0,30,6,1,1.0,6.123233995736766e-17,0.4634397528321318,1,49.0,8.166666666666666,2.2082744135228043,810.0,810.0,22.407692307692308
10,19.0,3.0,10.0,1.0,0,4,Hyderabad,Bonfiglioli Transmission Pvt. Ltd.,325,8.4,2730.0,272.4,2288.16,1.1930983847283407,2730.0,135.0,30,6,1,0.8660254037844387,-0.4999999999999998,0.4955947136563877,1,43.0,7.166666666666667,2.2407096892759584,810.0,810.0,19.457142857142856
7,20.0,1.0,8.0,1.0,0,8,Navi Mumbai,Reliance Power,252,9.3,2343.6000000000004,174.6,1623.78,1.3,2343.6000000000004,45.0,32,8,2,-0.8660254037844385,-0.5000000000000004,0.2577319587628866,0,37.0,6.166666666666667,2.33214389523559,360.0,360.0,19.4
6,20.0,3.0,5.0,7.0,0,2,New Delhi,Jaiprakash Power,287,8.5,2439.5,258.9,2200.6499999999996,1.1085361143298573,2439.5,135.0,20,0,0,0.8660254037844386,0.5000000000000001,0.5214368482039398,1,41.0,6.833333333333333,2.2512917986064953,0.0,0.0,25.889999999999997
15,22.0,3.0,13.0,1.0,0,6,Gurgaon,NHPC,454,8.3,3768.2,305.4,2534.82,1.3,3768.2,135.0,38,14,2,1.2246467991473532e-16,-1.0,0.4420432220039293,1,54.0,9.0,2.2300144001592104,1890.0,1890.0,16.073684210526313
14,23.0,3.0,4.0,1.0,0,2,Noida,Guj Ind Power,385,8.2,3156.9999999999995,280.8,2302.56,1.3,3156.9999999999995,135.0,20,0,0,0.8660254037844386,0.5000000000000001,0.4807692307692307,1,45.0,7.5,2.2192034840549946,0.0,0.0,15.600000000000001
6,19.0,1.0,4.0,1.0,0,12,Chennai,Optibelt Power Transmission India Private Limited,229,8.8,2015.2000000000005,156.0,1372.8000000000002,1.3,2015.2000000000005,45.0,20,0,0,-2.4492935982947064e-16,1.0,0.28846153846153844,0,31.0,5.166666666666667,2.2823823856765264,0.0,0.0,19.5
5,17.0,2.0,16.0,1.0,0,2,Vadodara,Torrent Power Ltd.,337,7.8,2628.6,225.9,1762.02,1.3,2628.6,90.0,20,0,0,0.8660254037844386,0.5000000000000001,0.398406374501992,0,41.0,6.833333333333333,2.174751721484161,0.0,0.0,28.2375
14,23.0,2.0,17.0,1.0,0,2,Noida,NTPC Pvt. Ltd.,400,8.2,3279.9999999999995,274.8,2253.3599999999997,1.3,3279.9999999999995,90.0,20,0,0,0.8660254037844386,0.5000000000000001,0.32751091703056767,0,57.0,9.5,2.2192034840549946,0.0,0.0,16.16470588235294
8,19.0,2.0,9.0,1.0,0,6,New Delhi,TransRail Lighting,286,8.5,2431.0,220.2,1871.6999999999998,1.298819255222525,2431.0,90.0,38,14,2,1.2246467991473532e-16,-1.0,0.40871934604904636,1,39.0,6.5,2.2512917986064953,1260.0,1260.0,20.018181818181816
15,23.0,2.0,7.0,1.0,0,2,Nagpur,"Maha Transco – Maharashtra State Electricity Transmission Co, Ltd.",352,8.9,3132.8,246.9,2197.4100000000003,1.3,3132.8,90.0,20,0,0,0.8660254037844386,0.5000000000000001,0.3645200486026731,0,48.0,8.0,2.2925347571405443,0.0,0.0,13.716666666666667
8,20.0,3.0,7.0,1.0,0,3,Vadodara,Toshiba Transmission & Distribution Systems (India) Pvt. Ltd.,372,7.8,2901.6,263.7,2056.8599999999997,1.3,2901.6,135.0,30,6,1,1.0,6.123233995736766e-17,0.5119453924914676,1,39.0,6.5,2.174751721484161,810.0,810.0,21.974999999999998
10,19.0,1.0,12.0,1.0,0,2,Pune,KEC International,236,9.1,2147.6,188.4,1714.44,1.2526539278131634,2147.6,45.0,20,0,0,0.8660254037844386,0.5000000000000001,0.23885350318471338,0,43.0,7.166666666666667,2.312535423847214,0.0,0.0,15.700000000000001
9,20.0,3.0,5.0,1.0,0,1,Shimla,NHPC,374,7.7,2879.8,259.8,2000.46,1.3,2879.8,135.0,20,0,0,0.49999999999999994,0.8660254037844387,0.5196304849884527,1,38.0,6.333333333333333,2.163323025660538,0.0,0.0,19.984615384615385
15,23.0,3.0,6.0,1.0,0,4,Kolkata,Ratnagiri Gas and Power Pvt. Ltd. (RGPPL),417,8.7,3627.9,288.9,2513.4299999999994,1.3,3627.9,135.0,30,6,1,0.8660254037844387,-0.4999999999999998,0.4672897196261683,1,48.0,8.0,2.272125885509337,810.0,810.0,15.205263157894736
8,17.0,2.0,6.0,1.0,0,11,Kolkata,Reliance Energy,208,8.7,1809.6,202.2,1759.1399999999996,1.0286844708209695,1809.6,90.0,28,4,3,-0.5000000000000004,0.8660254037844384,0.4451038575667656,1,34.0,5.666666666666667,2.272125885509337,360.0,360.0,18.38181818181818
14,22.0,3.0,4.0,1.0,0,8,Shimla,JSW Energy Ltd.,369,7.7,2841.3,276.3,2127.51,1.3,2841.3,135.0,32,8,2,-0.8660254037844385,-0.5000000000000004,0.48859934853420195,1,44.0,7.333333333333333,2.163323025660538,1080.0,1080.0,15.350000000000001
6,22.0,2.0,4.0,1.0,0,9,Ahmedabad,Adani Power Ltd.,296,7.9,2338.4,214.5,1694.5500000000002,1.3,2338.4,90.0,32,8,2,-1.0,-1.8369701987210297e-16,0.4195804195804196,1,35.0,5.833333333333333,2.186051276738094,720.0,720.0,23.833333333333332
7,17.0,3.0,8.0,1.0,0,7,Kolkata,KEC International,261,8.7,2270.7,251.1,2184.5699999999997,1.039426523297491,2270.7,135.0,32,8,2,-0.4999999999999997,-0.8660254037844388,0.5376344086021505,1,36.0,6.0,2.272125885509337,1080.0,1080.0,22.827272727272728
12,23.0,3.0,10.0,1.0,0,5,Noida,Jyoti Structure,418,8.2,3427.6,294.6,2415.72,1.3,3427.6,135.0,38,14,1,0.49999999999999994,-0.8660254037844387,0.4582484725050916,1,49.0,8.166666666666666,2.2192034840549946,1890.0,1890.0,18.4125
17,23.0,3.0,11.0,1.0,0,6,Gurgaon,Optibelt Power Transmission India Private Limited,439,8.3,3643.7,308.1,2557.2300000000005,1.3,3643.7,135.0,38,14,2,1.2246467991473532e-16,-1.0,0.43816942551119764,1,55.0,9.166666666666666,2.2300144001592104,1890.0,1890.0,14.671428571428573
19,23.0,3.0,4.0,1.0,0,10,Vadodara,Toshiba Transmission & Distribution Systems (India) Pvt. Ltd.,418,7.8,3260.4,291.3,2272.14,1.3,3260.4,135.0,28,4,3,-0.8660254037844386,0.5000000000000001,0.4634397528321318,1,50.0,8.333333333333334,2.174751721484161,540.0,540.0,12.665217391304349
6,21.0,3.0,7.0,1.0,0,4,Faridabad,Unitech Power Transmission Ltd.,394,8.1,3191.4,264.0,2138.4,1.3,3191.4,135.0,30,6,1,0.8660254037844387,-0.4999999999999998,0.5113636363636364,1,38.0,6.333333333333333,2.2082744135228043,810.0,810.0,26.4
5,19.0,2.0,3.0,1.0,0,9,Faridabad,Power Grid Corp,263,8.1,2130.3,195.9,1586.79,1.3,2130.3,90.0,32,8,2,-1.0,-1.8369701987210297e-16,0.4594180704441041,1,30.0,5.0,2.2082744135228043,720.0,720.0,24.4875
16,23.0,3.0,11.0,1.0,0,10,Gurgaon,Reliance Power,450,8.3,3735.000000000001,306.0,2539.8,1.3,3735.000000000001,135.0,28,4,3,-0.8660254037844386,0.5000000000000001,0.4411764705882353,1,54.0,9.0,2.2300144001592104,540.0,540.0,15.3
5,21.0,3.0,5.0,1.0,0,11,Noida,Adani Power Ltd.,361,8.2,2960.2,255.9,2098.3799999999997,1.3,2960.2,135.0,28,4,3,-0.5000000000000004,0.8660254037844384,0.5275498241500586,1,35.0,5.833333333333333,2.2192034840549946,540.0,540.0,28.433333333333334
7,20.0,2.0,13.0,1.0,0,12,Navi Mumbai,Adani Power Ltd.,323,9.3,3003.9,234.6,2181.78,1.3,3003.9,90.0,20,0,0,-2.4492935982947064e-16,1.0,0.3836317135549872,0,43.0,7.166666666666667,2.33214389523559,0.0,0.0,23.46
10,22.0,3.0,5.0,7.0,0,2,Ratnagiri,Toshiba Transmission & Distribution Systems (India) Pvt. Ltd.,382,7.4,2826.8,276.3,2044.6200000000001,1.3,2826.8,135.0,20,0,0,0.8660254037844386,0.5000000000000001,0.48859934853420195,1,47.0,7.833333333333333,2.128231705849268,0.0,0.0,19.735714285714288
13,22.0,3.0,8.0,1.0,0,8,Gurgaon,Ringfeder Power Transmission India Pvt. Ltd.,403,8.3,3344.9,286.2,2375.46,1.3,3344.9,135.0,32,8,2,-0.8660254037844385,-0.5000000000000004,0.4716981132075472,1,47.0,7.833333333333333,2.2300144001592104,1080.0,1080.0,16.83529411764706
5,17.0,3.0,12.0,1.0,0,10,Faridabad,TransRail Lighting,304,8.1,2462.4,258.9,2097.0899999999997,1.174198532251835,2462.4,135.0,28,4,3,-0.8660254037844386,0.5000000000000001,0.5214368482039398,1,38.0,6.333333333333333,2.2082744135228043,540.0,540.0,28.766666666666666
9,19.0,3.0,5.0,1.0,0,5,Chennai,Power Grid Corp,362,8.8,3185.6000000000004,255.3,2246.6400000000003,1.3,3185.6000000000004,135.0,38,14,1,0.49999999999999994,-0.8660254037844387,0.5287896592244418,1,37.0,6.166666666666667,2.2823823856765264,1890.0,1890.0,19.638461538461538
9,22.0,3.0,15.0,1.0,0,10,Nagpur,L&T Transmission & Distribution,446,8.9,3969.4,298.8,2659.32,1.3,3969.4,135.0,28,4,3,-0.8660254037844386,0.5000000000000001,0.4518072289156626,1,50.0,8.333333333333334,2.2925347571405443,540.0,540.0,22.984615384615385
13,22.0,3.0,4.0,1.0,0,6,Shimla,NTPC Pvt. Ltd.,319,7.7,2456.3,274.2,2111.34,1.1633843909555068,2456.3,135.0,38,14,2,1.2246467991473532e-16,-1.0,0.4923413566739606,1,43.0,7.166666666666667,2.163323025660538,1890.0,1890.0,16.129411764705882
6,21.0,2.0,9.0,1.0,0,12,Shimla,Optibelt Power Transmission India Private Limited,301,7.7,2317.7000000000003,225.0,1732.5,1.3,2317.7000000000003,90.0,20,0,0,-2.4492935982947064e-16,1.0,0.4,0,39.0,6.5,2.163323025660538,0.0,0.0,25.0
7,17.0,3.0,22.0,1.0,0,9,Ahmedabad,JSW Energy Ltd.,419,7.9,3310.1000000000004,293.1,2315.4900000000002,1.3,3310.1000000000004,135.0,32,8,2,-1.0,-1.8369701987210297e-16,0.4605936540429887,1,50.0,8.333333333333334,2.186051276738094,1080.0,1080.0,26.645454545454548
9,18.0,1.0,6.0,1.0,0,2,Shimla,Orient Green,237,7.7,1824.9,163.8,1261.2600000000002,1.3,1824.9,45.0,20,0,0,0.8660254037844386,0.5000000000000001,0.2747252747252747,0,35.0,5.833333333333333,2.163323025660538,0.0,0.0,14.890909090909092
12,22.0,2.0,9.0,1.0,0,5,Dahej,Jyoti Structure,346,7.6,2629.6,242.1,1839.9599999999998,1.3,2629.6,90.0,38,14,1,0.49999999999999994,-0.8660254037844387,0.3717472118959108,0,46.0,7.666666666666667,2.151762203259462,1260.0,1260.0,16.14
19,23.0,3.0,10.0,1.0,0,9,Noida,SJVN Ltd.,454,8.2,3722.8,309.3,2536.2599999999998,1.3,3722.8,135.0,32,8,2,-1.0,-1.8369701987210297e-16,0.4364694471387003,1,56.0,9.333333333333334,2.2192034840549946,1080.0,1080.0,13.447826086956523
15,22.0,3.0,9.0,1.0,0,1,Mumbai,"Maha Transco – Maharashtra State Electricity Transmission Co, Ltd.",402,9.2,3698.4,293.4,2699.2799999999997,1.3,3698.4,135.0,20,0,0,0.49999999999999994,0.8660254037844387,0.4601226993865031,1,50.0,8.333333333333334,2.322387720290225,0.0,0.0,15.442105263157893
5,20.0,3.0,7.0,1.0,0,4,Ratnagiri,L&T Transmission & Distribution,291,7.4,2153.4,257.4,1904.76,1.1305361305361306,2153.4,135.0,30,6,1,0.8660254037844387,-0.4999999999999998,0.5244755244755245,1,36.0,6.0,2.128231705849268,810.0,810.0,28.599999999999998
7,19.0,3.0,9.0,1.0,0,12,Ahmedabad,NHPC,326,7.9,2575.4,263.1,2078.4900000000002,1.2390725959711135,2575.4,135.0,20,0,0,-2.4492935982947064e-16,1.0,0.5131128848346636,1,39.0,6.5,2.186051276738094,0.0,0.0,23.91818181818182
6,18.0,1.0,3.0,1.0,0,12,Mumbai,Guj Ind Power,215,9.2,1978.0,148.5,1366.1999999999998,1.3,1978.0,45.0,20,0,0,-2.4492935982947064e-16,1.0,0.30303030303030304,0,29.0,4.833333333333333,2.322387720290225,0.0,0.0,18.5625
7,22.0,3.0,6.0,1.0,0,3,Ratnagiri,Indowind Energy,340,7.4,2516.0,267.6,1980.2400000000002,1.2705530642750371,2516.0,135.0,30,6,1,1.0,6.123233995736766e-17,0.5044843049327353,1,39.0,6.5,2.128231705849268,810.0,810.0,24.327272727272728
16,22.0,2.0,4.0,1.0,0,1,Ratnagiri,Jaiprakash Power,337,7.4,2493.8,235.5,1742.7,1.3,2493.8,90.0,20,0,0,0.49999999999999994,0.8660254037844387,0.3821656050955414,0,45.0,7.5,2.128231705849268,0.0,0.0,12.394736842105264
5,19.0,1.0,3.0,1.0,0,4,Pune,Torrent Power Ltd.,219,9.1,1992.9,150.9,1373.19,1.3,1992.9,45.0,30,6,1,0.8660254037844387,-0.4999999999999998,0.2982107355864811,0,29.0,4.833333333333333,2.312535423847214,270.0,270.0,21.557142857142857
6,20.0,3.0,12.0,1.0,0,1,Faridabad,Sunil Hitech Eng,348,8.1,2818.8,274.5,2223.45,1.2677595628415301,2818.8,135.0,20,0,0,0.49999999999999994,0.8660254037844387,0.4918032786885246,1,42.0,7.0,2.2082744135228043,0.0,0.0,27.45
6,17.0,3.0,3.0,1.0,0,9,Gurgaon,Ratnagiri Gas and Power Pvt. Ltd. (RGPPL),284,8.3,2357.2000000000003,234.0,1942.2000000000003,1.2136752136752136,2357.2000000000003,135.0,32,8,2,-1.0,-1.8369701987210297e-16,0.5769230769230769,1,30.0,5.0,2.2300144001592104,1080.0,1080.0,23.4
11,23.0,3.0,4.0,1.0,0,9,Dahej,NHPC,344,7.6,2614.4,274.5,2086.2,1.2531876138433518,2614.4,135.0,32,8,2,-1.0,-1.8369701987210297e-16,0.4918032786885246,1,42.0,7.0,2.151762203259462,1080.0,1080.0,18.3
15,22.0,2.0,8.0,1.0,0,2,Ratnagiri,Bonfiglioli Transmission Pvt. Ltd.,332,7.4,2456.8,245.4,1815.96,1.3,2456.8,90.0,20,0,0,0.8660254037844386,0.5000000000000001,0.3667481662591687,0,48.0,8.0,2.128231705849268,0.0,0.0,13.633333333333333
8,19.0,1.0,6.0,1.0,0,9,Ratnagiri,Reliance Power,243,7.4,1798.2,166.2,1229.8799999999999,1.3,1798.2,45.0,32,8,2,-1.0,-1.8369701987210297e-16,0.27075812274368233,0,35.0,5.833333333333333,2.128231705849268,360.0,360.0,16.619999999999997
6,22.0,2.0,3.0,1.0,0,6,Ratnagiri,CESC,311,7.4,2301.4,211.5,1565.1000000000001,1.3,2301.4,90.0,38,14,2,1.2246467991473532e-16,-1.0,0.425531914893617,1,34.0,5.666666666666667,2.128231705849268,1260.0,1260.0,23.5
20,22.0,2.0,5.0,1.0,0,10,New Delhi,Jaiprakash Power,361,8.5,3068.5,246.9,2098.65,1.3,3068.5,90.0,28,4,3,-0.8660254037844386,0.5000000000000001,0.3645200486026731,0,50.0,8.333333333333334,2.2512917986064953,360.0,360.0,10.734782608695653
5,21.0,3.0,5.0,1.0,0,5,Mumbai,Ringfeder Power Transmission India Pvt. Ltd.,321,9.2,2953.2,255.9,2354.2799999999997,1.2543962485345839,2953.2,135.0,38,14,1,0.49999999999999994,-0.8660254037844387,0.5275498241500586,1,35.0,5.833333333333333,2.322387720290225,1890.0,1890.0,28.433333333333334
11,22.0,2.0,3.0,1.0,0,3,Pune,"Maha Transco – Maharashtra State Electricity Transmission Co, Ltd.",304,9.1,2766.4,222.0,2020.1999999999998,1.3,2766.4,90.0,30,6,1,1.0,6.123233995736766e-17,0.40540540540540543,1,39.0,6.5,2.312535423847214,540.0,540.0,15.857142857142858
7,18.0,2.0,9.0,1.0,0,4,Pune,Jaiprakash Power,307,9.1,2793.7,213.6,1943.7599999999998,1.3,2793.7,90.0,30,6,1,0.8660254037844387,-0.4999999999999998,0.4213483146067416,1,37.0,6.166666666666667,2.312535423847214,540.0,540.0,21.36
11,22.0,3.0,9.0,1.0,0,6,Ahmedabad,CESC,415,7.9,3278.5,285.0,2251.5,1.3,3278.5,135.0,38,14,2,1.2246467991473532e-16,-1.0,0.47368421052631576,1,46.0,7.666666666666667,2.186051276738094,1890.0,1890.0,19.0
5,18.0,1.0,6.0,1.0,0,11,Hyderabad,Torrent Power Ltd.,203,8.4,1705.2,155.4,1305.3600000000001,1.3,1705.2,45.0,28,4,3,-0.5000000000000004,0.8660254037844384,0.28957528957528955,0,31.0,5.166666666666667,2.2407096892759584,180.0,180.0,22.2
17,22.0,3.0,11.0,1.0,0,8,Faridabad,CESC,442,8.1,3580.2,303.6,2459.16,1.3,3580.2,135.0,32,8,2,-0.8660254037844385,-0.5000000000000004,0.44466403162055335,1,54.0,9.0,2.2082744135228043,1080.0,1080.0,14.457142857142859
6,17.0,3.0,8.0,1.0,0,10,Ahmedabad,Kalpataru Power,361,7.9,2851.9,249.0,1967.1000000000001,1.3,2851.9,135.0,28,4,3,-0.8660254037844386,0.5000000000000001,0.5421686746987951,1,35.0,5.833333333333333,2.186051276738094,540.0,540.0,24.9
23,22.0,3.0,4.0,1.0,0,9,Hyderabad,Jyoti Structure,387,8.4,3250.8,295.2,2479.68,1.3,3250.8,135.0,32,8,2,-1.0,-1.8369701987210297e-16,0.4573170731707317,1,53.0,8.833333333333334,2.2407096892759584,1080.0,1080.0,10.933333333333334
6,18.0,2.0,14.0,1.0,0,1,Faridabad,KEC International,309,8.1,2502.9,226.5,1834.6499999999999,1.3,2502.9,90.0,20,0,0,0.49999999999999994,0.8660254037844387,0.3973509933774834,0,41.0,6.833333333333333,2.2082744135228043,0.0,0.0,25.166666666666668
22,22.0,3.0,11.0,1.0,0,2,Ahmedabad,CESC,419,7.9,3310.1000000000004,314.1,2481.3900000000003,1.3,3310.1000000000004,135.0,20,0,0,0.8660254037844386,0.5000000000000001,0.4297994269340974,1,59.0,9.833333333333334,2.186051276738094,0.0,0.0,12.080769230769231
10,18.0,3.0,10.0,1.0,0,5,New Delhi,Indowind Energy,370,8.5,3145.0,267.9,2277.1499999999996,1.3,3145.0,135.0,38,14,1,0.49999999999999994,-0.8660254037844387,0.503919372900336,1,42.0,7.0,2.2512917986064953,1890.0,1890.0,19.135714285714283
9,20.0,3.0,7.0,1.0,0,9,Noida,Torrent Power Ltd.,366,8.2,3001.2,265.8,2179.56,1.3,3001.2,135.0,32,8,2,-1.0,-1.8369701987210297e-16,0.5079006772009029,1,40.0,6.666666666666667,2.2192034840549946,1080.0,1080.0,20.446153846153848
18,23.0,3.0,6.0,1.0,0,8,Hyderabad,Jaiprakash Power,428,8.4,3595.2000000000003,295.2,2479.68,1.3,3595.2000000000003,135.0,32,8,2,-0.8660254037844385,-0.5000000000000004,0.4573170731707317,1,51.0,8.5,2.2407096892759584,1080.0,1080.0,13.418181818181818
9,21.0,3.0,8.0,1.0,0,8,Chennai,Ringfeder Power Transmission India Pvt. Ltd.,382,8.8,3361.6000000000004,273.3,2405.0400000000004,1.3,3361.6000000000004,135.0,32,8,2,-0.8660254037844385,-0.5000000000000004,0.49396267837541163,1,42.0,7.0,2.2823823856765264,1080.0,1080.0,21.023076923076925
10,21.0,2.0,10.0,1.0,0,9,Ahmedabad,Neueon Towers / Sujana Towers Ltd.,311,7.9,2456.9,236.4,1867.5600000000002,1.3,2456.9,90.0,32,8,2,-1.0,-1.8369701987210297e-16,0.38071065989847713,0,44.0,7.333333333333333,2.186051276738094,720.0,720.0,18.184615384615384
8,21.0,3.0,3.0,1.0,0,10,Mumbai,Reliance Energy,348,9.2,3201.6,256.2,2357.0399999999995,1.3,3201.6,135.0,28,4,3,-0.8660254037844386,0.5000000000000001,0.5269320843091335,1,36.0,6.0,2.322387720290225,540.0,540.0,21.349999999999998
6,18.0,2.0,11.0,1.0,0,8,Chennai,Kalpataru Power,291,8.8,2560.8,217.5,1914.0000000000002,1.3,2560.8,90.0,32,8,2,-0.8660254037844385,-0.5000000000000004,0.41379310344827586,1,38.0,6.333333333333333,2.2823823856765264,720.0,720.0,24.166666666666668
13,22.0,3.0,6.0,1.0,0,5,Faridabad,Bonfiglioli Transmission Pvt. Ltd.,411,8.1,3329.1,280.2,2269.62,1.3,3329.1,135.0,38,14,1,0.49999999999999994,-0.8660254037844387,0.48179871520342615,1,45.0,7.5,2.2082744135228043,1890.0,1890.0,16.48235294117647
16,22.0,3.0,10.0,1.0,0,5,Chennai,SJVN Ltd.,429,8.8,3775.2,298.5,2626.8,1.3,3775.2,135.0,38,14,1,0.49999999999999994,-0.8660254037844387,0.45226130653266333,1,52.0,8.666666666666666,2.2823823856765264,1890.0,1890.0,14.925
9,22.0,3.0,9.0,1.0,0,9,Ratnagiri,L&T Transmission & Distribution,412,7.4,3048.8,280.8,2077.92,1.3,3048.8,135.0,32,8,2,-1.0,-1.8369701987210297e-16,0.4807692307692307,1,44.0,7.333333333333333,2.128231705849268,1080.0,1080.0,21.6
10,20.0,3.0,11.0,1.0,0,6,Nagpur,Reliance Energy,404,8.9,3595.6000000000004,279.9,2491.1099999999997,1.3,3595.6000000000004,135.0,38,14,2,1.2246467991473532e-16,-1.0,0.482315112540193,1,45.0,7.5,2.2925347571405443,1890.0,1890.0,19.99285714285714
20,22.0,3.0,6.0,1.0,0,1,Nagpur,"Maha Transco – Maharashtra State Electricity Transmission Co, Ltd.",416,8.9,3702.4,294.9,2624.61,1.3,3702.4,135.0,20,0,0,0.49999999999999994,0.8660254037844387,0.45778229908443546,1,52.0,8.666666666666666,2.2925347571405443,0.0,0.0,12.2875
7,20.0,3.0,16.0,1.0,0,10,Pune,KEC International,417,9.1,3794.7,288.6,2626.26,1.3,3794.7,135.0,28,4,3,-0.8660254037844386,0.5000000000000001,0.46777546777546775,1,47.0,7.833333333333333,2.312535423847214,540.0,540.0,26.236363636363638
7,22.0,3.0,6.0,1.0,0,9,Hyderabad,"Maha Transco – Maharashtra State Electricity Transmission Co, Ltd.",353,8.4,2965.2000000000003,267.6,2247.84,1.3,2965.2000000000003,135.0,32,8,2,-1.0,-1.8369701987210297e-16,0.5044843049327353,1,39.0,6.5,2.2407096892759584,1080.0,1080.0,24.327272727272728
6,21.0,3.0,9.0,1.0,0,11,Pune,Neueon Towers / Sujana Towers Ltd.,375,9.1,3412.5,270.0,2457.0,1.3,3412.5,135.0,28,4,3,-0.5000000000000004,0.8660254037844384,0.5,1,40.0,6.666666666666667,2.312535423847214,540.0,540.0,27.0
22,22.0,2.0,5.0,1.0,0,8,Ratnagiri,Power Grid Corp,376,7.4,2782.4,251.1,1858.14,1.3,2782.4,90.0,32,8,2,-0.8660254037844385,-0.5000000000000004,0.35842293906810035,0,52.0,8.666666666666666,2.128231705849268,720.0,720.0,10.044
6,22.0,3.0,19.0,1.0,0,4,Ahmedabad,TransRail Lighting,422,7.9,3333.8,304.5,2405.55,1.3,3333.8,135.0,30,6,1,0.8660254037844387,-0.4999999999999998,0.4433497536945813,1,51.0,8.5,2.186051276738094,810.0,810.0,30.45
15,22.0,2.0,4.0,1.0,0,4,Pune,Toshiba Transmission & Distribution Systems (India) Pvt. Ltd.,349,9.1,3175.9,233.4,2123.94,1.3,3175.9,90.0,30,6,1,0.8660254037844387,-0.4999999999999998,0.3856041131105398,0,44.0,7.333333333333333,2.312535423847214,540.0,540.0,12.966666666666667
11,22.0,3.0,6.0,1.0,0,10,Navi Mumbai,NLC India,413,9.3,3840.9,276.0,2566.8,1.3,3840.9,135.0,28,4,3,-0.8660254037844386,0.5000000000000001,0.4891304347826087,1,43.0,7.166666666666667,2.33214389523559,540.0,540.0,18.4
6,20.0,3.0,16.0,1.0,0,4,Nagpur,NLC India,362,8.9,3221.8,286.5,2549.85,1.2635253054101223,3221.8,135.0,30,6,1,0.8660254037844387,-0.4999999999999998,0.4712041884816754,1,46.0,7.666666666666667,2.2925347571405443,810.0,810.0,28.65
5,22.0,1.0,15.0,1.0,0,2,Gurgaon,Ratnagiri Gas and Power Pvt. Ltd. (RGPPL),298,8.3,2473.4,200.4,1663.3200000000002,1.3,2473.4,45.0,20,0,0,0.8660254037844386,0.5000000000000001,0.2245508982035928,0,44.0,7.333333333333333,2.2300144001592104,0.0,0.0,28.62857142857143
7,17.0,3.0,13.0,1.0,0,7,Pune,Jyoti Structure,367,9.1,3339.7,266.1,2421.51,1.3,3339.7,135.0,32,8,2,-0.4999999999999997,-0.8660254037844388,0.5073280721533258,1,41.0,6.833333333333333,2.312535423847214,1080.0,1080.0,24.19090909090909
9,18.0,2.0,13.0,1.0,0,10,Shimla,Sunil Hitech Eng,332,7.7,2556.4,229.8,1769.46,1.3,2556.4,90.0,28,4,3,-0.8660254037844386,0.5000000000000001,0.39164490861618795,0,43.0,7.166666666666667,2.163323025660538,360.0,360.0,19.150000000000002
12,22.0,3.0,22.0,1.0,0,2,Dahej,Torrent Power Ltd.,455,7.6,3458.0,326.1,2478.36,1.3,3458.0,135.0,20,0,0,0.8660254037844386,0.5000000000000001,0.41398344066237347,1,60.0,10.0,2.151762203259462,0.0,0.0,20.38125
17,22.0,3.0,3.0,12.0,0,2,Noida,Ringfeder Power Transmission India Pvt. Ltd.,425,8.2,3484.9999999999995,289.5,2373.8999999999996,1.3,3484.9999999999995,135.0,20,0,0,0.8660254037844386,0.5000000000000001,0.46632124352331605,1,57.0,9.5,2.2192034840549946,0.0,0.0,13.785714285714286
7,21.0,3.0,10.0,1.0,0,1,Shimla,Optibelt Power Transmission India Private Limited,360,7.7,2772.0,275.1,2118.2700000000004,1.3,2772.0,135.0,20,0,0,0.49999999999999994,0.8660254037844387,0.4907306434023991,1,42.0,7.0,2.163323025660538,0.0,0.0,25.00909090909091
7,20.0,3.0,13.0,1.0,0,3,Shimla,Bonfiglioli Transmission Pvt. Ltd.,356,7.7,2741.2000000000003,279.6,2152.92,1.2732474964234621,2741.2000000000003,135.0,30,6,1,1.0,6.123233995736766e-17,0.48283261802575106,1,44.0,7.333333333333333,2.163323025660538,810.0,810.0,25.41818181818182
8,19.0,3.0,14.0,1.0,0,8,Faridabad,Reliance Energy,368,8.1,2980.8,280.2,2269.62,1.3,2980.8,135.0,32,8,2,-0.8660254037844385,-0.5000000000000004,0.48179871520342615,1,45.0,7.5,2.2082744135228043,1080.0,1080.0,23.349999999999998
5,22.0,3.0,17.0,1.0,0,2,Gurgaon,Optibelt Power Transmission India Private Limited,349,8.3,2896.7000000000003,296.4,2460.12,1.177462887989204,2896.7000000000003,135.0,20,0,0,0.8660254037844386,0.5000000000000001,0.45546558704453444,1,48.0,8.0,2.2300144001592104,0.0,0.0,32.93333333333333
9,18.0,3.0,5.0,1.0,0,8,Ratnagiri,Sterlite Power Transmission Ltd,262,7.4,1938.8,250.8,1855.92,1.0446570972886762,1938.8,135.0,32,8,2,-0.8660254037844385,-0.5000000000000004,0.5382775119617225,1,36.0,6.0,2.128231705849268,1080.0,1080.0,19.292307692307695
18,23.0,3.0,11.0,1.0,0,12,Pune,Ringfeder Power Transmission India Pvt. Ltd.,462,9.1,4204.2,310.2,2822.8199999999997,1.3,4204.2,135.0,20,0,0,-2.4492935982947064e-16,1.0,0.43520309477756286,1,56.0,9.333333333333334,2.312535423847214,0.0,0.0,14.1
15,22.0,3.0,17.0,1.0,0,2,Pune,Jyoti Structure,462,9.1,4204.2,317.4,2888.3399999999997,1.3,4204.2,135.0,20,0,0,0.8660254037844386,0.5000000000000001,0.42533081285444235,1,58.0,9.666666666666666,2.312535423847214,0.0,0.0,16.705263157894734
13,23.0,3.0,14.0,1.0,0,6,Gurgaon,Ratnagiri Gas and Power Pvt. Ltd. (RGPPL),447,8.3,3710.1,308.7,2562.21,1.3,3710.1,135.0,38,14,2,1.2246467991473532e-16,-1.0,0.43731778425655976,1,54.0,9.0,2.2300144001592104,1890.0,1890.0,18.158823529411762
7,21.0,3.0,14.0,1.0,0,7,Shimla,Adani Power Ltd.,408,7.7,3141.6,287.1,2210.67,1.3,3141.6,135.0,32,8,2,-0.4999999999999997,-0.8660254037844388,0.47021943573667707,1,46.0,7.666666666666667,2.163323025660538,1080.0,1080.0,26.1
5,20.0,3.0,9.0,1.0,0,11,Vadodara,Orient Green,357,7.8,2784.6,263.4,2054.52,1.3,2784.6,135.0,28,4,3,-0.5000000000000004,0.8660254037844384,0.5125284738041003,1,38.0,6.333333333333333,2.174751721484161,540.0,540.0,29.266666666666666
11,22.0,2.0,6.0,1.0,0,5,Nagpur,TransRail Lighting,331,8.9,2945.9,231.0,2055.9,1.3,2945.9,90.0,38,14,1,0.49999999999999994,-0.8660254037844387,0.38961038961038963,0,42.0,7.0,2.2925347571405443,1260.0,1260.0,16.5
17,22.0,3.0,12.0,1.0,0,3,Vadodara,Reliance Energy,442,7.8,3447.6,306.6,2391.48,1.3,3447.6,135.0,30,6,1,1.0,6.123233995736766e-17,0.44031311154598823,1,55.0,9.166666666666666,2.174751721484161,810.0,810.0,14.600000000000001
5,19.0,3.0,20.0,1.0,0,9,Gurgaon,Ringfeder Power Transmission India Pvt. Ltd.,437,8.3,3627.1,291.9,2422.77,1.3,3627.1,135.0,32,8,2,-1.0,-1.8369701987210297e-16,0.4624871531346352,1,48.0,8.0,2.2300144001592104,1080.0,1080.0,32.43333333333333
5,23.0,3.0,19.0,1.0,0,12,Shimla,Power Grid Corp,459,7.7,3534.3,306.9,2363.1299999999997,1.3,3534.3,135.0,20,0,0,-2.4492935982947064e-16,1.0,0.43988269794721413,1,51.0,8.5,2.163323025660538,0.0,0.0,34.099999999999994
9,21.0,3.0,11.0,1.0,0,2,Faridabad,"Maha Transco – Maharashtra State Electricity Transmission Co, Ltd.",333,8.1,2697.3,282.3,2286.63,1.179596174282678,2697.3,135.0,20,0,0,0.8660254037844386,0.5000000000000001,0.4782146652497343,1,45.0,7.5,2.2082744135228043,0.0,0.0,21.715384615384615
6,17.0,3.0,15.0,1.0,0,9,Dahej,NLC India,361,7.6,2743.6,270.0,2052.0,1.3,2743.6,135.0,32,8,2,-1.0,-1.8369701987210297e-16,0.5,1,42.0,7.0,2.151762203259462,1080.0,1080.0,27.0
19,22.0,3.0,12.0,1.0,0,11,Dahej,Ratnagiri Gas and Power Pvt. Ltd. (RGPPL),430,7.6,3268.0,310.8,2362.08,1.3,3268.0,135.0,28,4,3,-0.5000000000000004,0.8660254037844384,0.4343629343629343,1,57.0,9.5,2.151762203259462,540.0,540.0,13.51304347826087
7,17.0,3.0,14.0,1.0,0,4,Ahmedabad,NHPC,298,7.9,2354.2000000000003,269.1,2125.8900000000003,1.1073950204384986,2354.2000000000003,135.0,30,6,1,0.8660254037844387,-0.4999999999999998,0.5016722408026756,1,42.0,7.0,2.186051276738094,810.0,810.0,24.463636363636365
7,23.0,3.0,5.0,1.0,0,9,Nagpur,Neueon Towers / Sujana Towers Ltd.,365,8.9,3248.5,269.1,2394.9900000000002,1.3,3248.5,135.0,32,8,2,-1.0,-1.8369701987210297e-16,0.5016722408026756,1,39.0,6.5,2.2925347571405443,1080.0,1080.0,24.463636363636365
15,22.0,3.0,6.0,1.0,0,6,Chennai,Torrent Power Ltd.,408,8.8,3590.4,284.4,2502.72,1.3,3590.4,135.0,38,14,2,1.2246467991473532e-16,-1.0,0.4746835443037975,1,47.0,7.833333333333333,2.2823823856765264,1890.0,1890.0,14.968421052631578
9,18.0,2.0,3.0,1.0,0,10,Noida,GE T&D India Limited,270,8.2,2214.0,199.8,1638.36,1.3,2214.0,90.0,28,4,3,-0.8660254037844386,0.5000000000000001,0.4504504504504504,1,33.0,5.5,2.2192034840549946,360.0,360.0,16.650000000000002
11,23.0,3.0,14.0,1.0,0,3,Gurgaon,Optibelt Power Transmission India Private Limited,446,8.3,3701.8,304.5,2527.3500000000004,1.3,3701.8,135.0,30,6,1,1.0,6.123233995736766e-17,0.4433497536945813,1,52.0,8.666666666666666,2.2300144001592104,810.0,810.0,20.3
7,22.0,3.0,15.0,1.0,0,8,Ratnagiri,Jaiprakash Power,423,7.4,3130.2000000000003,294.6,2180.0400000000004,1.3,3130.2000000000003,135.0,32,8,2,-0.8660254037844385,-0.5000000000000004,0.4582484725050916,1,48.0,8.0,2.128231705849268,1080.0,1080.0,26.781818181818185
6,22.0,3.0,6.0,1.0,0,3,Hyderabad,Tata Power Company Ltd.,360,8.4,3024.0,265.5,2230.2000000000003,1.3,3024.0,135.0,30,6,1,1.0,6.123233995736766e-17,0.5084745762711864,1,38.0,6.333333333333333,2.2407096892759584,810.0,810.0,26.55
5,22.0,2.0,5.0,1.0,0,6,Nagpur,Torrent Power Ltd.,310,8.9,2759.0,215.4,1917.0600000000002,1.3,2759.0,90.0,38,14,2,1.2246467991473532e-16,-1.0,0.41782729805013924,1,35.0,5.833333333333333,2.2925347571405443,1260.0,1260.0,26.925
12,23.0,3.0,5.0,1.0,0,5,Navi Mumbai,NHPC,403,9.3,3747.9,279.6,2600.28,1.3,3747.9,135.0,38,14,1,0.49999999999999994,-0.8660254037844387,0.48283261802575106,1,44.0,7.333333333333333,2.33214389523559,1890.0,1890.0,17.475
9,22.0,3.0,7.0,7.0,0,9,Shimla,Sunil Hitech Eng,377,7.7,2902.9,280.2,2157.54,1.3,2902.9,135.0,32,8,2,-1.0,-1.8369701987210297e-16,0.48179871520342615,1,48.0,8.0,2.163323025660538,1080.0,1080.0,21.553846153846152
8,20.0,2.0,4.0,1.0,0,2,Pune,Optibelt Power Transmission India Private Limited,314,9.1,2857.4,209.7,1908.2699999999998,1.3,2857.4,90.0,20,0,0,0.8660254037844386,0.5000000000000001,0.4291845493562232,1,35.0,5.833333333333333,2.312535423847214,0.0,0.0,19.063636363636363
9,19.0,2.0,6.0,1.0,0,12,Faridabad,Kalpataru Power,260,8.1,2106.0,213.3,1727.73,1.2189404594467885,2106.0,90.0,20,0,0,-2.4492935982947064e-16,1.0,0.42194092827004215,1,37.0,6.166666666666667,2.2082744135228043,0.0,0.0,17.775000000000002
6,19.0,1.0,4.0,1.0,0,11,Ratnagiri,Toshiba Transmission & Distribution Systems (India) Pvt. Ltd.,210,7.4,1554.0,156.0,1154.4,1.3,1554.0,45.0,28,4,3,-0.5000000000000004,0.8660254037844384,0.28846153846153844,0,31.0,5.166666666666667,2.128231705849268,180.0,180.0,19.5
10,17.0,3.0,16.0,1.0,0,3,Faridabad,Unitech Power Transmission Ltd.,388,8.1,3142.8,281.4,2279.3399999999997,1.3,3142.8,135.0,30,6,1,1.0,6.123233995736766e-17,0.4797441364605544,1,47.0,7.833333333333333,2.2082744135228043,810.0,810.0,20.099999999999998
9,23.0,3.0,10.0,1.0,0,2,Navi Mumbai,Tata Power Company Ltd.,417,9.3,3878.1,288.3,2681.1900000000005,1.3,3878.1,135.0,20,0,0,0.8660254037844386,0.5000000000000001,0.46826222684703434,1,46.0,7.666666666666667,2.33214389523559,0.0,0.0,22.176923076923078
11,22.0,3.0,4.0,1.0,0,4,Noida,Torrent Power Ltd.,349,8.2,2861.8,270.0,2214.0,1.2925925925925927,2861.8,135.0,30,6,1,0.8660254037844387,-0.4999999999999998,0.5,1,41.0,6.833333333333333,2.2192034840549946,810.0,810.0,18.0
16,22.0,3.0,17.0,1.0,0,12,New Delhi,Indowind Energy,479,8.5,4071.5,319.5,2715.75,1.3,4071.5,135.0,20,0,0,-2.4492935982947064e-16,1.0,0.4225352112676056,1,59.0,9.833333333333334,2.2512917986064953,0.0,0.0,15.975
16,22.0,3.0,4.0,1.0,0,3,Navi Mumbai,Optibelt Power Transmission India Private Limited,391,9.3,3636.3,280.5,2608.65,1.3,3636.3,135.0,30,6,1,1.0,6.123233995736766e-17,0.48128342245989303,1,46.0,7.666666666666667,2.33214389523559,810.0,810.0,14.025
11,22.0,2.0,7.0,1.0,0,6,Vadodara,GE T&D India Limited,319,7.8,2488.2,234.0,1825.2,1.3,2488.2,90.0,38,14,2,1.2246467991473532e-16,-1.0,0.38461538461538464,0,43.0,7.166666666666667,2.174751721484161,1260.0,1260.0,16.714285714285715
12,22.0,2.0,8.0,1.0,0,9,Kolkata,Sterlite Power Transmission Ltd,336,8.7,2923.2,239.1,2080.1699999999996,1.3,2923.2,90.0,32,8,2,-1.0,-1.8369701987210297e-16,0.3764115432873275,0,45.0,7.5,2.272125885509337,720.0,720.0,15.94
10,18.0,1.0,6.0,1.0,0,4,Shimla,Ringfeder Power Transmission India Pvt. Ltd.,229,7.7,1763.3,165.9,1277.43,1.3,1763.3,45.0,30,6,1,0.8660254037844387,-0.4999999999999998,0.27124773960216997,0,36.0,6.0,2.163323025660538,270.0,270.0,13.825000000000001
5,17.0,1.0,7.0,1.0,0,10,Dahej,Sterlite Power Transmission Ltd,196,7.6,1489.6,153.9,1169.64,1.273554256010396,1489.6,45.0,28,4,3,-0.8660254037844386,0.5000000000000001,0.29239766081871343,0,31.0,5.166666666666667,2.151762203259462,180.0,180.0,21.985714285714288
10,18.0,3.0,5.0,1.0,0,7,Faridabad,Neueon Towers / Sujana Towers Ltd.,320,8.1,2592.0,252.9,2048.49,1.2653222617635431,2592.0,135.0,32,8,2,-0.4999999999999997,-0.8660254037844388,0.5338078291814946,1,37.0,6.166666666666667,2.2082744135228043,1080.0,1080.0,18.064285714285713
21,22.0,2.0,4.0,1.0,0,6,Hyderabad,Guj Ind Power,363,8.4,3049.2000000000003,246.0,2066.4,1.3,3049.2000000000003,90.0,38,14,2,1.2246467991473532e-16,-1.0,0.36585365853658536,0,50.0,8.333333333333334,2.2407096892759584,1260.0,1260.0,10.25
6,18.0,2.0,15.0,1.0,0,8,Vadodara,SJVN Ltd.,335,7.8,2613.0,229.5,1790.1,1.3,2613.0,90.0,32,8,2,-0.8660254037844385,-0.5000000000000004,0.39215686274509803,0,42.0,7.0,2.174751721484161,720.0,720.0,25.5
5,17.0,2.0,4.0,1.0,0,1,Vadodara,Kalpataru Power,232,7.8,1809.6,189.9,1481.22,1.2216956292785677,1809.6,90.0,20,0,0,0.49999999999999994,0.8660254037844387,0.47393364928909953,1,29.0,4.833333333333333,2.174751721484161,0.0,0.0,23.7375
9,18.0,2.0,8.0,1.0,0,7,Shimla,"Maha Transco – Maharashtra State Electricity Transmission Co, Ltd.",320,7.7,2464.0,214.8,1653.96,1.3,2464.0,90.0,32,8,2,-0.4999999999999997,-0.8660254037844388,0.41899441340782123,1,38.0,6.333333333333333,2.163323025660538,720.0,720.0,17.900000000000002
11,23.0,3.0,16.0,1.0,0,6,Ratnagiri,Reliance Power,452,7.4,3344.8,310.5,2297.7000000000003,1.3,3344.8,135.0,38,14,2,1.2246467991473532e-16,-1.0,0.43478260869565216,1,54.0,9.0,2.128231705849268,1890.0,1890.0,20.7
16,22.0,3.0,3.0,1.0,0,3,Hyderabad,Toshiba Transmission & Distribution Systems (India) Pvt. Ltd.,396,8.4,3326.4,277.5,2331.0,1.3,3326.4,135.0,30,6,1,1.0,6.123233995736766e-17,0.4864864864864865,1,45.0,7.5,2.2407096892759584,810.0,810.0,13.875
22,22.0,2.0,4.0,1.0,0,8,Nagpur,Torrent Power Ltd.,362,8.9,3221.8,248.1,2208.09,1.3,3221.8,90.0,32,8,2,-0.8660254037844385,-0.5000000000000004,0.36275695284159615,0,51.0,8.5,2.2925347571405443,720.0,720.0,9.924
10,20.0,0.0,4.0,1.0,0,11,Gurgaon,TransRail Lighting,185,8.3,1535.5000000000002,123.9,1028.3700000000001,1.3,1535.5000000000002,0.0,28,4,3,-0.5000000000000004,0.8660254037844384,0.0,0,35.0,5.833333333333333,2.2300144001592104,0.0,0.0,11.263636363636364
9,17.0,2.0,15.0,1.0,0,8,Gurgaon,CESC,321,8.3,2664.3,231.3,1919.7900000000002,1.3,2664.3,90.0,32,8,2,-0.8660254037844385,-0.5000000000000004,0.38910505836575876,0,44.0,7.333333333333333,2.2300144001592104,720.0,720.0,19.275000000000002
6,19.0,3.0,22.0,1.0,0,5,Noida,Jyoti Structure,425,8.2,3484.9999999999995,300.0,2460.0,1.3,3484.9999999999995,135.0,38,14,1,0.49999999999999994,-0.8660254037844387,0.45,1,51.0,8.5,2.2192034840549946,1890.0,1890.0,30.0
7,19.0,2.0,13.0,1.0,0,7,Navi Mumbai,Sterlite Power Transmission Ltd,334,9.3,3106.2000000000003,230.1,2139.9300000000003,1.3,3106.2000000000003,90.0,32,8,2,-0.4999999999999997,-0.8660254037844388,0.39113428943937417,0,42.0,7.0,2.33214389523559,720.0,720.0,23.009999999999998
18,22.0,3.0,7.0,1.0,0,7,Vadodara,"Maha Transco – Maharashtra State Electricity Transmission Co, Ltd.",412,7.8,3213.6,293.7,2290.8599999999997,1.3,3213.6,135.0,32,8,2,-0.4999999999999997,-0.8660254037844388,0.4596527068437181,1,51.0,8.5,2.174751721484161,1080.0,1080.0,13.35
9,23.0,2.0,10.0,1.0,0,11,New Delhi,Adani Power Ltd.,351,8.5,2983.5,243.3,2068.05,1.3,2983.5,90.0,28,4,3,-0.5000000000000004,0.8660254037844384,0.36991368680641185,0,45.0,7.5,2.2512917986064953,360.0,360.0,20.275000000000002
14,22.0,3.0,3.0,1.0,0,6,New Delhi,GE T&D India Limited,392,8.5,3332.0,273.3,2323.05,1.3,3332.0,135.0,38,14,2,1.2246467991473532e-16,-1.0,0.49396267837541163,1,43.0,7.166666666666667,2.2512917986064953,1890.0,1890.0,15.183333333333334
9,20.0,3.0,8.0,1.0,0,1,Noida,SJVN Ltd.,377,8.2,3091.4,268.8,2204.16,1.3,3091.4,135.0,20,0,0,0.49999999999999994,0.8660254037844387,0.5022321428571428,1,41.0,6.833333333333333,2.2192034840549946,0.0,0.0,20.676923076923078
13,23.0,3.0,8.0,1.0,0,4,Vadodara,Reliance Energy,402,7.8,3135.6,290.7,2267.46,1.3,3135.6,135.0,30,6,1,0.8660254037844387,-0.4999999999999998,0.4643962848297214,1,48.0,8.0,2.174751721484161,810.0,810.0,17.099999999999998
9,20.0,3.0,11.0,1.0,0,7,Mumbai,Sterlite Power Transmission Ltd,379,9.2,3486.8,277.8,2555.7599999999998,1.3,3486.8,135.0,32,8,2,-0.4999999999999997,-0.8660254037844388,0.48596112311015116,1,44.0,7.333333333333333,2.322387720290225,1080.0,1080.0,21.36923076923077
18,22.0,3.0,5.0,1.0,0,8,Pune,TransRail Lighting,409,9.1,3721.9,287.7,2618.0699999999997,1.3,3721.9,135.0,32,8,2,-0.8660254037844385,-0.5000000000000004,0.46923879040667366,1,49.0,8.166666666666666,2.312535423847214,1080.0,1080.0,13.077272727272726
21,22.0,2.0,8.0,1.0,0,2,Shimla,Power Grid Corp,356,7.7,2741.2000000000003,258.0,1986.6000000000001,1.3,2741.2000000000003,90.0,20,0,0,0.8660254037844386,0.5000000000000001,0.3488372093023256,0,54.0,9.0,2.163323025660538,0.0,0.0,10.75
6,19.0,2.0,3.0,1.0,0,10,Hyderabad,Sunil Hitech Eng,271,8.4,2276.4,198.0,1663.2,1.3,2276.4,90.0,28,4,3,-0.8660254037844386,0.5000000000000001,0.45454545454545453,1,31.0,5.166666666666667,2.2407096892759584,360.0,360.0,22.0
8,22.0,3.0,4.0,1.0,0,2,Faridabad,"Maha Transco – Maharashtra State Electricity Transmission Co, Ltd.",322,8.1,2608.2,263.7,2135.97,1.2210845657944633,2608.2,135.0,20,0,0,0.8660254037844386,0.5000000000000001,0.5119453924914676,1,38.0,6.333333333333333,2.2082744135228043,0.0,0.0,21.974999999999998
9,18.0,2.0,11.0,1.0,0,2,Ahmedabad,NLC India,324,7.9,2559.6,223.8,1768.0200000000002,1.3,2559.6,90.0,20,0,0,0.8660254037844386,0.5000000000000001,0.40214477211796246,1,41.0,6.833333333333333,2.186051276738094,0.0,0.0,18.650000000000002
12,22.0,3.0,13.0,1.0,0,3,Mumbai,NHPC,434,9.2,3992.8,299.1,2751.72,1.3,3992.8,135.0,30,6,1,1.0,6.123233995736766e-17,0.45135406218655966,1,51.0,8.5,2.322387720290225,810.0,810.0,18.69375
7,17.0,3.0,13.0,1.0,0,2,Gurgaon,Reliance Power,329,8.3,2730.7000000000003,266.1,2208.6300000000006,1.2363773017662532,2730.7000000000003,135.0,20,0,0,0.8660254037844386,0.5000000000000001,0.5073280721533258,1,41.0,6.833333333333333,2.2300144001592104,0.0,0.0,24.19090909090909
21,23.0,3.0,11.0,1.0,0,11,Hyderabad,CESC,474,8.4,3981.6,316.5,2658.6,1.3,3981.6,135.0,28,4,3,-0.5000000000000004,0.8660254037844384,0.4265402843601896,1,59.0,9.833333333333334,2.2407096892759584,540.0,540.0,12.66
10,22.0,3.0,15.0,1.0,0,1,Chennai,Sterlite Power Transmission Ltd,423,8.8,3722.4,300.9,2647.92,1.3,3722.4,135.0,20,0,0,0.49999999999999994,0.8660254037844387,0.448654037886341,1,51.0,8.5,2.2823823856765264,0.0,0.0,21.49285714285714
5,18.0,3.0,3.0,7.0,0,10,Navi Mumbai,Bonfiglioli Transmission Pvt. Ltd.,329,9.3,3059.7000000000003,241.8,2248.7400000000002,1.3,3059.7000000000003,135.0,28,4,3,-0.8660254037844386,0.5000000000000001,0.5583126550868486,1,36.0,6.0,2.33214389523559,540.0,540.0,26.866666666666667
7,19.0,3.0,4.0,1.0,0,1,Kolkata,Torrent Power Ltd.,297,8.7,2583.9,248.1,2158.47,1.1970979443772674,2583.9,135.0,20,0,0,0.49999999999999994,0.8660254037844387,0.5441354292623942,1,34.0,5.666666666666667,2.272125885509337,0.0,0.0,22.554545454545455
9,20.0,3.0,3.0,7.0,0,11,Vadodara,L&T Transmission & Distribution,350,7.8,2730.0,259.2,2021.7599999999998,1.3,2730.0,135.0,28,4,3,-0.5000000000000004,0.8660254037844384,0.5208333333333334,1,42.0,7.0,2.174751721484161,540.0,540.0,19.93846153846154
15,22.0,3.0,4.0,1.0,0,5,Nagpur,CESC,417,8.9,3711.3,278.4,2477.7599999999998,1.3,3711.3,135.0,38,14,1,0.49999999999999994,-0.8660254037844387,0.48491379310344834,1,45.0,7.5,2.2925347571405443,1890.0,1890.0,14.652631578947368
11,22.0,3.0,6.0,1.0,0,1,Hyderabad,KEC International,373,8.4,3133.2000000000003,276.0,2318.4,1.3,3133.2000000000003,135.0,20,0,0,0.49999999999999994,0.8660254037844387,0.4891304347826087,1,43.0,7.166666666666667,2.2407096892759584,0.0,0.0,18.4
7,20.0,3.0,18.0,1.0,0,8,Mumbai,Toshiba Transmission & Distribution Systems (India) Pvt. Ltd.,400,9.2,3680.0,294.6,2710.32,1.3,3680.0,135.0,32,8,2,-0.8660254037844385,-0.5000000000000004,0.4582484725050916,1,49.0,8.166666666666666,2.322387720290225,1080.0,1080.0,26.781818181818185
7,22.0,2.0,3.0,1.0,0,11,Shimla,Guj Ind Power,252,7.7,1940.4,213.6,1644.72,1.1797752808988764,1940.4,90.0,28,4,3,-0.5000000000000004,0.8660254037844384,0.4213483146067416,1,35.0,5.833333333333333,2.163323025660538,360.0,360.0,21.36
10,21.0,3.0,9.0,1.0,0,9,Vadodara,Ratnagiri Gas and Power Pvt. Ltd. (RGPPL),347,7.8,2706.6,278.4,2171.52,1.2464080459770115,2706.6,135.0,32,8,2,-1.0,-1.8369701987210297e-16,0.48491379310344834,1,44.0,7.333333333333333,2.174751721484161,1080.0,1080.0,19.885714285714283
8,18.0,2.0,8.0,1.0,0,1,Faridabad,Reliance Energy,261,8.1,2114.1,212.7,1722.87,1.227080394922426,2114.1,90.0,20,0,0,0.49999999999999994,0.8660254037844387,0.4231311706629055,1,37.0,6.166666666666667,2.2082744135228043,0.0,0.0,19.336363636363636
8,19.0,3.0,8.0,1.0,0,10,Dahej,Guj Ind Power,341,7.6,2591.6,262.2,1992.7199999999998,1.3,2591.6,135.0,28,4,3,-0.8660254037844386,0.5000000000000001,0.5148741418764302,1,39.0,6.5,2.151762203259462,540.0,540.0,21.849999999999998
6,21.0,3.0,3.0,1.0,0,10,Nagpur,Toshiba Transmission & Distribution Systems (India) Pvt. Ltd.,346,8.9,3079.4,252.0,2242.8,1.3,3079.4,135.0,28,4,3,-0.8660254037844386,0.5000000000000001,0.5357142857142857,1,34.0,5.666666666666667,2.2925347571405443,540.0,540.0,25.2
7,18.0,2.0,18.0,1.0,0,7,Pune,"Maha Transco – Maharashtra State Electricity Transmission Co, Ltd.",354,9.1,3221.4,240.6,2189.46,1.3,3221.4,90.0,32,8,2,-0.4999999999999997,-0.8660254037844388,0.3740648379052369,0,46.0,7.666666666666667,2.312535423847214,720.0,720.0,24.06
16,23.0,3.0,9.0,1.0,0,2,Kolkata,Jyoti Structure,363,8.7,3158.1,300.0,2610.0,1.21,3158.1,135.0,20,0,0,0.8660254037844386,0.5000000000000001,0.45,1,52.0,8.666666666666666,2.272125885509337,0.0,0.0,15.0
9,21.0,3.0,11.0,1.0,0,3,Ahmedabad,Power Grid Corp,423,7.9,3341.7000000000003,282.3,2230.17,1.3,3341.7000000000003,135.0,30,6,1,1.0,6.123233995736766e-17,0.4782146652497343,1,45.0,7.5,2.186051276738094,810.0,810.0,21.715384615384615
13,22.0,3.0,12.0,1.0,0,5,Gurgaon,Bonfiglioli Transmission Pvt. Ltd.,423,8.3,3510.9,298.2,2475.06,1.3,3510.9,135.0,38,14,1,0.49999999999999994,-0.8660254037844387,0.45271629778672035,1,51.0,8.5,2.2300144001592104,1890.0,1890.0,17.541176470588233
6,21.0,1.0,3.0,1.0,0,2,Gurgaon,L&T Transmission & Distribution,216,8.3,1792.8000000000002,162.0,1344.6000000000001,1.3,1792.8000000000002,45.0,20,0,0,0.8660254037844386,0.5000000000000001,0.2777777777777778,0,32.0,5.333333333333333,2.2300144001592104,0.0,0.0,20.25
17,22.0,3.0,16.0,1.0,0,4,Kolkata,Sunil Hitech Eng,459,8.7,3993.3,318.6,2771.82,1.3,3993.3,135.0,30,6,1,0.8660254037844387,-0.4999999999999998,0.423728813559322,1,59.0,9.833333333333334,2.272125885509337,810.0,810.0,15.171428571428573
7,18.0,3.0,6.0,1.0,0,4,Hyderabad,Power Grid Corp,367,8.4,3082.8,249.6,2096.64,1.3,3082.8,135.0,30,6,1,0.8660254037844387,-0.4999999999999998,0.5408653846153846,1,35.0,5.833333333333333,2.2407096892759584,810.0,810.0,22.69090909090909
5,17.0,3.0,17.0,1.0,0,5,Dahej,Indowind Energy,404,7.6,3070.4,273.9,2081.64,1.3,3070.4,135.0,38,14,1,0.49999999999999994,-0.8660254037844387,0.49288061336254113,1,43.0,7.166666666666667,2.151762203259462,1890.0,1890.0,30.43333333333333
5,22.0,3.0,11.0,7.0,0,2,Pune,TransRail Lighting,378,9.1,3439.8,283.8,2582.58,1.3,3439.8,135.0,20,0,0,0.8660254037844386,0.5000000000000001,0.47568710359408034,1,48.0,8.0,2.312535423847214,0.0,0.0,31.533333333333335
7,22.0,3.0,9.0,1.0,0,11,Hyderabad,Adani Power Ltd.,383,8.4,3217.2000000000003,276.6,2323.4400000000005,1.3,3217.2000000000003,135.0,28,4,3,-0.5000000000000004,0.8660254037844384,0.48806941431670275,1,42.0,7.0,2.2407096892759584,540.0,540.0,25.145454545454548
17,22.0,3.0,6.0,1.0,0,11,Hyderabad,Reliance Power,420,8.4,3528.0,288.6,2424.2400000000002,1.3,3528.0,135.0,28,4,3,-0.5000000000000004,0.8660254037844384,0.46777546777546775,1,49.0,8.166666666666666,2.2407096892759584,540.0,540.0,13.742857142857144
5,20.0,3.0,9.0,7.0,0,10,Hyderabad,Guj Ind Power,386,8.4,3242.4,268.8,2257.92,1.3,3242.4,135.0,28,4,3,-0.8660254037844386,0.5000000000000001,0.5022321428571428,1,44.0,7.333333333333333,2.2407096892759584,540.0,540.0,29.866666666666667
14,22.0,3.0,3.0,1.0,0,9,New Delhi,Reliance Power,332,8.5,2822.0,273.3,2323.05,1.2147822905232344,2822.0,135.0,32,8,2,-1.0,-1.8369701987210297e-16,0.49396267837541163,1,43.0,7.166666666666667,2.2512917986064953,1080.0,1080.0,15.183333333333334
17,22.0,3.0,12.0,1.0,0,1,Faridabad,Power Grid Corp,444,8.1,3596.4,306.6,2483.46,1.3,3596.4,135.0,20,0,0,0.49999999999999994,0.8660254037844387,0.44031311154598823,1,55.0,9.166666666666666,2.2082744135228043,0.0,0.0,14.600000000000001
11,23.0,3.0,3.0,1.0,0,1,Hyderabad,JSW Energy Ltd.,404,8.4,3393.6000000000004,271.5,2280.6,1.3,3393.6000000000004,135.0,20,0,0,0.49999999999999994,0.8660254037844387,0.4972375690607735,1,41.0,6.833333333333333,2.2407096892759584,0.0,0.0,18.1
8,19.0,1.0,8.0,1.0,0,12,Nagpur,CESC,244,8.9,2171.6,172.2,1532.58,1.3,2171.6,45.0,20,0,0,-2.4492935982947064e-16,1.0,0.2613240418118467,0,37.0,6.166666666666667,2.2925347571405443,0.0,0.0,17.22
5,20.0,3.0,9.0,1.0,0,7,Noida,Neueon Towers / Sujana Towers Ltd.,370,8.2,3033.9999999999995,263.4,2159.8799999999997,1.3,3033.9999999999995,135.0,32,8,2,-0.4999999999999997,-0.8660254037844388,0.5125284738041003,1,38.0,6.333333333333333,2.2192034840549946,1080.0,1080.0,29.266666666666666
21,22.0,2.0,16.0,1.0,0,2,Mumbai,Ratnagiri Gas and Power Pvt. Ltd. (RGPPL),410,9.2,3772.0,282.0,2594.3999999999996,1.3,3772.0,90.0,20,0,0,0.8660254037844386,0.5000000000000001,0.3191489361702128,0,62.0,10.333333333333334,2.322387720290225,0.0,0.0,11.75
11,22.0,2.0,11.0,1.0,0,2,Nagpur,Orient Green,363,8.9,3230.7000000000003,246.0,2189.4,1.3,3230.7000000000003,90.0,20,0,0,0.8660254037844386,0.5000000000000001,0.36585365853658536,0,47.0,7.833333333333333,2.2925347571405443,0.0,0.0,17.571428571428573
5,17.0,2.0,17.0,1.0,0,7,Pune,"Maha Transco – Maharashtra State Electricity Transmission Co, Ltd.",329,9.1,2993.9,228.9,2082.99,1.3,2993.9,90.0,32,8,2,-0.4999999999999997,-0.8660254037844388,0.3931847968545216,0,42.0,7.0,2.312535423847214,720.0,720.0,28.6125
10,17.0,3.0,4.0,1.0,0,4,Vadodara,NHPC,368,7.8,2870.4,245.4,1914.12,1.3,2870.4,135.0,30,6,1,0.8660254037844387,-0.4999999999999998,0.5501222493887531,1,35.0,5.833333333333333,2.174751721484161,810.0,810.0,17.52857142857143
6,20.0,3.0,5.0,1.0,0,4,Vadodara,Jyoti Structure,287,7.8,2238.6,253.5,1977.3,1.1321499013806706,2238.6,135.0,30,6,1,0.8660254037844387,-0.4999999999999998,0.5325443786982249,1,35.0,5.833333333333333,2.174751721484161,810.0,810.0,25.35
12,23.0,3.0,12.0,1.0,0,2,Pune,SJVN Ltd.,397,9.1,3612.7,300.6,2735.46,1.3,3612.7,135.0,20,0,0,0.8660254037844386,0.5000000000000001,0.4491017964071856,1,51.0,8.5,2.312535423847214,0.0,0.0,18.7875
15,23.0,3.0,11.0,1.0,0,9,Nagpur,Reliance Energy,449,8.9,3996.1,303.9,2704.71,1.3,3996.1,135.0,32,8,2,-1.0,-1.8369701987210297e-16,0.4442250740375124,1,53.0,8.833333333333334,2.2925347571405443,1080.0,1080.0,15.994736842105262
6,21.0,3.0,7.0,1.0,0,8,New Delhi,Sterlite Power Transmission Ltd,388,8.5,3298.0,264.0,2244.0,1.3,3298.0,135.0,32,8,2,-0.8660254037844385,-0.5000000000000004,0.5113636363636364,1,38.0,6.333333333333333,2.2512917986064953,1080.0,1080.0,26.4
10,18.0,3.0,12.0,1.0,0,6,Navi Mumbai,Guj Ind Power,330,9.3,3069.0000000000005,273.9,2547.27,1.2048192771084338,3069.0000000000005,135.0,38,14,2,1.2246467991473532e-16,-1.0,0.49288061336254113,1,44.0,7.333333333333333,2.33214389523559,1890.0,1890.0,19.564285714285713
16,23.0,2.0,3.0,1.0,0,6,Chennai,L&T Transmission & Distribution,321,8.8,2824.8,237.0,2085.6000000000004,1.3,2824.8,90.0,38,14,2,1.2246467991473532e-16,-1.0,0.379746835443038,0,45.0,7.5,2.2823823856765264,1260.0,1260.0,12.473684210526315
5,18.0,3.0,19.0,1.0,0,3,Pune,Kalpataru Power,394,9.1,3585.4,284.4,2588.0399999999995,1.3,3585.4,135.0,30,6,1,1.0,6.123233995736766e-17,0.4746835443037975,1,46.0,7.666666666666667,2.312535423847214,810.0,810.0,31.599999999999998
8,21.0,2.0,6.0,1.0,0,2,Ratnagiri,L&T Transmission & Distribution,268,7.4,1983.2,220.2,1629.48,1.2170753860127157,1983.2,90.0,20,0,0,0.8660254037844386,0.5000000000000001,0.40871934604904636,1,38.0,6.333333333333333,2.128231705849268,0.0,0.0,20.018181818181816
7,20.0,2.0,9.0,1.0,0,6,Vadodara,Ratnagiri Gas and Power Pvt. Ltd. (RGPPL),302,7.8,2355.6,222.6,1736.28,1.3,2355.6,90.0,38,14,2,1.2246467991473532e-16,-1.0,0.40431266846361186,1,39.0,6.5,2.174751721484161,1260.0,1260.0,22.259999999999998
5,17.0,1.0,7.0,1.0,0,9,Shimla,L&T Transmission & Distribution,190,7.7,1463.0,153.9,1185.03,1.2345679012345678,1463.0,45.0,32,8,2,-1.0,-1.8369701987210297e-16,0.29239766081871343,0,31.0,5.166666666666667,2.163323025660538,360.0,360.0,21.985714285714288
7,19.0,2.0,9.0,1.0,0,7,Ahmedabad,Power Grid Corp,299,7.9,2362.1,218.1,1722.99,1.3,2362.1,90.0,32,8,2,-0.4999999999999997,-0.8660254037844388,0.4126547455295736,1,38.0,6.333333333333333,2.186051276738094,720.0,720.0,21.81
10,20.0,3.0,20.0,1.0,0,1,Noida,Kalpataru Power,447,8.2,3665.4,306.9,2516.5799999999995,1.3,3665.4,135.0,20,0,0,0.49999999999999994,0.8660254037844387,0.43988269794721413,1,54.0,9.0,2.2192034840549946,0.0,0.0,21.92142857142857
11,22.0,2.0,11.0,1.0,0,11,Vadodara,"Maha Transco – Maharashtra State Electricity Transmission Co, Ltd.",358,7.8,2792.4,246.0,1918.8,1.3,2792.4,90.0,28,4,3,-0.5000000000000004,0.8660254037844384,0.36585365853658536,0,47.0,7.833333333333333,2.174751721484161,360.0,360.0,17.571428571428573
10,17.0,2.0,21.0,1.0,0,6,Noida,GE T&D India Limited,365,8.2,2992.9999999999995,251.4,2061.48,1.3,2992.9999999999995,90.0,38,14,2,1.2246467991473532e-16,-1.0,0.35799522673031026,0,51.0,8.5,2.2192034840549946,1260.0,1260.0,19.338461538461537
7,18.0,1.0,9.0,1.0,0,9,Hyderabad,Jaiprakash Power,234,8.4,1965.6,168.6,1416.24,1.3,1965.6,45.0,32,8,2,-1.0,-1.8369701987210297e-16,0.26690391459074736,0,36.0,6.0,2.2407096892759584,360.0,360.0,18.733333333333334
7,19.0,3.0,17.0,7.0,0,10,Nagpur,Unitech Power Transmission Ltd.,435,8.9,3871.5,292.5,2603.25,1.3,3871.5,135.0,28,4,3,-0.8660254037844386,0.5000000000000001,0.46153846153846156,1,53.0,8.833333333333334,2.2925347571405443,540.0,540.0,26.59090909090909
23,23.0,3.0,5.0,1.0,0,11,Chennai,Jaiprakash Power,409,8.8,3599.2000000000003,302.7,2663.76,1.3,3599.2000000000003,135.0,28,4,3,-0.5000000000000004,0.8660254037844384,0.445986124876115,1,55.0,9.166666666666666,2.2823823856765264,540.0,540.0,11.21111111111111
10,21.0,2.0,9.0,1.0,0,9,Faridabad,Guj Ind Power,312,8.1,2527.2,233.4,1890.54,1.3,2527.2,90.0,32,8,2,-1.0,-1.8369701987210297e-16,0.3856041131105398,0,43.0,7.166666666666667,2.2082744135228043,720.0,720.0,17.953846153846154
16,22.0,3.0,5.0,1.0,0,12,Faridabad,Bonfiglioli Transmission Pvt. Ltd.,406,8.1,3288.6,283.5,2296.35,1.3,3288.6,135.0,20,0,0,-2.4492935982947064e-16,1.0,0.47619047619047616,1,47.0,7.833333333333333,2.2082744135228043,0.0,0.0,14.175
12,22.0,2.0,3.0,1.0,0,8,Mumbai,L&T Transmission & Distribution,315,9.2,2898.0,224.1,2061.72,1.3,2898.0,90.0,32,8,2,-0.8660254037844385,-0.5000000000000004,0.40160642570281124,1,40.0,6.666666666666667,2.322387720290225,720.0,720.0,14.94
9,20.0,3.0,5.0,1.0,0,9,Navi Mumbai,Sterlite Power Transmission Ltd,380,9.3,3534.0000000000005,259.8,2416.1400000000003,1.3,3534.0000000000005,135.0,32,8,2,-1.0,-1.8369701987210297e-16,0.5196304849884527,1,38.0,6.333333333333333,2.33214389523559,1080.0,1080.0,19.984615384615385
12,23.0,3.0,9.0,1.0,0,11,Noida,NLC India,403,8.2,3304.6,291.6,2391.12,1.3,3304.6,135.0,28,4,3,-0.5000000000000004,0.8660254037844384,0.4629629629629629,1,48.0,8.0,2.2192034840549946,540.0,540.0,18.225
5,22.0,3.0,6.0,1.0,0,6,New Delhi,Adani Power Ltd.,357,8.5,3034.5,263.4,2238.8999999999996,1.3,3034.5,135.0,38,14,2,1.2246467991473532e-16,-1.0,0.5125284738041003,1,37.0,6.166666666666667,2.2512917986064953,1890.0,1890.0,29.266666666666666
6,20.0,3.0,22.0,1.0,0,2,Kolkata,Optibelt Power Transmission India Private Limited,368,8.7,3201.6,304.5,2649.1499999999996,1.2085385878489328,3201.6,135.0,20,0,0,0.8660254037844386,0.5000000000000001,0.4433497536945813,1,52.0,8.666666666666666,2.272125885509337,0.0,0.0,30.45
9,19.0,3.0,10.0,1.0,0,1,Mumbai,"Maha Transco – Maharashtra State Electricity Transmission Co, Ltd.",373,9.2,3431.6,270.3,2486.7599999999998,1.3,3431.6,135.0,20,0,0,0.49999999999999994,0.8660254037844387,0.49944506104328523,1,42.0,7.0,2.322387720290225,0.0,0.0,20.792307692307695
14,23.0,3.0,8.0,1.0,0,3,Kolkata,Ratnagiri Gas and Power Pvt. Ltd. (RGPPL),426,8.7,3706.2,292.8,2547.3599999999997,1.3,3706.2,135.0,30,6,1,1.0,6.123233995736766e-17,0.4610655737704918,1,49.0,8.166666666666666,2.272125885509337,810.0,810.0,16.266666666666666
15,22.0,3.0,14.0,1.0,0,1,Kolkata,Neueon Towers / Sujana Towers Ltd.,461,8.7,4010.7,308.4,2683.0799999999995,1.3,4010.7,135.0,20,0,0,0.49999999999999994,0.8660254037844387,0.43774319066147865,1,55.0,9.166666666666666,2.272125885509337,0.0,0.0,16.23157894736842
8,19.0,3.0,10.0,1.0,0,9,Vadodara,NHPC,346,7.8,2698.8,268.2,2091.96,1.290082028337062,2698.8,135.0,32,8,2,-1.0,-1.8369701987210297e-16,0.5033557046979866,1,41.0,6.833333333333333,2.174751721484161,1080.0,1080.0,22.349999999999998
5,20.0,3.0,15.0,1.0,0,11,Mumbai,NTPC Pvt. Ltd.,369,9.2,3394.8,281.4,2588.8799999999997,1.3,3394.8,135.0,28,4,3,-0.5000000000000004,0.8660254037844384,0.4797441364605544,1,44.0,7.333333333333333,2.322387720290225,540.0,540.0,31.266666666666666
22,23.0,2.0,6.0,1.0,0,11,Dahej,NHPC,377,7.6,2865.2,258.6,1965.3600000000001,1.3,2865.2,90.0,28,4,3,-0.5000000000000004,0.8660254037844384,0.34802784222737815,0,54.0,9.0,2.151762203259462,360.0,360.0,10.344000000000001
11,23.0,3.0,14.0,1.0,0,2,Pune,Bonfiglioli Transmission Pvt. Ltd.,399,9.1,3630.9,304.5,2770.95,1.3,3630.9,135.0,20,0,0,0.8660254037844386,0.5000000000000001,0.4433497536945813,1,52.0,8.666666666666666,2.312535423847214,0.0,0.0,20.3
22,22.0,3.0,3.0,1.0,0,3,Nagpur,L&T Transmission & Distribution,404,8.9,3595.6000000000004,290.1,2581.8900000000003,1.3,3595.6000000000004,135.0,30,6,1,1.0,6.123233995736766e-17,0.46535677352637017,1,51.0,8.5,2.2925347571405443,810.0,810.0,11.157692307692308
12,23.0,3.0,15.0,1.0,0,2,Ratnagiri,Orient Green,438,7.4,3241.2000000000003,309.6,2291.0400000000004,1.3,3241.2000000000003,135.0,20,0,0,0.8660254037844386,0.5000000000000001,0.4360465116279069,1,54.0,9.0,2.128231705849268,0.0,0.0,19.35
9,23.0,3.0,21.0,1.0,0,2,Gurgaon,Neueon Towers / Sujana Towers Ltd.,458,8.3,3801.400000000001,321.3,2666.7900000000004,1.3,3801.400000000001,135.0,20,0,0,0.8660254037844386,0.5000000000000001,0.42016806722689076,1,57.0,9.5,2.2300144001592104,0.0,0.0,24.715384615384615
8,20.0,2.0,10.0,1.0,0,6,Shimla,Indowind Energy,337,7.7,2594.9,227.7,1753.29,1.3,2594.9,90.0,38,14,2,1.2246467991473532e-16,-1.0,0.3952569169960474,0,41.0,6.833333333333333,2.163323025660538,1260.0,1260.0,20.7
8,23.0,3.0,5.0,1.0,0,2,Shimla,Ratnagiri Gas and Power Pvt. Ltd. (RGPPL),378,7.7,2910.6,271.2,2088.24,1.3,2910.6,135.0,20,0,0,0.8660254037844386,0.5000000000000001,0.497787610619469,1,40.0,6.666666666666667,2.163323025660538,0.0,0.0,22.599999999999998
12,22.0,2.0,4.0,1.0,0,4,Navi Mumbai,JSW Energy Ltd.,294,9.3,2734.2000000000003,227.1,2112.03,1.2945838837516512,2734.2000000000003,90.0,30,6,1,0.8660254037844387,-0.4999999999999998,0.39630118890356675,0,41.0,6.833333333333333,2.33214389523559,540.0,540.0,15.139999999999999
20,23.0,3.0,4.0,1.0,0,3,Gurgaon,Unitech Power Transmission Ltd.,396,8.3,3286.8,293.4,2435.22,1.3,3286.8,135.0,30,6,1,1.0,6.123233995736766e-17,0.4601226993865031,1,51.0,8.5,2.2300144001592104,810.0,810.0,12.225
13,22.0,2.0,5.0,1.0,0,12,Noida,Torrent Power Ltd.,341,8.2,2796.2,232.2,1904.0399999999997,1.3,2796.2,90.0,20,0,0,-2.4492935982947064e-16,1.0,0.3875968992248062,0,43.0,7.166666666666667,2.2192034840549946,0.0,0.0,14.5125
18,22.0,3.0,7.0,1.0,0,5,Kolkata,Adani Power Ltd.,415,8.7,3610.5,293.7,2555.1899999999996,1.3,3610.5,135.0,38,14,1,0.49999999999999994,-0.8660254037844387,0.4596527068437181,1,51.0,8.5,2.272125885509337,1890.0,1890.0,13.35
16,23.0,3.0,6.0,1.0,0,12,Gurgaon,Torrent Power Ltd.,403,8.3,3344.9,291.0,2415.3,1.3,3344.9,135.0,20,0,0,-2.4492935982947064e-16,1.0,0.4639175257731959,1,49.0,8.166666666666666,2.2300144001592104,0.0,0.0,14.55
6,18.0,3.0,21.0,1.0,0,11,Mumbai,NLC India,437,9.2,4020.4,292.5,2691.0,1.3,4020.4,135.0,28,4,3,-0.5000000000000004,0.8660254037844384,0.46153846153846156,1,49.0,8.166666666666666,2.322387720290225,540.0,540.0,29.25
9,20.0,3.0,11.0,7.0,0,9,Kolkata,Reliance Energy,410,8.7,3566.9999999999995,283.2,2463.8399999999997,1.3,3566.9999999999995,135.0,32,8,2,-1.0,-1.8369701987210297e-16,0.4766949152542373,1,50.0,8.333333333333334,2.272125885509337,1080.0,1080.0,21.784615384615385
7,17.0,2.0,12.0,1.0,0,3,Noida,JSW Energy Ltd.,288,8.2,2361.6,218.1,1788.4199999999998,1.3,2361.6,90.0,30,6,1,1.0,6.123233995736766e-17,0.4126547455295736,1,39.0,6.5,2.2192034840549946,540.0,540.0,21.81
11,23.0,2.0,8.0,1.0,0,6,Noida,SJVN Ltd.,339,8.2,2779.8,241.5,1980.2999999999997,1.3,2779.8,90.0,38,14,2,1.2246467991473532e-16,-1.0,0.37267080745341613,0,45.0,7.5,2.2192034840549946,1260.0,1260.0,17.25
17,22.0,3.0,9.0,1.0,0,8,Mumbai,JSW Energy Ltd.,428,9.2,3937.6,297.6,2737.92,1.3,3937.6,135.0,32,8,2,-0.8660254037844385,-0.5000000000000004,0.4536290322580645,1,52.0,8.666666666666666,2.322387720290225,1080.0,1080.0,14.171428571428573
18,23.0,3.0,3.0,1.0,0,7,Dahej,Reliance Power,388,7.6,2948.8,286.2,2175.12,1.3,2948.8,135.0,32,8,2,-0.4999999999999997,-0.8660254037844388,0.4716981132075472,1,48.0,8.0,2.151762203259462,1080.0,1080.0,13.009090909090908
10,19.0,2.0,14.0,1.0,0,2,Ahmedabad,JSW Energy Ltd.,309,7.9,2441.1,239.4,1891.2600000000002,1.2907268170426063,2441.1,90.0,20,0,0,0.8660254037844386,0.5000000000000001,0.37593984962406013,0,46.0,7.666666666666667,2.186051276738094,0.0,0.0,18.415384615384617
5,21.0,2.0,6.0,1.0,0,10,Navi Mumbai,Kalpataru Power,265,9.3,2464.5,213.9,1989.2700000000002,1.238896680691912,2464.5,90.0,28,4,3,-0.8660254037844386,0.5000000000000001,0.42075736325385693,1,35.0,5.833333333333333,2.33214389523559,360.0,360.0,26.7375
5,18.0,2.0,8.0,1.0,0,9,Mumbai,Reliance Power,259,9.2,2382.8,206.4,1898.8799999999999,1.2548449612403103,2382.8,90.0,32,8,2,-1.0,-1.8369701987210297e-16,0.436046511627907,1,34.0,5.666666666666667,2.322387720290225,720.0,720.0,25.8
8,21.0,3.0,19.0,1.0,0,2,Navi Mumbai,NLC India,422,9.3,3924.6,304.2,2829.06,1.3,3924.6,135.0,20,0,0,0.8660254037844386,0.5000000000000001,0.4437869822485207,1,52.0,8.666666666666666,2.33214389523559,0.0,0.0,25.349999999999998
9,18.0,3.0,22.0,1.0,0,2,Ahmedabad,Indowind Energy,450,7.9,3555.0,301.8,2384.2200000000003,1.3,3555.0,135.0,20,0,0,0.8660254037844386,0.5000000000000001,0.44731610337972166,1,53.0,8.833333333333334,2.186051276738094,0.0,0.0,23.215384615384615
7,19.0,3.0,8.0,1.0,0,6,Navi Mumbai,Sunil Hitech Eng,390,9.3,3627.000000000001,260.1,2418.9300000000003,1.3,3627.000000000001,135.0,38,14,2,1.2246467991473532e-16,-1.0,0.5190311418685121,1,38.0,6.333333333333333,2.33214389523559,1890.0,1890.0,23.645454545454548
11,22.0,3.0,9.0,1.0,0,11,Dahej,Neueon Towers / Sujana Towers Ltd.,363,7.6,2758.8,285.0,2166.0,1.273684210526316,2758.8,135.0,28,4,3,-0.5000000000000004,0.8660254037844384,0.47368421052631576,1,46.0,7.666666666666667,2.151762203259462,540.0,540.0,19.0
7,20.0,3.0,19.0,1.0,0,9,Ratnagiri,Sunil Hitech Eng,443,7.4,3278.2000000000003,297.6,2202.2400000000002,1.3,3278.2000000000003,135.0,32,8,2,-1.0,-1.8369701987210297e-16,0.4536290322580645,1,50.0,8.333333333333334,2.128231705849268,1080.0,1080.0,27.05454545454546
6,20.0,3.0,21.0,1.0,0,2,Kolkata,Bonfiglioli Transmission Pvt. Ltd.,452,8.7,3932.4,301.5,2623.0499999999997,1.3,3932.4,135.0,20,0,0,0.8660254037844386,0.5000000000000001,0.44776119402985076,1,51.0,8.5,2.272125885509337,0.0,0.0,30.15
12,23.0,3.0,7.0,1.0,0,9,New Delhi,Bonfiglioli Transmission Pvt. Ltd.,375,8.5,3187.5,285.6,2427.6000000000004,1.3,3187.5,135.0,32,8,2,-1.0,-1.8369701987210297e-16,0.4726890756302521,1,46.0,7.666666666666667,2.2512917986064953,1080.0,1080.0,17.85
7,23.0,3.0,7.0,1.0,0,4,Kolkata,Indowind Energy,376,8.7,3271.2,275.1,2393.37,1.3,3271.2,135.0,30,6,1,0.8660254037844387,-0.4999999999999998,0.4907306434023991,1,41.0,6.833333333333333,2.272125885509337,810.0,810.0,25.00909090909091
6,23.0,3.0,10.0,1.0,0,12,Nagpur,Bonfiglioli Transmission Pvt. Ltd.,384,8.9,3417.6000000000004,282.0,2509.8,1.3,3417.6000000000004,135.0,20,0,0,-2.4492935982947064e-16,1.0,0.4787234042553192,1,43.0,7.166666666666667,2.2925347571405443,0.0,0.0,28.2
8,23.0,3.0,16.0,1.0,0,9,New Delhi,Sterlite Power Transmission Ltd,433,8.5,3680.5,304.2,2585.7,1.3,3680.5,135.0,32,8,2,-1.0,-1.8369701987210297e-16,0.4437869822485207,1,51.0,8.5,2.2512917986064953,1080.0,1080.0,25.349999999999998
19,22.0,3.0,4.0,1.0,0,8,Shimla,Unitech Power Transmission Ltd.,388,7.7,2987.6,286.8,2208.36,1.3,2987.6,135.0,32,8,2,-0.8660254037844385,-0.5000000000000004,0.4707112970711297,1,49.0,8.166666666666666,2.163323025660538,1080.0,1080.0,12.469565217391304
14,23.0,3.0,7.0,1.0,0,5,New Delhi,Jaiprakash Power,431,8.5,3663.5,289.8,2463.3,1.3,3663.5,135.0,38,14,1,0.49999999999999994,-0.8660254037844387,0.4658385093167702,1,48.0,8.0,2.2512917986064953,1890.0,1890.0,16.1
5,21.0,3.0,20.0,1.0,0,12,Noida,SJVN Ltd.,423,8.2,3468.6,300.9,2467.3799999999997,1.3,3468.6,135.0,20,0,0,-2.4492935982947064e-16,1.0,0.448654037886341,1,50.0,8.333333333333334,2.2192034840549946,0.0,0.0,33.43333333333333
6,19.0,1.0,3.0,7.0,0,9,Nagpur,L&T Transmission & Distribution,229,8.9,2038.1,158.4,1409.7600000000002,1.3,2038.1,45.0,32,8,2,-1.0,-1.8369701987210297e-16,0.28409090909090906,0,36.0,6.0,2.2925347571405443,360.0,360.0,19.8
16,23.0,3.0,6.0,1.0,0,12,Mumbai,Guj Ind Power,404,9.2,3716.8,291.0,2677.2,1.3,3716.8,135.0,20,0,0,-2.4492935982947064e-16,1.0,0.4639175257731959,1,49.0,8.166666666666666,2.322387720290225,0.0,0.0,14.55
9,18.0,2.0,6.0,1.0,0,5,New Delhi,Guj Ind Power,279,8.5,2371.5,208.8,1774.8000000000002,1.3,2371.5,90.0,38,14,1,0.49999999999999994,-0.8660254037844387,0.43103448275862066,1,36.0,6.0,2.2512917986064953,1260.0,1260.0,17.400000000000002
5,23.0,3.0,5.0,1.0,0,3,Chennai,SJVN Ltd.,375,8.8,3300.0000000000005,264.9,2331.12,1.3,3300.0000000000005,135.0,30,6,1,1.0,6.123233995736766e-17,0.5096262740656852,1,37.0,6.166666666666667,2.2823823856765264,810.0,810.0,29.43333333333333
6,21.0,3.0,15.0,1.0,0,1,Mumbai,Unitech Power Transmission Ltd.,426,9.2,3919.2,288.0,2649.6,1.3,3919.2,135.0,20,0,0,0.49999999999999994,0.8660254037844387,0.46875,1,46.0,7.666666666666667,2.322387720290225,0.0,0.0,28.8
6,17.0,1.0,7.0,1.0,0,9,Faridabad,KEC International,181,8.1,1466.1,156.0,1263.6,1.1602564102564104,1466.1,45.0,32,8,2,-1.0,-1.8369701987210297e-16,0.28846153846153844,0,32.0,5.333333333333333,2.2082744135228043,360.0,360.0,19.5
14,23.0,3.0,15.0,1.0,0,6,Hyderabad,JSW Energy Ltd.,453,8.4,3805.2,313.8,2635.92,1.3,3805.2,135.0,38,14,2,1.2246467991473532e-16,-1.0,0.43021032504780116,1,56.0,9.333333333333334,2.2407096892759584,1890.0,1890.0,17.433333333333334
5,20.0,2.0,3.0,1.0,0,2,Faridabad,Jaiprakash Power,287,8.1,2324.7,200.4,1623.24,1.3,2324.7,90.0,20,0,0,0.8660254037844386,0.5000000000000001,0.4491017964071856,1,31.0,5.166666666666667,2.2082744135228043,0.0,0.0,25.05
8,17.0,2.0,4.0,1.0,0,8,Kolkata,SJVN Ltd.,265,8.7,2305.5,196.2,1706.9399999999998,1.3,2305.5,90.0,32,8,2,-0.8660254037844385,-0.5000000000000004,0.45871559633027525,1,32.0,5.333333333333333,2.272125885509337,720.0,720.0,17.836363636363636
7,17.0,3.0,6.0,1.0,0,1,Mumbai,JSW Energy Ltd.,246,9.2,2263.2,245.1,2254.9199999999996,1.0036719706242352,2263.2,135.0,20,0,0,0.49999999999999994,0.8660254037844387,0.5507955936352509,1,34.0,5.666666666666667,2.322387720290225,0.0,0.0,22.28181818181818
12,22.0,2.0,5.0,1.0,0,6,Navi Mumbai,Bonfiglioli Transmission Pvt. Ltd.,313,9.3,2910.9,230.1,2139.9300000000003,1.3,2910.9,90.0,38,14,2,1.2246467991473532e-16,-1.0,0.39113428943937417,0,42.0,7.0,2.33214389523559,1260.0,1260.0,15.34
22,22.0,3.0,4.0,1.0,0,11,Gurgaon,L&T Transmission & Distribution,401,8.3,3328.3,293.1,2432.7300000000005,1.3,3328.3,135.0,28,4,3,-0.5000000000000004,0.8660254037844384,0.4605936540429887,1,52.0,8.666666666666666,2.2300144001592104,540.0,540.0,11.273076923076925
11,23.0,3.0,9.0,1.0,0,2,Ratnagiri,Guj Ind Power,395,7.4,2923.0,289.5,2142.3,1.3,2923.0,135.0,20,0,0,0.8660254037844386,0.5000000000000001,0.46632124352331605,1,47.0,7.833333333333333,2.128231705849268,0.0,0.0,19.3
13,22.0,3.0,3.0,1.0,0,5,Shimla,Orient Green,368,7.7,2833.6,271.2,2088.24,1.3,2833.6,135.0,38,14,1,0.49999999999999994,-0.8660254037844387,0.497787610619469,1,42.0,7.0,2.163323025660538,1890.0,1890.0,15.952941176470588
6,17.0,3.0,12.0,1.0,0,7,Navi Mumbai,Sterlite Power Transmission Ltd,336,9.3,3124.8,261.0,2427.3,1.2873563218390804,3124.8,135.0,32,8,2,-0.4999999999999997,-0.8660254037844388,0.5172413793103449,1,39.0,6.5,2.33214389523559,1080.0,1080.0,26.1
5,18.0,3.0,13.0,1.0,0,5,Nagpur,Reliance Energy,390,8.9,3471.0,266.4,2370.96,1.3,3471.0,135.0,38,14,1,0.49999999999999994,-0.8660254037844387,0.5067567567567568,1,40.0,6.666666666666667,2.2925347571405443,1890.0,1890.0,29.599999999999998
9,20.0,2.0,3.0,1.0,0,8,Mumbai,NTPC Pvt. Ltd.,277,9.2,2548.4,208.8,1920.96,1.3,2548.4,90.0,32,8,2,-0.8660254037844385,-0.5000000000000004,0.43103448275862066,1,35.0,5.833333333333333,2.322387720290225,720.0,720.0,17.400000000000002
14,22.0,3.0,7.0,1.0,0,12,Vadodara,Reliance Energy,414,7.8,3229.2,285.3,2225.34,1.3,3229.2,135.0,20,0,0,-2.4492935982947064e-16,1.0,0.47318611987381703,1,47.0,7.833333333333333,2.174751721484161,0.0,0.0,15.850000000000001
10,17.0,3.0,13.0,7.0,0,9,Faridabad,Adani Power Ltd.,395,8.1,3199.5,277.8,2250.18,1.3,3199.5,135.0,32,8,2,-1.0,-1.8369701987210297e-16,0.48596112311015116,1,50.0,8.333333333333334,2.2082744135228043,1080.0,1080.0,19.842857142857145
9,22.0,2.0,8.0,1.0,0,8,Shimla,Reliance Power,319,7.7,2456.3,232.8,1792.5600000000002,1.3,2456.3,90.0,32,8,2,-0.8660254037844385,-0.5000000000000004,0.38659793814432986,0,42.0,7.0,2.163323025660538,720.0,720.0,19.400000000000002
11,23.0,2.0,12.0,1.0,0,11,Chennai,KEC International,375,8.8,3300.0000000000005,253.5,2230.8,1.3,3300.0000000000005,90.0,28,4,3,-0.5000000000000004,0.8660254037844384,0.35502958579881655,0,49.0,8.166666666666666,2.2823823856765264,360.0,360.0,18.107142857142858
17,23.0,3.0,15.0,1.0,0,2,Kolkata,TransRail Lighting,452,8.7,3932.4,320.1,2784.87,1.3,3932.4,135.0,20,0,0,0.8660254037844386,0.5000000000000001,0.42174320524835984,1,59.0,9.833333333333334,2.272125885509337,0.0,0.0,15.242857142857144
9,17.0,3.0,19.0,1.0,0,2,Shimla,Power Grid Corp,320,7.7,2464.0,288.3,2219.9100000000003,1.109954908081859,2464.0,135.0,20,0,0,0.8660254037844386,0.5000000000000001,0.46826222684703434,1,49.0,8.166666666666666,2.163323025660538,0.0,0.0,22.176923076923078
5,17.0,3.0,10.0,1.0,0,4,Ahmedabad,Optibelt Power Transmission India Private Limited,274,7.9,2164.6,252.9,1997.91,1.0834321866350336,2164.6,135.0,30,6,1,0.8660254037844387,-0.4999999999999998,0.5338078291814946,1,36.0,6.0,2.186051276738094,810.0,810.0,28.1
12,23.0,3.0,11.0,1.0,0,6,Shimla,Bonfiglioli Transmission Pvt. Ltd.,397,7.7,3056.9,297.6,2291.5200000000004,1.3,3056.9,135.0,38,14,2,1.2246467991473532e-16,-1.0,0.4536290322580645,1,50.0,8.333333333333334,2.163323025660538,1890.0,1890.0,18.6
6,23.0,1.0,3.0,1.0,0,2,New Delhi,Guj Ind Power,211,8.5,1793.5,171.0,1453.5,1.2339181286549707,1793.5,45.0,20,0,0,0.8660254037844386,0.5000000000000001,0.2631578947368421,0,34.0,5.666666666666667,2.2512917986064953,0.0,0.0,21.375
10,18.0,2.0,15.0,1.0,0,11,Noida,Toshiba Transmission & Distribution Systems (India) Pvt. Ltd.,352,8.2,2886.4,237.9,1950.78,1.3,2886.4,90.0,28,4,3,-0.5000000000000004,0.8660254037844384,0.37831021437578816,0,46.0,7.666666666666667,2.2192034840549946,360.0,360.0,18.3
9,17.0,3.0,22.0,1.0,0,8,Hyderabad,NLC India,417,8.4,3502.8,297.3,2497.32,1.3,3502.8,135.0,32,8,2,-0.8660254037844385,-0.5000000000000004,0.45408678102926336,1,52.0,8.666666666666666,2.2407096892759584,1080.0,1080.0,22.86923076923077
5,23.0,1.0,4.0,1.0,0,4,Navi Mumbai,NLC India,242,9.3,2250.6000000000004,171.9,1598.67,1.3,2250.6000000000004,45.0,30,6,1,0.8660254037844387,-0.4999999999999998,0.2617801047120419,0,34.0,5.666666666666667,2.33214389523559,270.0,270.0,24.557142857142857
10,19.0,2.0,4.0,1.0,0,2,Dahej,Ratnagiri Gas and Power Pvt. Ltd. (RGPPL),286,7.6,2173.6,209.4,1591.44,1.3,2173.6,90.0,20,0,0,0.8660254037844386,0.5000000000000001,0.4297994269340974,1,36.0,6.0,2.151762203259462,0.0,0.0,16.107692307692307
6,17.0,3.0,17.0,1.0,0,8,Mumbai,Reliance Power,373,9.2,3431.6,276.0,2539.2,1.3,3431.6,135.0,32,8,2,-0.8660254037844385,-0.5000000000000004,0.4891304347826087,1,44.0,7.333333333333333,2.322387720290225,1080.0,1080.0,27.6
10,17.0,1.0,7.0,1.0,0,4,Ahmedabad,Toshiba Transmission & Distribution Systems (India) Pvt. Ltd.,232,7.9,1832.8,164.4,1298.76,1.3,1832.8,45.0,30,6,1,0.8660254037844387,-0.4999999999999998,0.2737226277372263,0,36.0,6.0,2.186051276738094,270.0,270.0,13.700000000000001
21,23.0,3.0,12.0,1.0,0,9,Kolkata,Sterlite Power Transmission Ltd,456,8.7,3967.2,319.5,2779.6499999999996,1.3,3967.2,135.0,32,8,2,-1.0,-1.8369701987210297e-16,0.4225352112676056,1,60.0,10.0,2.272125885509337,1080.0,1080.0,12.78
10,19.0,3.0,18.0,1.0,0,10,Kolkata,CESC,414,8.7,3601.8,296.4,2578.6799999999994,1.3,3601.8,135.0,28,4,3,-0.8660254037844386,0.5000000000000001,0.45546558704453444,1,51.0,8.5,2.272125885509337,540.0,540.0,21.17142857142857
6,20.0,3.0,16.0,1.0,0,12,Nagpur,Indowind Energy,427,8.9,3800.3,286.5,2549.85,1.3,3800.3,135.0,20,0,0,-2.4492935982947064e-16,1.0,0.4712041884816754,1,46.0,7.666666666666667,2.2925347571405443,0.0,0.0,28.65
10,19.0,3.0,21.0,1.0,0,9,Ratnagiri,GE T&D India Limited,456,7.4,3374.4,305.4,2259.96,1.3,3374.4,135.0,32,8,2,-1.0,-1.8369701987210297e-16,0.4420432220039293,1,54.0,9.0,2.128231705849268,1080.0,1080.0,21.814285714285713
7,20.0,3.0,4.0,1.0,0,5,Chennai,Ratnagiri Gas and Power Pvt. Ltd. (RGPPL),276,8.8,2428.8,252.6,2222.88,1.0926365795724466,2428.8,135.0,38,14,1,0.49999999999999994,-0.8660254037844387,0.5344418052256532,1,35.0,5.833333333333333,2.2823823856765264,1890.0,1890.0,22.963636363636365
23,23.0,3.0,5.0,1.0,0,2,Navi Mumbai,GE T&D India Limited,431,9.3,4008.3,302.7,2815.11,1.3,4008.3,135.0,20,0,0,0.8660254037844386,0.5000000000000001,0.445986124876115,1,55.0,9.166666666666666,2.33214389523559,0.0,0.0,11.21111111111111
11,22.0,3.0,9.0,1.0,0,5,Shimla,Indowind Energy,415,7.7,3195.5,285.0,2194.5,1.3,3195.5,135.0,38,14,1,0.49999999999999994,-0.8660254037844387,0.47368421052631576,1,46.0,7.666666666666667,2.163323025660538,1890.0,1890.0,19.0
14,23.0,3.0,4.0,1.0,0,10,Chennai,NTPC Pvt. Ltd.,419,8.8,3687.2,280.8,2471.0400000000004,1.3,3687.2,135.0,28,4,3,-0.8660254037844386,0.5000000000000001,0.4807692307692307,1,45.0,7.5,2.2823823856765264,540.0,540.0,15.600000000000001
9,19.0,3.0,3.0,7.0,0,9,Ratnagiri,Guj Ind Power,308,7.4,2279.2000000000003,254.7,1884.78,1.209265802905379,2279.2000000000003,135.0,32,8,2,-1.0,-1.8369701987210297e-16,0.5300353356890459,1,41.0,6.833333333333333,2.128231705849268,1080.0,1080.0,19.592307692307692
5,23.0,2.0,3.0,1.0,0,2,Chennai,"Maha Transco – Maharashtra State Electricity Transmission Co, Ltd.",249,8.8,2191.2000000000003,213.9,1882.3200000000002,1.1640953716690043,2191.2000000000003,90.0,20,0,0,0.8660254037844386,0.5000000000000001,0.42075736325385693,1,34.0,5.666666666666667,2.2823823856765264,0.0,0.0,26.7375
6,17.0,3.0,8.0,1.0,0,12,Shimla,Ringfeder Power Transmission India Pvt. Ltd.,351,7.7,2702.7000000000003,249.0,1917.3,1.3,2702.7000000000003,135.0,20,0,0,-2.4492935982947064e-16,1.0,0.5421686746987951,1,35.0,5.833333333333333,2.163323025660538,0.0,0.0,24.9
7,19.0,2.0,4.0,1.0,0,3,Navi Mumbai,Sunil Hitech Eng,297,9.3,2762.1000000000004,203.1,1888.8300000000002,1.3,2762.1000000000004,90.0,30,6,1,1.0,6.123233995736766e-17,0.4431314623338257,1,33.0,5.5,2.33214389523559,540.0,540.0,20.31
5,23.0,3.0,4.0,1.0,0,1,Mumbai,"Maha Transco – Maharashtra State Electricity Transmission Co, Ltd.",371,9.2,3413.2,261.9,2409.4799999999996,1.3,3413.2,135.0,20,0,0,0.49999999999999994,0.8660254037844387,0.5154639175257733,1,36.0,6.0,2.322387720290225,0.0,0.0,29.099999999999998
13,22.0,3.0,3.0,1.0,0,7,Chennai,KEC International,345,8.8,3036.0000000000005,271.2,2386.56,1.2721238938053099,3036.0000000000005,135.0,32,8,2,-0.4999999999999997,-0.8660254037844388,0.497787610619469,1,42.0,7.0,2.2823823856765264,1080.0,1080.0,15.952941176470588
5,18.0,2.0,10.0,1.0,0,8,Chennai,"Maha Transco – Maharashtra State Electricity Transmission Co, Ltd.",295,8.8,2596.0,212.4,1869.1200000000001,1.3,2596.0,90.0,32,8,2,-0.8660254037844385,-0.5000000000000004,0.423728813559322,1,36.0,6.0,2.2823823856765264,720.0,720.0,26.55
5,17.0,3.0,12.0,1.0,0,8,Ahmedabad,TransRail Lighting,366,7.9,2891.4,258.9,2045.31,1.3,2891.4,135.0,32,8,2,-0.8660254037844385,-0.5000000000000004,0.5214368482039398,1,38.0,6.333333333333333,2.186051276738094,1080.0,1080.0,28.766666666666666
7,18.0,2.0,16.0,1.0,0,7,Vadodara,JSW Energy Ltd.,347,7.8,2706.6,234.6,1829.8799999999999,1.3,2706.6,90.0,32,8,2,-0.4999999999999997,-0.8660254037844388,0.3836317135549872,0,44.0,7.333333333333333,2.174751721484161,720.0,720.0,23.46
23,22.0,3.0,6.0,1.0,0,9,Pune,Reliance Power,441,9.1,4013.1,301.2,2740.9199999999996,1.3,4013.1,135.0,32,8,2,-1.0,-1.8369701987210297e-16,0.448207171314741,1,55.0,9.166666666666666,2.312535423847214,1080.0,1080.0,11.155555555555555
11,22.0,2.0,15.0,1.0,0,9,Navi Mumbai,"Maha Transco – Maharashtra State Electricity Transmission Co, Ltd.",383,9.3,3561.9,258.0,2399.4,1.3,3561.9,90.0,32,8,2,-1.0,-1.8369701987210297e-16,0.3488372093023256,0,51.0,8.5,2.33214389523559,720.0,720.0,18.428571428571427
9,19.0,2.0,8.0,1.0,0,11,Dahej,JSW Energy Ltd.,320,7.6,2432.0,219.3,1666.68,1.3,2432.0,90.0,28,4,3,-0.5000000000000004,0.8660254037844384,0.4103967168262654,1,39.0,6.5,2.151762203259462,360.0,360.0,18.275000000000002
7,20.0,3.0,14.0,1.0,0,12,Gurgaon,CESC,400,8.3,3320.0000000000005,282.6,2345.5800000000004,1.3,3320.0000000000005,135.0,20,0,0,-2.4492935982947064e-16,1.0,0.4777070063694267,1,45.0,7.5,2.2300144001592104,0.0,0.0,25.69090909090909
14,22.0,3.0,3.0,1.0,0,9,Gurgaon,NHPC,375,8.3,3112.5000000000005,273.3,2268.3900000000003,1.3,3112.5000000000005,135.0,32,8,2,-1.0,-1.8369701987210297e-16,0.49396267837541163,1,43.0,7.166666666666667,2.2300144001592104,1080.0,1080.0,15.183333333333334
10,23.0,3.0,4.0,1.0,0,9,Ratnagiri,Power Grid Corp,344,7.4,2545.6,272.4,2015.76,1.262848751835536,2545.6,135.0,32,8,2,-1.0,-1.8369701987210297e-16,0.4955947136563877,1,41.0,6.833333333333333,2.128231705849268,1080.0,1080.0,19.457142857142856
5,23.0,1.0,3.0,1.0,0,1,Navi Mumbai,Unitech Power Transmission Ltd.,234,9.3,2176.2000000000003,168.9,1570.7700000000002,1.3,2176.2000000000003,45.0,20,0,0,0.49999999999999994,0.8660254037844387,0.2664298401420959,0,33.0,5.5,2.33214389523559,0.0,0.0,24.12857142857143
10,21.0,3.0,8.0,7.0,0,11,Faridabad,Ringfeder Power Transmission India Pvt. Ltd.,380,8.1,3078.0,280.8,2274.48,1.3,3078.0,135.0,28,4,3,-0.5000000000000004,0.8660254037844384,0.4807692307692307,1,49.0,8.166666666666666,2.2082744135228043,540.0,540.0,20.057142857142857
5,19.0,3.0,7.0,1.0,0,11,Navi Mumbai,CESC,298,9.3,2771.4,252.9,2351.9700000000003,1.1783313562672992,2771.4,135.0,28,4,3,-0.5000000000000004,0.8660254037844384,0.5338078291814946,1,35.0,5.833333333333333,2.33214389523559,540.0,540.0,28.1
7,18.0,3.0,10.0,7.0,0,7,Navi Mumbai,Jaiprakash Power,349,9.3,3245.7000000000003,267.0,2483.1000000000004,1.3,3245.7000000000003,135.0,32,8,2,-0.4999999999999997,-0.8660254037844388,0.5056179775280899,1,45.0,7.5,2.33214389523559,1080.0,1080.0,24.272727272727273
6,18.0,3.0,3.0,1.0,0,5,Shimla,Ringfeder Power Transmission India Pvt. Ltd.,339,7.7,2610.3,238.5,1836.45,1.3,2610.3,135.0,38,14,1,0.49999999999999994,-0.8660254037844387,0.5660377358490566,1,31.0,5.166666666666667,2.163323025660538,1890.0,1890.0,23.85
22,22.0,1.0,5.0,1.0,0,2,Gurgaon,Optibelt Power Transmission India Private Limited,301,8.3,2498.3,206.1,1710.63,1.3,2498.3,45.0,20,0,0,0.8660254037844386,0.5000000000000001,0.2183406113537118,0,51.0,8.5,2.2300144001592104,0.0,0.0,8.5875
8,20.0,2.0,6.0,1.0,0,11,Nagpur,NTPC Pvt. Ltd.,316,8.9,2812.4,215.7,1919.73,1.3,2812.4,90.0,28,4,3,-0.5000000000000004,0.8660254037844384,0.41724617524339364,1,37.0,6.166666666666667,2.2925347571405443,360.0,360.0,19.60909090909091
6,19.0,1.0,10.0,1.0,0,2,Dahej,Reliance Power,241,7.6,1831.6,174.0,1322.3999999999999,1.3,1831.6,45.0,20,0,0,0.8660254037844386,0.5000000000000001,0.25862068965517243,0,37.0,6.166666666666667,2.151762203259462,0.0,0.0,21.75
17,23.0,3.0,11.0,1.0,0,5,Ratnagiri,Adani Power Ltd.,447,7.4,3307.8,308.1,2279.94,1.3,3307.8,135.0,38,14,1,0.49999999999999994,-0.8660254037844387,0.43816942551119764,1,55.0,9.166666666666666,2.128231705849268,1890.0,1890.0,14.671428571428573
5,17.0,1.0,5.0,1.0,0,12,Mumbai,NHPC,213,9.2,1959.6,147.9,1360.6799999999998,1.3,1959.6,45.0,20,0,0,-2.4492935982947064e-16,1.0,0.3042596348884381,0,29.0,4.833333333333333,2.322387720290225,0.0,0.0,21.12857142857143
13,22.0,3.0,5.0,1.0,0,4,Faridabad,Jyoti Structure,371,8.1,3005.1,277.2,2245.3199999999997,1.3,3005.1,135.0,30,6,1,0.8660254037844387,-0.4999999999999998,0.487012987012987,1,44.0,7.333333333333333,2.2082744135228043,810.0,810.0,16.305882352941175
9,18.0,3.0,14.0,1.0,0,10,Kolkata,Unitech Power Transmission Ltd.,382,8.7,3323.4,277.8,2416.86,1.3,3323.4,135.0,28,4,3,-0.8660254037844386,0.5000000000000001,0.48596112311015116,1,45.0,7.5,2.272125885509337,540.0,540.0,21.36923076923077
6,21.0,2.0,5.0,1.0,0,7,Pune,SJVN Ltd.,259,9.1,2356.9,213.0,1938.3,1.215962441314554,2356.9,90.0,32,8,2,-0.4999999999999997,-0.8660254037844388,0.4225352112676056,1,35.0,5.833333333333333,2.312535423847214,720.0,720.0,23.666666666666668
13,23.0,2.0,4.0,1.0,0,5,Hyderabad,SJVN Ltd.,328,8.4,2755.2000000000003,233.7,1963.08,1.3,2755.2000000000003,90.0,38,14,1,0.49999999999999994,-0.8660254037844387,0.38510911424903727,0,43.0,7.166666666666667,2.2407096892759584,1260.0,1260.0,14.60625
11,23.0,2.0,10.0,1.0,0,9,Gurgaon,Reliance Energy,364,8.3,3021.2000000000003,247.5,2054.25,1.3,3021.2000000000003,90.0,32,8,2,-1.0,-1.8369701987210297e-16,0.36363636363636365,0,47.0,7.833333333333333,2.2300144001592104,720.0,720.0,17.678571428571427
8,23.0,2.0,3.0,1.0,0,3,Noida,Sterlite Power Transmission Ltd,304,8.2,2492.8,220.2,1805.6399999999996,1.3,2492.8,90.0,30,6,1,1.0,6.123233995736766e-17,0.40871934604904636,1,37.0,6.166666666666667,2.2192034840549946,540.0,540.0,20.018181818181816
7,17.0,3.0,13.0,1.0,0,6,Dahej,Torrent Power Ltd.,290,7.6,2204.0,266.1,2022.3600000000001,1.0898158586997369,2204.0,135.0,38,14,2,1.2246467991473532e-16,-1.0,0.5073280721533258,1,41.0,6.833333333333333,2.151762203259462,1890.0,1890.0,24.19090909090909
9,18.0,3.0,3.0,1.0,0,11,Mumbai,Sunil Hitech Eng,309,9.2,2842.8,244.8,2252.16,1.2622549019607845,2842.8,135.0,28,4,3,-0.5000000000000004,0.8660254037844384,0.551470588235294,1,34.0,5.666666666666667,2.322387720290225,540.0,540.0,18.83076923076923
7,19.0,2.0,5.0,1.0,0,7,Dahej,Ratnagiri Gas and Power Pvt. Ltd. (RGPPL),293,7.6,2226.8,206.1,1566.36,1.3,2226.8,90.0,32,8,2,-0.4999999999999997,-0.8660254037844388,0.4366812227074236,1,34.0,5.666666666666667,2.151762203259462,720.0,720.0,20.61
10,18.0,2.0,11.0,1.0,0,2,Faridabad,NHPC,334,8.1,2705.4,225.9,1829.79,1.3,2705.4,90.0,20,0,0,0.8660254037844386,0.5000000000000001,0.398406374501992,0,42.0,7.0,2.2082744135228043,0.0,0.0,17.376923076923077
10,17.0,3.0,17.0,1.0,0,3,Navi Mumbai,Sunil Hitech Eng,403,9.3,3747.9,284.4,2644.92,1.3,3747.9,135.0,30,6,1,1.0,6.123233995736766e-17,0.4746835443037975,1,48.0,8.0,2.33214389523559,810.0,810.0,20.314285714285713
7,17.0,3.0,19.0,1.0,0,10,Ratnagiri,NHPC,362,7.4,2678.8,284.1,2102.34,1.27419922562478,2678.8,135.0,28,4,3,-0.8660254037844386,0.5000000000000001,0.4751847940865892,1,47.0,7.833333333333333,2.128231705849268,540.0,540.0,25.827272727272728
8,20.0,3.0,10.0,1.0,0,1,Kolkata,Torrent Power Ltd.,385,8.7,3349.4999999999995,272.7,2372.49,1.3,3349.4999999999995,135.0,20,0,0,0.49999999999999994,0.8660254037844387,0.49504950495049505,1,42.0,7.0,2.272125885509337,0.0,0.0,22.724999999999998
9,18.0,3.0,4.0,1.0,0,7,Nagpur,KEC International,328,8.9,2919.2000000000003,247.8,2205.42,1.3,2919.2000000000003,135.0,32,8,2,-0.4999999999999997,-0.8660254037844388,0.5447941888619855,1,35.0,5.833333333333333,2.2925347571405443,1080.0,1080.0,19.06153846153846
8,21.0,2.0,6.0,1.0,0,11,Navi Mumbai,SJVN Ltd.,266,9.3,2473.8,220.2,2047.8600000000001,1.2079927338782925,2473.8,90.0,28,4,3,-0.5000000000000004,0.8660254037844384,0.40871934604904636,1,38.0,6.333333333333333,2.33214389523559,360.0,360.0,20.018181818181816
5,21.0,3.0,5.0,1.0,0,9,Vadodara,NTPC Pvt. Ltd.,382,7.8,2979.6,255.9,1996.02,1.3,2979.6,135.0,32,8,2,-1.0,-1.8369701987210297e-16,0.5275498241500586,1,35.0,5.833333333333333,2.174751721484161,1080.0,1080.0,28.433333333333334
13,22.0,1.0,4.0,1.0,0,8,Kolkata,Kalpataru Power,276,8.7,2401.2,184.2,1602.5399999999997,1.3,2401.2,45.0,32,8,2,-0.8660254037844385,-0.5000000000000004,0.244299674267101,0,41.0,6.833333333333333,2.272125885509337,360.0,360.0,12.28
